Bath,Bed,City,Half-bath,House_type,Latitude,Listing_type,Longitude,Price,Square_Feet,State,Street,Zip_code,Rent
1,1,Los Angeles,0,Apartment,34.04582,FOR SALE,-118.2606,449000,650,CA,645 9th Street 224,90015,2853
1,1,Chula Vista,0,Condo/Townhome,32.6468,FOR SALE,-117.1,242900,796,CA,695 Sea Vale St 105,91910,1495
1,1,Corona,0,Condo/Townhome,33.9006,FOR SALE,-117.532,230000,724,CA,1980 Las Colinas Circle 204,92879,1614
1,1,Fullerton,1,Condo/Townhome,33.902284,FOR SALE,-117.8824014,350000,831,CA,2757 Quail Ridge Circle #38 #38,92835,1640
1,1,los angeles,0,Condo/Townhome,34.0408,FOR SALE,-118.26319,665000,920,CA,1155 South GRAND Avenue 1605,90015,2853
1,1,los angeles,0,Condo/Townhome,34.04799,FOR SALE,-118.23751,575000,735,CA,100 South ALAMEDA Street 279,90012,2025
1,1,Los Angeles,0,Condo/Townhome,34.0811,FOR SALE,-118.343,475000,622,CA,525 N Sycamore Avenue 430,90036,3200
1,1,Long Beach,0,Condo/Townhome,33.7644,FOR SALE,-118.171,459000,632,CA,1750 E Ocean Boulevard 302,90802,1995
1,1,Ladera Ranch,1,Condo/Townhome,33.5546,FOR SALE,-117.646,425000,1057,CA,51 Sansovino,92694,2259
1,1,Fullerton,0,Condo/Townhome,33.9045,FOR SALE,-117.882,289000,676,CA,3046 Associated Road 43,92835,1640
1,1,Santa Ana,0,Condo/Townhome,33.696,FOR SALE,-117.881,277000,647,CA,1001 W Stevens Avenue 425,92707,1925
1,1,Lake Balboa,0,Condo/Townhome,34.1986,FOR SALE,-118.484,259000,608,CA,7035 Woodley Avenue 118,91406,1950
1,1,Sherman Oaks,0,Condo/Townhome,34.1531,FOR SALE,-118.45384,379000,698,CA,4501 CEDROS Avenue 130,91403,1850
1,1,San Diego,0,Condo/Townhome,32.7828,FOR SALE,-117.112,259900,530,CA,5958 Rancho Mission Rd 209,92108,1760
1,1,Burbank,0,Condo/Townhome,34.1513,FOR SALE,-118.343,449000,768,CA,151 N Maple Street 208,91505,1960
1,1,Oceanside,0,Condo/Townhome,33.2461,FOR SALE,-117.2824,265000,762,CA,5070 Via Manos E,92057,1850
1,1,Santa Clara,0,Condo/Townhome,37.32592,FOR SALE,-121.97147,649000,656,CA,121 Buckingham Dr 46,95051,2333
1,1,Long Beach,0,Condo/Townhome,33.7723,FOR SALE,-118.176,259000,521,CA,416 Orange Avenue 6,90802,1995
1,1,San Diego,0,Condo/Townhome,32.7159,FOR SALE,-117.151,359900,795,CA,1480 Broadway 2319,92101,2645
1,1,San Diego,0,Condo/Townhome,32.9624,FOR SALE,-117.1,285000,572,CA,10369 Azuaga St 159,92129,1825
1,1,Irvine,1,Condo/Townhome,33.6771,FOR SALE,-117.849,619500,1426,CA,513 Rockefeller,92612,2165
1,1,Santa Monica,1,Condo/Townhome,33.99826,FOR SALE,-118.4816,1249000,1081,CA,2960 Neilson Way Unit 204,90405,3394
1,1,San Francisco,0,Condo/Townhome,37.78095,FOR SALE,-122.39155,1095000,1378,CA,650 2nd Street Unit 302,94107,3402
1,1,Coronado,0,Condo/Townhome,32.6806,FOR SALE,-117.179,4500000,1085,CA,1500 Orange Avenue Cottage 10,92118,2305
1,1,Irvine,0,Condo/Townhome,33.6711,FOR SALE,-117.775,400000,814,CA,287 Tangelo 333,92618,1935
2,1,Los Angeles,0,Condo/Townhome,34.10293,FOR SALE,-118.34746,480000,912,CA,7250 Franklin Ave Unit 508,90046,3215
1,1,San Diego,0,Condo/Townhome,32.7128,FOR SALE,-117.156,395000,650,CA,908 G Street 13,92101,2645
2,1,los angeles,0,Condo/Townhome,34.1014,FOR SALE,-118.32545,997000,1320,CA,6250 Hollywood 11b,90028,2265
1,1,Sunnyvale,0,Condo/Townhome,37.392582,FOR SALE,-122.013481,799876,870,CA,601 Arcadia Terrace Unit: 103,94085,3252
1,1,Rancho Santa Margarita,0,Condo/Townhome,33.6182,FOR SALE,-117.613,305000,608,CA,32 Baya,92688,1535
1,1,Murrieta,0,Condo/Townhome,33.5572,FOR SALE,-117.158,174000,762,CA,28661 Via Las Flores 307,92563,1631
1,1,Long Beach,0,Condo/Townhome,33.7736,FOR SALE,-118.176,305000,686,CA,550 Orange Avenue 113,90802,1995
1,1,San Diego,0,Condo/Townhome,32.7669,FOR SALE,-117.18,289900,661,CA,6406 Friars Rd 134,92108,1760
1,1,Corona,0,Condo/Townhome,33.9006,FOR SALE,-117.531,225000,724,CA,2040 Las Colinas Circle 206,92879,1614
1,1,Huntington Beach,0,Condo/Townhome,33.6882,FOR SALE,-117.993,208000,657,CA,18900 Delaware Street 335,92648,2052
1,1,Studio City,1,Condo/Townhome,34.1409,FOR SALE,-118.368,499000,1094,CA,10926 Bluffside Drive 3,91604,2126
1,1,San Diego,0,Condo/Townhome,32.7098,FOR SALE,-117.156,569000,848,CA,427 9th Avenue 1403,92101,2645
2,1,San Francisco,0,Condo/Townhome,37.771652,FOR SALE,-122.411812,1100000,1343,CA,380 10th Street Unit: 18,94103,2964
1,1,Huntington Beach,0,Condo/Townhome,33.715301,FOR SALE,-118.013312,325555,754,CA,6600 Warner Avenue #119,92647,1725
1,1,San Francisco,1,Condo/Townhome,37.783062,FOR SALE,-122.390114,1168000,815,CA,219 Brannan Street Unit: 15A,94107,3402
1,1,Long Beach,0,Condo/Townhome,33.7662,FOR SALE,-118.188,395000,680,CA,388 E Ocean Boulevard 407,90802,1995
1,1,Newport Beach,0,Condo/Townhome,33.6251,FOR SALE,-117.933,324900,561,CA,300 Cagney Lane 111,92663,1705
1,1,Long Beach,0,Condo/Townhome,33.76616,FOR SALE,-118.18812,488000,600,CA,388 East OCEAN 1102,90802,1995
1,1,Walnut Creek,0,Condo/Townhome,37.9139,FOR SALE,-122.058,478000,858,CA,420 N Civic Dr 309,94596,2700
1,1,San Diego,0,Condo/Townhome,32.7097,FOR SALE,-117.154,450000,966,CA,1150 J Street 220,92101,2645
1,1,Rancho Mission Viejo,1,Condo/Townhome,33.5277,FOR SALE,-117.618,449000,974,CA,3 Higo Street,92694,2259
1,1,Long Beach,0,Condo/Townhome,33.7662,FOR SALE,-118.188,399000,680,CA,388 E Ocean Boulevard 406,90802,1995
1,1,San Diego,0,Condo/Townhome,32.7159,FOR SALE,-117.151,379000,808,CA,1480 Broadway 2620,92101,2645
1,1,Aliso Viejo,0,Condo/Townhome,33.5694,FOR SALE,-117.722,369000,762,CA,23412 PACIFIC PARK Drive 28B,92656,1835
1,1,Laguna Niguel,0,Condo/Townhome,33.5658,FOR SALE,-117.703,343900,890,CA,27368 Young Drive,92677,2120
1,1,Thousand Oaks,0,Condo/Townhome,34.190377,FOR SALE,-118.885663,219000,514,CA,351 Chestnut Hill Court 36,91360,1470
1,1,Lake Forest,0,Condo/Townhome,33.6414,FOR SALE,-117.681,300000,599,CA,25671 Le Parc 1,92630,1635
1,1,San Diego,0,Condo/Townhome,32.8013,FOR SALE,-117.027,249950,724,CA,7838 Cowles Mountain Court C17,92119,1500
1,1,Lake Forest,0,Condo/Townhome,33.6595,FOR SALE,-117.65,310000,686,CA,20702 El Toro Road 406,92630,1635
1,1,Irvine,0,Condo/Townhome,33.715,FOR SALE,-117.76,245000,415,CA,264 Streamwood,92620,1840
1,1,Glendale,0,Condo/Townhome,34.16724,FOR SALE,-118.256271,460000,759,CA,125 W Mountain Street 210,91202,2380
1,1,Pomona,0,Condo/Townhome,34.0253,FOR SALE,-117.763,298800,751,CA,27 Carriage Way,91766,1765
1,1,San Jose,0,Condo/Townhome,37.32031,FOR SALE,-121.84224,398000,730,CA,1088 Summerplace Dr,95122,1950
1,1,Mission Viejo,1,Condo/Townhome,33.62419,FOR SALE,-117.67383,305000,698,CA,26181 La Real #A,92691,1835
1,1,Aliso Viejo,0,Condo/Townhome,33.5694,FOR SALE,-117.722,379000,780,CA,23412 Pacific Park Drive 17J,92656,1835
1,1,Los Angeles,0,Condo/Townhome,34.06155,FOR SALE,-118.30944,550000,830,CA,3810 Wilshire Blvd Unit 1602,90010,2870
1,1,Rancho Cucamonga,0,Condo/Townhome,34.099,FOR SALE,-117.5838,220000,708,CA,10151 Arrow Route #133,91730,1743
1,1,San Diego,0,Condo/Townhome,32.7089,FOR SALE,-117.155,530000,1049,CA,350 11th Ave 347,92101,2645
1,1,Long Beach,0,Condo/Townhome,33.7715878,FOR SALE,-118.1819387,399900,803,CA,834 E 4th Street 5,90802,1995
2,1,Ontario,0,Condo/Townhome,34.03303146,FOR SALE,-117.6386414,318800,990,CA,3230 E Yountville Dr #14,91761,1356
1,1,San Diego,0,Condo/Townhome,32.783707,FOR SALE,-117.112175,259500,530,CA,6064 Rancho Mission 444,92108,1760
1,1,Los Angeles,1,Condo/Townhome,34.0646,FOR SALE,-118.449,725000,829,CA,10982 Roebling Avenue 104,90024,3110
1,1,Pacific Beach,0,Condo/Townhome,32.80095,FOR SALE,-117.228,297000,714,CA,2266 Grand Ave 28,92109,1825
1,1,Valencia,0,Condo/Townhome,34.4199,FOR SALE,-118.564,339500,800,CA,24545 Town Center Drive 5303,91355,2060
1,1,Laguna Niguel,0,Condo/Townhome,33.52596,FOR SALE,-117.68446,339900,759,CA,61 Martinique Street 280,92677,2120
1,1,San Francisco,0,Condo/Townhome,37.78606,FOR SALE,-122.392593,995000,710,CA,425 1st Street Unit: 4905,94105,4185
1,1,Long Beach,0,Condo/Townhome,33.76493,FOR SALE,-118.17556,745000,990,CA,1310 E Ocean Boulevard,90802,1995
1,1,Long Beach,0,Condo/Townhome,33.76566,FOR SALE,-118.17112,290000,632,CA,1724 E 1st St 11A,90802,1995
1,1,San Diego,0,Condo/Townhome,32.70799637,FOR SALE,-117.1549377,260000,739,CA,253 10th Ave 222,92101,2645
1,1,Pasadena,1,Condo/Townhome,34.138543,FOR SALE,-118.137863,475000,965,CA,420 S Madison Avenue 301,91101,2333
1,1,Huntington Beach,0,Condo/Townhome,33.662673,FOR SALE,-118.008079,475000,781,CA,1200 Pacific Coast Highway 113,92648,2052
1,1,Newport Beach,0,Single Family,33.6152,FOR SALE,-117.926,1350000,1200,CA,611 Lido Park Drive 5E,92663,1705
1,1,Sherman Oaks,0,Single Family,34.14196,FOR SALE,-118.45439,1850000,1141,CA,14818 Round Valley Drive,91403,1850
1,1,Palm Desert,0,Single Family,33.689117,FOR SALE,-116.424347,395000,440,CA,71105 Cholla Way,92260,1220
1,1,Burbank,0,Single Family,34.17,FOR SALE,-118.333,535000,779,CA,642 N Buena Vista Street,91505,1960
1,1,Thousand Oaks,0,Single Family,34.180379,FOR SALE,-118.866449,468000,767,CA,603 Irving Drive,91360,1470
1,1,Brea,0,Single Family,33.9384,FOR SALE,-117.792,1250000,700,CA,6751 Carbon Canyon Road,92823,2210
1,1,Palm Desert,0,Single Family,33.68776,FOR SALE,-116.42053,599000,380,CA,71301 CHOLLA Way,92260,1220
1,1,Anaheim,0,Single Family,33.828952,FOR SALE,-117.925575,319900,606,CA,406 S West St,92805,1592
1,1,Santa Barbara,0,Single Family,34.447788,FOR SALE,-119.717993,1040000,596,CA,2835 Exeter Pl,93105,3000
1,2,Union City,1,Condo/Townhome,37.58787,FOR SALE,-122.08037,558000,1054,CA,4554 Reyes Drive,94587,3015
1,2,Palm Desert,0,Condo/Townhome,33.708874,FOR SALE,-116.397904,159900,924,CA,72616 Edgehill Drive 4,92260,1370
2,2,Fremont,1,Condo/Townhome,37.56023,FOR SALE,-122.0536,999999,1655,CA,5435 Quebec Cmn,94555,2500
1,2,Campbell,0,Condo/Townhome,37.29272,FOR SALE,-121.94686,575000,810,CA,208 Watson Dr 1,95008,4316
1,2,Lake Forest,0,Condo/Townhome,33.633,FOR SALE,-117.688,359000,873,CA,22752 Madrid Drive,92630,1993
2,2,Oceanside,0,Condo/Townhome,33.2146,FOR SALE,-117.326,319900,1250,CA,3760 Vista Campana 2,92057,2165
2,2,Murrieta,0,Condo/Townhome,33.5558,FOR SALE,-117.161,314990,1532,CA,26095 Mayfield Union Way A,92563,1817
1,2,Pomona,0,Condo/Townhome,34.0253,FOR SALE,-117.763,309000,892,CA,16 Country Mile Road,91766,1905
1,2,San Diego,0,Condo/Townhome,32.7089,FOR SALE,-117.155,615000,976,CA,350 11Th Ave 431,92101,4150
1,2,Oakland,1,Condo/Townhome,37.8002294,FOR SALE,-122.272868,599000,1200,CA,801 Franklin Street #1234,94607,3640
2,2,Hayward,1,Condo/Townhome,37.6734,FOR SALE,-122.063,574999,1640,CA,1884 Sally Creek Circle,94541,2660
2,2,Westlake Village,1,Condo/Townhome,34.161,FOR SALE,-118.807046,574900,1251,CA,308 Via Colinas,91362,2585
3,2,San Dimas,0,Condo/Townhome,34.105,FOR SALE,-117.807,565000,2000,CA,270 S San Dimas Avenue,91773,1730
2,2,San Diego,0,Condo/Townhome,32.7729,FOR SALE,-117.148,524900,1179,CA,8233 Station Village 2416,92108,1980
2,2,Woodland Hills,0,Condo/Townhome,34.1731,FOR SALE,-118.601,489950,1295,CA,21650 Burbank Boulevard 102,91367,2345
2,2,San Diego,0,Condo/Townhome,32.8035,FOR SALE,-117.237,475000,1033,CA,1855 Diamond St 113,92109,2395
2,2,San Diego,1,Condo/Townhome,32.7971,FOR SALE,-117.244,819900,1536,CA,1380 Grand Ave,92109,2395
2,2,Los Angeles,0,Condo/Townhome,34.0616,FOR SALE,-118.358,799000,1323,CA,750 S Spaulding Avenue 203,90036,4499
2,2,Irvine,1,Condo/Townhome,33.6995,FOR SALE,-117.754,795000,1824,CA,103 Mission,92620,2375
2,2,Los Angeles,1,Condo/Townhome,34.1,FOR SALE,-118.349,795000,1559,CA,1601 N Fuller Avenue 104,90046,3800
2,2,Irvine,0,Condo/Townhome,33.6385,FOR SALE,-117.76,768990,1281,CA,133 Burgess,92618,2525
2,2,San Diego,1,Condo/Townhome,32.7089,FOR SALE,-117.155,739900,1350,CA,350 11th Ave 1131,92101,4150
2,2,Walnut Creek,0,Condo/Townhome,37.931,FOR SALE,-122.055,698000,1144,CA,57 Iron Horse Ln,94597,2980
2,2,Irvine,1,Condo/Townhome,33.6764,FOR SALE,-117.83,684900,1300,CA,46 Alcoba,92614,2765
2,2,Chula Vista,0,Condo/Townhome,32.620078,FOR SALE,-116.958297,425000,1579,CA,1757 Cripple Creek Dr 1,91915,2320
1,2,Chula Vista,0,Condo/Townhome,32.5963,FOR SALE,-117.04,299000,889,CA,1679 Melrose Ave D,91911,2196
2,2,San Jose,0,Condo/Townhome,37.3107524,FOR SALE,-121.8826458,728888,1096,CA,1375 Lick AVE Apt 628,95110,3654
2,2,Irvine,1,Condo/Townhome,33.6655,FOR SALE,-117.775,699900,1215,CA,7 Alevera Street,92618,2525
2,2,Brea,0,Condo/Townhome,33.9079,FOR SALE,-117.848,639000,1344,CA,426 Maravilla Lane,92823,2895
2,2,Palm Desert,0,Condo/Townhome,33.691372,FOR SALE,-116.385376,629000,1629,CA,73356 Irontree Dr Drive,92260,1370
2,2,los angeles,0,Condo/Townhome,33.99936,FOR SALE,-118.42394,599000,1027,CA,4125 Inglewood 4,90066,3509
2,2,Corona,0,Condo/Townhome,33.77383,FOR SALE,-117.50932,439900,1909,CA,23803 La Posta Court,92883,2195
2,2,Aliso Viejo,0,Condo/Townhome,33.5694,FOR SALE,-117.722,445000,1147,CA,23412 Pacific Park Drive 35K,92656,2285
1,2,Placentia,2,Condo/Townhome,33.8706,FOR SALE,-117.866,432000,1270,CA,110 Kauai Lane,92870,1710
2,2,Woodland Hills,0,Condo/Townhome,34.1725,FOR SALE,-118.6,424999,920,CA,21550 Burbank Boulevard 205,91367,2345
2,2,West Hollywood,0,Condo/Townhome,34.07653,FOR SALE,-118.38513,735000,870,CA,141 Clark Dr #301,90048,8500
2,2,Cupertino,0,Condo/Townhome,37.32281,FOR SALE,-122.0696,1525000,1313,CA,22650 Silver Oak LN,95014,3595
2,2,Playa Vista,1,Condo/Townhome,33.97015,FOR SALE,-118.42837,1699000,2400,CA,6241 Crescent Park 406,90094,3495
2,2,los angeles,0,Condo/Townhome,34.06093,FOR SALE,-118.43727,1649000,1697,CA,10727 Wilshire 605,90024,7995
2,2,Playa Vista,0,Condo/Townhome,33.972,FOR SALE,-118.429,939000,1230,CA,5625 Crescent Park W 208,90094,3495
4,2,los angeles,0,Condo/Townhome,34.10357,FOR SALE,-118.33735,850000,1370,CA,6735 YUCCA Street 504,90028,3080
2,2,San Diego,1,Condo/Townhome,32.7996,FOR SALE,-117.245,829900,1540,CA,1369 Felspar St,92109,2395
1,2,Paso Robles,1,Condo/Townhome,35.6286,FOR SALE,-120.674,269000,952,CA,714 Tanner Drive A-6,93446,2125
1,2,Lakeside,0,Condo/Townhome,32.8541,FOR SALE,-116.93,254900,728,CA,9731 Winter Gardens Boulevard 66,92040,1150
2,2,Rancho Santa Margarita,1,Condo/Townhome,33.65664,FOR SALE,-117.58425,519900,1350,CA,11  Vista Sierra 62,92688,1840
2,2,Rancho Cucamonga,1,Condo/Townhome,34.10261917,FOR SALE,-117.5842285,445000,1838,CA,8072 Cresta Bella Road,91730,1917
2,2,Huntington Beach,0,Condo/Townhome,33.6777,FOR SALE,-117.995,439900,973,CA,215 Wichita Avenue 204,92648,2695
1,2,Walnut Creek,0,Condo/Townhome,37.9187,FOR SALE,-122.062,418000,924,CA,2548 Jones Rd 9,94597,2980
2,2,San Diego,0,Condo/Townhome,32.9622,FOR SALE,-117.1,375000,881,CA,10375 Azuaga St 115,92129,1994
2,2,Corona,0,Condo/Townhome,33.8746,FOR SALE,-117.627,359900,1004,CA,3160 Castelar Court 201,92882,1585
1,2,Mission Viejo,1,Condo/Townhome,33.6294,FOR SALE,-117.671,349900,940,CA,22928 Via Nuez 36,92691,2560
2,2,San Diego,0,Condo/Townhome,32.7769,FOR SALE,-117.253,1275000,725,CA,3443 Ocean Front Walk D,92109,2395
2,2,Marina Del Rey,1,Condo/Townhome,33.98138,FOR SALE,-118.43778,920000,1582,CA,13232 MINDANAO Way,90292,4300
2,2,Orange,0,Condo/Townhome,33.7823,FOR SALE,-117.876,455000,1602,CA,400 S Flower Street 2,92868,2694
3,2,los angeles,0,Condo/Townhome,34.1014,FOR SALE,-118.32545,1050000,1627,CA,6250 HOLLYWOOD Boulevard 6i,90028,3080
2,2,San Diego,0,Condo/Townhome,32.7212,FOR SALE,-117.168,729000,1383,CA,1501 India Street 301,92101,4150
2,2,Murrieta,0,Condo/Townhome,33.5424,FOR SALE,-117.168,254900,890,CA,26368 Arboretum Way 3204,92563,1817
2,2,Antioch,0,Condo/Townhome,38.0022,FOR SALE,-121.83,195000,944,CA,2415 Horizon Ln 127,94509,1955
2,2,Sacramento,1,Condo/Townhome,38.67975,FOR SALE,-121.5222,559999,2538,CA,2642 Aspen Valley Ln,95835,1943
2,2,San Diego,0,Condo/Townhome,32.86355,FOR SALE,-117.20041,459000,848,CA,7120 Shoreline 2207,92122,2550
1,2,Walnut Creek,1,Condo/Townhome,37.9157,FOR SALE,-122.058,600000,1166,CA,450 Westcliffe Pl,94597,2980
2,2,Irvine,1,Condo/Townhome,33.6817,FOR SALE,-117.755,588000,1172,CA,88 Bronze Leaf,92620,2375
1,2,Irvine,0,Condo/Townhome,33.6867,FOR SALE,-117.81123,475000,917,CA,900  Solvay Aisle,92606,2780
1,2,La Mesa,1,Condo/Townhome,32.78355,FOR SALE,-117.03497,314999,1068,CA,5700 Baltimore Dr 76,91942,2249
2,2,Anaheim,0,Condo/Townhome,33.8296,FOR SALE,-117.906,499000,1203,CA,714 S Casita Street,92805,2319
2,2,North Hollywood,0,Condo/Townhome,34.1588,FOR SALE,-118.375,499000,974,CA,11230 Peach Grove Street 105,91601,3120
2,2,San Diego,0,Condo/Townhome,32.9502,FOR SALE,-117.109,474900,1056,CA,9971 Paseo Montril,92129,1994
3,2,Valley Glen,0,Condo/Townhome,34.1936,FOR SALE,-118.438,449900,1094,CA,14018 Vanowen Street 7,91405,2529
1,2,Los Alamitos,0,Condo/Townhome,33.7996,FOR SALE,-118.066,448000,900,CA,3845 Farquhar Avenue 308,90720,2595
1,2,Orange,1,Condo/Townhome,33.795,FOR SALE,-117.859,430000,1190,CA,700 W Walnut Avenue 14,92868,2694
2,2,San Francisco,1,Condo/Townhome,37.786072,FOR SALE,-122.392609,2050000,1724,CA,489 Harrison Street Unit: #306,94105,5310
2,2,San Diego,1,Condo/Townhome,32.7193,FOR SALE,-117.171,1595000,1811,CA,1325 Pacific Hwy 2201,92101,4150
2,2,Los Angeles,0,Condo/Townhome,34.0456,FOR SALE,-118.259,870000,1360,CA,801 S. Grand Ave. 1502,90017,3295
1,2,Los Angeles,0,Condo/Townhome,34.11248,FOR SALE,-118.28639,915000,1005,CA,4411 Los Feliz Unit 902,90027,2690
1,2,Upland,1,Condo/Townhome,34.0906,FOR SALE,-117.676,290000,994,CA,305 Spencer Avenue 125,91786,1910
1,2,Ontario,0,Condo/Townhome,34.083,FOR SALE,-117.613,275000,816,CA,1360 N Placer Avenue,91764,2030
1,2,Ontario,0,Condo/Townhome,34.082,FOR SALE,-117.613,275000,816,CA,1324 N Placer Avenue,91764,2030
2,2,Irvine,0,Condo/Townhome,33.6586,FOR SALE,-117.83086,735000,1507,CA,9  Madrona,92612,2745
2,2,San Diego,0,Condo/Townhome,32.72125,FOR SALE,-117.16784,720000,1540,CA,1501 India St.,92101,4150
2,2,Irvine,0,Condo/Townhome,33.68046,FOR SALE,-117.75615,625000,1182,CA,110 Evening Sun,92620,2375
2,2,Pasadena,0,Condo/Townhome,34.13734,FOR SALE,-118.1372,469000,1019,CA,497 South El Molino Avenue #310,91101,3393
2,2,Thousand Oaks,1,Condo/Townhome,34.180286,FOR SALE,-118.850154,469900,1361,CA,192 Helecho Court,91362,2585
2,2,Diamond Bar,1,Condo/Townhome,34.0297,FOR SALE,-117.792,419900,1145,CA,24206 Sylvan Glen Road C,91765,1927
1,2,Santa Ana,1,Condo/Townhome,33.7567,FOR SALE,-117.842,349900,1101,CA,1344 Cabrillo Park Drive F,92701,2040
2,2,Oceanside,0,Condo/Townhome,33.2463,FOR SALE,-117.315,280000,912,CA,194 Avenida Descanso C,92057,2165
2,2,Newport Beach,0,Condo/Townhome,33.625,FOR SALE,-117.933,703000,1392,CA,101 Scholz 235,92663,2209
2,2,Burbank,0,Condo/Townhome,34.1762,FOR SALE,-118.302,699000,1380,CA,750 S San Fernando Boulevard 105,91502,2804
2,2,Rancho Santa Margarita,0,Condo/Townhome,33.6547,FOR SALE,-117.583,638800,1475,CA,17 Calle Katrina,92688,1840
2,2,Costa Mesa,1,Condo/Townhome,33.6501,FOR SALE,-117.913,615000,1294,CA,335 Sydney Lane 335,92627,2245
2,2,San Diego,0,Condo/Townhome,32.7214,FOR SALE,-117.164,519000,1058,CA,1501 Front St 216,92101,4150
2,2,Simi Valley,0,Condo/Townhome,34.2542,FOR SALE,-118.809441,485000,1366,CA,485 Country Club Drive 224,93065,2211
2,2,Rancho Santa Margarita,0,Condo/Townhome,33.6198,FOR SALE,-117.62,484999,1083,CA,3 Alondra,92688,1840
2,2,Anaheim Hills,0,Condo/Townhome,33.8571,FOR SALE,-117.73,479900,998,CA,944 S Prescott Place,92808,2305
2,2,Glendale,1,Condo/Townhome,34.153759,FOR SALE,-118.267715,479000,970,CA,620 W Doran Street 7,91203,3094
2,2,Los Angeles,1,Condo/Townhome,34.0609,FOR SALE,-118.437,1649500,1723,CA,10727 Wilshire Boulevard 606,90024,7995
2,2,Marina del Rey,0,Condo/Townhome,33.989,FOR SALE,-118.439,939000,1370,CA,4211 Redwood Avenue 409,90066,3509
2,2,Ontario,0,Condo/Townhome,34.0557,FOR SALE,-117.673,243691,845,CA,1309 W Mission Boulevard U-27,91762,1425
1,2,Ventura,0,Condo/Townhome,34.262393,FOR SALE,-119.217864,235000,873,CA,1300 Saratoga Avenue 1207,93003,2195
2,2,Camarillo,1,Condo/Townhome,34.20058,FOR SALE,-118.98304,464900,1465,CA,6280 Paseo Encantada,93012,2160
2,2,Santa Ana,0,Condo/Townhome,33.7009,FOR SALE,-117.905,455000,907,CA,3500 S Greenville Street G16,92704,1680
2,2,Lake Forest,0,Condo/Townhome,33.659,FOR SALE,-117.673,429900,1000,CA,26342 Forest Ridge 3C,92630,1993
2,2,Camarillo,0,Condo/Townhome,34.211344,FOR SALE,-119.025979,399000,1142,CA,290 Riverdale Court 1113,93012,2160
1,2,Santa Monica,0,Condo/Townhome,34.03322,FOR SALE,-118.47022,385000,913,CA,1517 HARVARD Street 8,90404,3647
1,2,Lake Forest,0,Condo/Townhome,33.6435,FOR SALE,-117.679,350000,829,CA,21991 Rimhurst Drive G,92630,1993
2,2,Rancho Cucamonga,0,Condo/Townhome,34.1006,FOR SALE,-117.584,315000,1010,CA,8429 Spring Desert Pl. #H,91730,1917
2,2,Los Angeles,1,Condo/Townhome,34.0951,FOR SALE,-118.345,770000,1490,CA,1319 N Detroit Street PH2,90046,3800
2,2,San Diego,1,Condo/Townhome,32.712,FOR SALE,-117.166,659995,1225,CA,301 W G 123,92101,4150
1,2,los angeles,0,Condo/Townhome,34.10863,FOR SALE,-118.29132,649500,1172,CA,2030 North VERMONT Avenue 15,90027,2690
2,2,San Diego,1,Condo/Townhome,32.7109,FOR SALE,-117.163,640000,1290,CA,101 Market St 107,92101,4150
1,2,Fremont,1,Condo/Townhome,37.5686,FOR SALE,-121.965,624888,1120,CA,38737 Aurora Ter 19,94536,3173
2,2,Newport Beach,0,Condo/Townhome,33.6246,FOR SALE,-117.933,599999,1120,CA,100 Scholz 104,92663,2209
2,2,Lake Forest,1,Condo/Townhome,33.6421,FOR SALE,-117.671,577000,1556,CA,22073 Summit Hill Drive 22,92630,1993
2,2,Mission Viejo,0,Condo/Townhome,33.6611,FOR SALE,-117.633,575000,1367,CA,161 Winterberry,92692,2195
1,2,Laguna Niguel,1,Condo/Townhome,33.5462,FOR SALE,-117.684,450000,1232,CA,25604 Paseo La 3,92677,2500
2,2,Anaheim,0,Condo/Townhome,33.8125,FOR SALE,-118.011,385000,1026,CA,3550 W Sweetbay Court W F,92804,1845
2,2,Chula Vista,0,Condo/Townhome,32.6304,FOR SALE,-117.046,330000,1006,CA,824 Tamayo Dr 2,91910,1795
2,2,Milpitas,1,Condo/Townhome,37.40998,FOR SALE,-121.89845,899999,1300,CA,1501 Bond St,95035,2846
2,2,Campbell,0,Condo/Townhome,37.26566,FOR SALE,-121.94757,685000,992,CA,87 Redding Rd,95008,4316
2,2,Santa Clara,0,Condo/Townhome,37.32592,FOR SALE,-121.97147,678910,1137,CA,121 Buckingham Dr 56,95051,2791
2,2,San Diego,0,Condo/Townhome,32.7109,FOR SALE,-117.1542,540000,910,CA,525 11th Ave. 1105,92101,4150
2,2,Ladera Ranch,1,Condo/Townhome,33.547531,FOR SALE,-117.647647,535000,1578,CA,42 Palladium Lane #81,92694,2495
2,2,Brea,1,Condo/Townhome,33.93101,FOR SALE,-117.89491,500000,1302,CA,749 Sather Court 46,92821,1910
2,2,Rancho Santa Margarita,0,Condo/Townhome,33.6511,FOR SALE,-117.583,449000,922,CA,5 Via Acuatica,92688,1840
2,2,San Dimas,0,Condo/Townhome,34.1189,FOR SALE,-117.799,429000,1198,CA,926 Malakoff Road,91773,1730
2,2,Anaheim,0,Condo/Townhome,33.8142,FOR SALE,-118.011,399900,1026,CA,3507 W Greentree Circle A,92804,1845
2,2,Placentia,0,Condo/Townhome,33.8691,FOR SALE,-117.819,399000,852,CA,121 S Lakeview Avenue 121F,92870,1710
2,2,Placentia,0,Condo/Townhome,33.871,FOR SALE,-117.832,390000,934,CA,1530 E Spruce Street G,92870,1710
2,2,Chula Vista,1,Condo/Townhome,32.6559,FOR SALE,-116.974,360000,937,CA,715 Eastshore Terrace 41,91913,2332
2,2,Ontario,0,Condo/Townhome,34.0135,FOR SALE,-117.565,348000,1314,CA,3250 S Edenglen Avenue 7,91761,1646
2,2,Playa Vista,0,Condo/Townhome,33.97203,FOR SALE,-118.42907,999000,1659,CA,5625 Crescent Park West 207,90094,3495
2,2,San Diego,1,Condo/Townhome,32.787,FOR SALE,-117.13,599000,1204,CA,2776 Bellezza Dr,92108,1980
2,2,Walnut Creek,0,Condo/Townhome,37.9175,FOR SALE,-122.058,518500,992,CA,1308 Walden Rd 28,94597,2980
2,2,Chino Hills,0,Condo/Townhome,34.0163,FOR SALE,-117.748,389000,954,CA,13104 Glen Court 49,91709,2285
2,2,San Diego,0,Condo/Townhome,32.7757,FOR SALE,-117.052,279000,1139,CA,6811 Alvarado 12,92120,2406
1,2,Fresno,1,Condo/Townhome,36.793106,FOR SALE,-119.718971,123000,1295,CA,5188 E Ashlan Unit: 110,93727,859
2,2,Murrieta,0,Condo/Townhome,33.554,FOR SALE,-117.164,320000,1532,CA,39875 Alpine Union Street A,92563,1817
1,2,Oceanside,0,Condo/Townhome,33.2462,FOR SALE,-117.314,277900,741,CA,155 Avenida Descanso 102,92057,2165
1,2,Lakeside,0,Condo/Townhome,32.8622,FOR SALE,-116.917,249000,921,CA,12730 Laurel Street 305,92040,1150
2,2,San Diego,0,Condo/Townhome,32.7112,FOR SALE,-117.159,649900,1032,CA,575 6th Ave 310,92101,4150
2,2,Rancho Mission Viejo,1,Condo/Townhome,33.5277,FOR SALE,-117.618,549900,1520,CA,11 Higo Street,92694,2495
2,2,Ventura,0,Condo/Townhome,34.2638,FOR SALE,-119.226,470000,1270,CA,1080 Stravinsky Lane,93003,2195
2,2,Huntington Beach,0,Condo/Townhome,33.6596,FOR SALE,-117.973,449000,1055,CA,8788 Coral Springs Court 205F,92646,2225
2,2,Woodland Hills,0,Condo/Townhome,34.1727,FOR SALE,-118.599,475000,1050,CA,21500 Burbank Boulevard 322,91367,2345
2,2,San Diego,0,Condo/Townhome,32.7119,FOR SALE,-117.165,1099000,1370,CA,645 Front St. 1607,92101,4150
2,2,Irvine,0,Condo/Townhome,33.654,FOR SALE,-117.751,859990,1900,CA,245 Carlow,92618,2525
2,2,Dublin,0,Condo/Townhome,37.7069,FOR SALE,-121.862,749950,1519,CA,4259 Fitzwilliam,94568,2475
3,2,Burbank,0,Condo/Townhome,34.1809,FOR SALE,-118.307,740000,1770,CA,201 E Angeleno Avenue 133,91502,2804
1,2,Orange,1,Condo/Townhome,33.79499,FOR SALE,-117.85906,415500,1190,CA,700 W Walnut Avenue 59,92868,2694
1,2,Los Angeles,0,Condo/Townhome,34.0522,FOR SALE,-118.264,995000,1140,CA,1100 Wilshire Boulevard 2711,90017,3295
2,2,Oakland,0,Condo/Townhome,37.7944,FOR SALE,-122.273,979000,1263,CA,311 2nd St 307,94607,3640
2,2,los angeles,1,Condo/Townhome,34.09647,FOR SALE,-118.35141,750000,1355,CA,1416 North VISTA Street 2,90046,3800
1,2,Sacramento,0,Condo/Townhome,38.62583,FOR SALE,-121.50008,152000,956,CA,500 Del Verde Circle Unit 8,95833,1500
2,2,Marina del Rey,1,Condo/Townhome,33.9846,FOR SALE,-118.445,2000000,1770,CA,13700 Marina Pointe Drive PH1916,90292,4300
2,2,San Diego,0,Condo/Townhome,32.7086,FOR SALE,-117.155,679000,1103,CA,321 10th Avenue 1407,92101,4150
2,2,Studio City,0,Condo/Townhome,34.14716,FOR SALE,-118.40485,645000,1297,CA,4212 WHITSETT Avenue 101,91604,2627
2,2,San Diego,1,Condo/Townhome,32.7119,FOR SALE,-117.165,955000,1291,CA,645 Front 1606,92101,4150
2,2,Newport Beach,0,Condo/Townhome,33.6278,FOR SALE,-117.868,898900,1197,CA,59 Sea Pine Lane,92660,4520
2,2,San Diego,0,Condo/Townhome,32.711,FOR SALE,-117.165,550000,1036,CA,555 Front 401,92101,4150
2,2,Aliso Viejo,0,Condo/Townhome,33.5743,FOR SALE,-117.723,475000,1063,CA,59 Wisteria Place,92656,2285
2,2,Lake Forest,1,Condo/Townhome,33.6421,FOR SALE,-117.68,469900,1120,CA,25712 Le Parc 54,92630,1993
2,2,Long Beach,0,Condo/Townhome,33.7708,FOR SALE,-118.179,399000,929,CA,1045 E 3rd Street 5,90802,2250
2,2,Lake Forest,1,Condo/Townhome,33.6394,FOR SALE,-117.704,399000,1208,CA,22281 Vista Verde Drive,92630,1993
2,2,San Diego,0,Condo/Townhome,32.7669,FOR SALE,-117.18,375000,972,CA,6406 Friars Road 235,92108,1980
1,2,Lake Forest,0,Condo/Townhome,33.6405,FOR SALE,-117.68,364900,957,CA,22182 Cedar Pointe 1D,92630,1993
2,2,Los Angeles,0,Condo/Townhome,34.1353,FOR SALE,-118.342,549945,1151,CA,3480 Barham Boulevard 311,90068,2740
2,2,Anaheim Hills,0,Condo/Townhome,33.8522,FOR SALE,-117.744,549900,1357,CA,7759 E Viewrim Drive,92808,2305
2,2,Westlake Village,1,Condo/Townhome,34.162392,FOR SALE,-118.807394,549000,1251,CA,382 Via Colinas,91362,2585
2,2,San Diego,0,Condo/Townhome,32.7109,FOR SALE,-117.154,529900,1105,CA,550 Park Blvd 2202,92101,4150
2,2,Rancho Santa Margarita,0,Condo/Townhome,33.6475,FOR SALE,-117.585,489900,1020,CA,41 Wild Horse Loop 37,92688,1840
2,2,Woodland Hills,0,Condo/Townhome,34.1707,FOR SALE,-118.601,465000,1050,CA,5500 Owensmouth Avenue 329,91367,2345
1,2,Santa Monica,0,Condo/Townhome,34.02228,FOR SALE,-118.47307,620000,897,CA,1824 20TH Street C,90404,3647
2,2,Mission Viejo,1,Condo/Townhome,33.5603,FOR SALE,-117.66,525000,1223,CA,27815 Berwick 34,92691,2560
2,2,Monrovia,0,Condo/Townhome,34.1509,FOR SALE,-118.015,475888,1174,CA,752 W Foothill Boulevard 9,91016,2805
2,2,Anaheim,0,Condo/Townhome,33.839,FOR SALE,-117.977,375000,1138,CA,2637 W Cameron Court 118,92801,1710
2,2,La Mesa,0,Condo/Townhome,32.7608,FOR SALE,-117.034,359500,982,CA,4512 Parks Avenue 20,91942,2249
1,2,Huntington Beach,0,Condo/Townhome,33.7205,FOR SALE,-117.991,349900,835,CA,16713 Viewpoint Lane 138B,92647,1825
1,2,Placentia,0,Condo/Townhome,33.8543,FOR SALE,-117.883,347900,864,CA,948 Eastwind Drive,92870,1710
1,2,Canoga Park,0,Condo/Townhome,34.1945,FOR SALE,-118.6,330000,868,CA,6825 Alabama Avenue 309,91303,2640
2,2,Agoura Hills,0,Condo/Townhome,34.1548,FOR SALE,-118.755,317000,868,CA,5800 Kanan Road 264,91301,3123
2,2,San Diego,0,Condo/Townhome,32.7756,FOR SALE,-117.051,299900,1139,CA,6851 Alvarado Road 10,92120,2406
2,2,Riverside,0,Condo/Townhome,33.9552,FOR SALE,-117.32,282000,1121,CA,375 Central Avenue 7,92507,1825
2,2,Canyon Country,0,Condo/Townhome,34.4135,FOR SALE,-118.462,282000,850,CA,18750 Mandan Street 1114,91351,1575
2,2,Marina Del Rey,0,Condo/Townhome,33.98458,FOR SALE,-118.44478,1055000,1584,CA,13650 MARINA POINTE Drive 408,90292,4300
2,2,Rancho Mission Viejo,0,Condo/Townhome,33.5234,FOR SALE,-117.626,628500,1276,CA,87 Galan Street,92694,2495
2,2,Rancho Santa Margarita,1,Condo/Townhome,33.6183,FOR SALE,-117.615,544950,1425,CA,71 Encantado,92688,1840
2,2,Mission Viejo,0,Condo/Townhome,33.6241,FOR SALE,-117.646,540000,1414,CA,27810 Gleneagles 73,92692,2195
2,2,Mission Viejo,0,Condo/Townhome,33.5596,FOR SALE,-117.663,495000,1206,CA,27677 Aquamarine 151,92691,2560
2,2,Anaheim Hills,0,Condo/Townhome,33.8617,FOR SALE,-117.741,475000,1000,CA,8131 E Oak Ridge Circle,92808,2305
2,2,San Diego,0,Condo/Townhome,32.8635,FOR SALE,-117.198,462000,848,CA,7180 Shoreline Dr 5304,92122,2550
2,2,San Diego,0,Condo/Townhome,32.7086,FOR SALE,-117.16,539900,910,CA,530 K St 1115,92101,4150
2,2,Calabasas,1,Condo/Townhome,34.137579,FOR SALE,-118.705539,535000,1385,CA,4240 Lost Hills Road 803,91301,3123
1,2,Irvine,1,Condo/Townhome,33.7007,FOR SALE,-117.8,499999,952,CA,387 Deerfield Avenue 77,92606,2780
2,2,Irvine,0,Condo/Townhome,33.6742,FOR SALE,-117.775,489999,951,CA,255 Tarocco,92618,2525
2,2,San Diego,0,Condo/Townhome,32.7226,FOR SALE,-117.157,480000,971,CA,889 Date St 339,92101,4150
2,2,Chino Hills,0,Condo/Townhome,33.9849,FOR SALE,-117.751,399000,1025,CA,2487 Moon Dust Drive E,91709,2285
2,2,Rancho Santa Margarita,0,Condo/Townhome,33.6408,FOR SALE,-117.589,439000,1179,CA,15 Via Pamplona,92688,1840
2,2,El Cerrito,0,Condo/Townhome,37.89835,FOR SALE,-122.2896,1035000,1210,CA,7600 Ward Ave,94530,3640
2,2,Woodland Hills,0,Condo/Townhome,34.1834,FOR SALE,-118.599,509000,1240,CA,21545 Erwin Street 95,91367,2345
2,2,Camarillo,0,Condo/Townhome,34.203204,FOR SALE,-118.984503,439500,1029,CA,859 Via Montanez,93012,2160
2,2,Rancho Santa Margarita,0,Condo/Townhome,33.6365,FOR SALE,-117.612,387500,900,CA,79 Abrigo,92688,1840
2,2,Canyon Country,0,Condo/Townhome,34.4022,FOR SALE,-118.453,370000,1022,CA,17971 Lost Canyon Road 82,91387,1825
2,2,Laguna Niguel,1,Condo/Townhome,33.5549,FOR SALE,-117.692,455000,1124,CA,25111 La Jolla Way D,92677,2500
2,2,Aliso Viejo,0,Condo/Townhome,33.6,FOR SALE,-117.745,450000,975,CA,138 Cinnamon Teal,92656,2285
1,2,Mission Viejo,0,Condo/Townhome,33.5614,FOR SALE,-117.662,399900,840,CA,26924 Carnelian,92691,2560
2,2,Rancho Cucamonga,0,Condo/Townhome,34.1031,FOR SALE,-117.621,388800,1246,CA,8427 Autumn Leaf Drive,91730,1917
2,2,San Diego,0,Condo/Townhome,32.961,FOR SALE,-117.1,380000,881,CA,10359 Azuaga St 194,92129,1994
2,2,Corona,0,Condo/Townhome,33.8736,FOR SALE,-117.627,355000,1115,CA,1151 San Nicolas Court 104,92882,1585
2,2,Oceanside,0,Condo/Townhome,33.2186,FOR SALE,-117.32,315000,1050,CA,3812 Orange Way,92057,2165
2,2,Riverside,0,Condo/Townhome,33.9828,FOR SALE,-117.336,249000,840,CA,1110 W Blaine Street 202,92507,1825
2,2,Rancho Santa Margarita,0,Condo/Townhome,33.6368,FOR SALE,-117.611,419900,990,CA,2 Acalla,92688,1840
2,2,Los Angeles,0,Condo/Townhome,34.07311,FOR SALE,-118.37805,799500,1282,CA,321 S San Vicente Unit 403,90048,8500
2,2,Laguna Niguel,1,Condo/Townhome,33.51673,FOR SALE,-117.72123,539000,1024,CA,30902 Clubhouse Drive #23F,92677,2500
3,2,Aliso Viejo,0,Condo/Townhome,33.602106,FOR SALE,-117.741845,489000,1124,CA,47 Night Heron,92656,2285
2,2,Long Beach,0,Condo/Townhome,33.794303,FOR SALE,-118.150751,429000,900,CA,3408 Hathaway Avenue 101,90815,2751
2,2,Playa Vista,0,Condo/Townhome,33.97292436,FOR SALE,-118.4224054,1143884,1170,CA,6030 S Seabluff Dr Unit 407,90094,3495
2,2,Irvine,1,Condo/Townhome,33.67471,FOR SALE,-117.8479,779000,1681,CA,21 Gramercy #218,92612,2745
2,2,Anaheim,0,Condo/Townhome,33.813614,FOR SALE,-118.011933,394500,968,CA,3520 W Sweetbay Court F,92804,1845
3,2,Newport Beach,0,Condo/Townhome,33.6194,FOR SALE,-117.881,4250000,2548,CA,1251 Santa Barbara Drive,92660,4520
2,2,San Diego,0,Condo/Townhome,32.8045,FOR SALE,-117.254,650000,1100,CA,4944 Cass St 402,92109,2395
2,2,La Mesa,1,Condo/Townhome,32.7775,FOR SALE,-117.043,415000,1270,CA,7002 Melody Ln,91942,2249
2,2,Corona,0,Condo/Townhome,33.8568,FOR SALE,-117.611,299000,956,CA,2572 Avenida Del M204,92882,1585
2,2,Aliso Viejo,0,Condo/Townhome,33.59257,FOR SALE,-117.71986,535000,1271,CA,8 Marigold #3,92656,2285
1,2,San Diego,0,Condo/Townhome,32.964617,FOR SALE,-117.098847,329987,882,CA,10514 Caminito Sulmona,92129,1994
2,2,Oceanside,0,Condo/Townhome,33.21171,FOR SALE,-117.3272,279000,1050,CA,712 Pearwood St,92057,2165
2,2,San Francisco,0,Condo/Townhome,37.771806,FOR SALE,-122.394187,1429950,1290,CA,718 Long Bridge Street Unit 302,94158,5273
2,2,Huntington Beach,1,Condo/Townhome,33.6819,FOR SALE,-118.027,849000,2065,CA,19241 Meadowood Circle,92648,2695
2,2,Irvine,0,Condo/Townhome,33.6739,FOR SALE,-117.843,739000,1520,CA,3131 Michelson Drive 301,92612,2745
2,2,Rancho Mission Viejo,1,Condo/Townhome,33.527,FOR SALE,-117.618,598000,1557,CA,5 Alzada,92694,2495
2,2,San Jose,0,Condo/Townhome,37.32249,FOR SALE,-121.98636,888000,1350,CA,4691 Albany Circle 133,95129,2940
1,2,San Diego,0,Condo/Townhome,32.96617,FOR SALE,-117.09723,334987,924,CA,13833 Via Rimini,92129,1994
2,2,Menlo Park,1,Condo/Townhome,37.4252,FOR SALE,-122.21852,1735000,1820,CA,1256 Sharon Park Dr,94025,4050
2,2,Sherman Oaks,1,Condo/Townhome,34.16731,FOR SALE,-118.45039,649000,1700,CA,14544 Margate Street #7,91411,2595
2,2,Chula Vista,0,Condo/Townhome,32.63308,FOR SALE,-116.94014,390000,1216,CA,1526 Bluffside 1,91915,2320
2,2,Brea,0,Condo/Townhome,33.92868,FOR SALE,-117.894726,425000,1090,CA,520 N Brea Boulevard 8,92821,1910
2,2,Corona,1,Condo/Townhome,33.7742,FOR SALE,-117.504,459000,2051,CA,8933 Cuyamaca Street,92883,2195
2,2,Aliso Viejo,0,Condo/Townhome,33.5516,FOR SALE,-117.727,457250,1094,CA,3 Florentine,92656,2285
2,2,Simi Valley,0,Condo/Townhome,34.24572,FOR SALE,-118.809815,444900,1280,CA,475 Kennerick Lane A,93065,2211
2,2,Corona,0,Condo/Townhome,33.7745,FOR SALE,-117.506,421900,1597,CA,8828 Cuyamaca Street,92883,2195
2,2,Palm Desert,0,Condo/Townhome,33.72263,FOR SALE,-116.38338,365000,1610,CA,4000 Via Fragante 2,92260,1370
2,2,Palm Desert,0,Condo/Townhome,33.739529,FOR SALE,-116.390602,349000,1800,CA,122 Giralda Circle,92260,1370
2,2,Ontario,1,Condo/Townhome,34.0547,FOR SALE,-117.664,285000,1201,CA,838 Carlton Privado,91762,1425
2,2,Camarillo,0,Condo/Townhome,34.23071,FOR SALE,-118.99758,517500,1482,CA,1300 Calle Bonita,93012,2160
1,2,Upland,1,Condo/Townhome,34.10997,FOR SALE,-117.66971,342000,1386,CA,1182  Mountain Gate Rd,91786,1910
2,2,Sacramento,1,Condo/Townhome,38.56676,FOR SALE,-121.40945,350000,1623,CA,29 Adelphi Court,95825,1360
3,2,los angeles,0,Condo/Townhome,34.0408,FOR SALE,-118.26319,1877000,2370,CA,1155 South GRAND Avenue 1402,90015,4702
2,2,Pasadena,1,Condo/Townhome,34.1369,FOR SALE,-118.146,949000,1528,CA,509 S Marengo Avenue 1,91101,3393
2,2,Newport Beach,0,Condo/Townhome,33.6252,FOR SALE,-117.932,825000,1155,CA,102 Scholz 34,92663,2209
2,2,Newport Beach,1,Condo/Townhome,33.6616,FOR SALE,-117.886,659888,1457,CA,20402 Santa Ana Avenue 9,92660,4520
2,2,Laguna Niguel,1,Condo/Townhome,33.5222,FOR SALE,-117.719,649000,1525,CA,30311 Via Reata,92677,2500
3,2,Northridge,0,Condo/Townhome,34.2345,FOR SALE,-118.548,446000,1458,CA,9000 Vanalden Avenue 115,91324,2350
2,2,Anaheim,0,Condo/Townhome,33.8486,FOR SALE,-117.94,425000,1105,CA,1120 N Euclid Street 12,92801,1710
2,2,Oceanside,0,Condo/Townhome,33.21,FOR SALE,-117.332,305000,1046,CA,3521 Pear Blossom AVENUE,92057,2165
2,2,San Marcos,0,Condo/Townhome,33.1239,FOR SALE,-117.211,229000,962,CA,1508 Circa Del Lago B307,92078,2048
2,2,Palm Desert,0,Condo/Townhome,33.72068709,FOR SALE,-116.3988843,449000,1882,CA,72389 El Paseo #1406,92260,1370
1,2,Oceanside,0,Condo/Townhome,33.251778,FOR SALE,-117.308831,245000,806,CA,509 Calle Montecito #49,92057,2165
2,2,San Diego,1,Condo/Townhome,32.7111,FOR SALE,-117.165,1849900,1676,CA,550 Front St 1501,92101,4150
2,2,Newport Beach,1,Condo/Townhome,33.62807,FOR SALE,-117.86765,1288000,1606,CA,50 Sea Pine Lane #61,92660,4520
2,2,Laguna Niguel,0,Condo/Townhome,33.51673,FOR SALE,-117.72123,510000,1053,CA,30902 Clubhouse Drive #24G,92677,2500
2,2,Marina Del Rey,1,Condo/Townhome,33.96747,FOR SALE,-118.45735,2695000,2315,CA,5209 Ocean Front 101,90292,4300
2,2,San Diego,1,Condo/Townhome,32.7146,FOR SALE,-117.171,1869500,1806,CA,888 W E St 1402,92101,4150
1,2,San Diego,0,Condo/Townhome,32.7732,FOR SALE,-117.253,959000,607,CA,3250 strandway,92109,2395
2,2,Los Angeles,1,Condo/Townhome,34.103555,FOR SALE,-118.337343,769000,1400,CA,6735 Yucca Street 406,90028,3080
2,2,Rancho Mission Viejo,1,Condo/Townhome,33.5584,FOR SALE,-117.633,659900,1729,CA,65 Garcilla Drive,92694,2495
2,2,Ventura,0,Condo/Townhome,34.265162,FOR SALE,-119.22772,449000,1270,CA,919 Goodman Street,93003,2195
2,2,Irvine,0,Condo/Townhome,33.654,FOR SALE,-117.751,764990,1506,CA,251 Carlow,92618,2525
2,2,Newport Beach,0,Condo/Townhome,33.6249,FOR SALE,-117.933,525000,920,CA,500 Cagney Lane PH 17,92663,2209
2,2,Aliso Viejo,1,Condo/Townhome,33.5784,FOR SALE,-117.731,515000,1329,CA,10 Open View Lane,92656,2285
2,2,Chula Vista,0,Condo/Townhome,32.60631,FOR SALE,-117.03101,343000,1229,CA,530 Georgetown Pl A,91911,2196
2,2,Palm Desert,0,Condo/Townhome,33.693512,FOR SALE,-116.380745,325000,1202,CA,48865 Mariposa Drive,92260,1370
2,2,Irvine,0,Condo/Townhome,33.6739,FOR SALE,-117.843,749000,1580,CA,3141 E Michelson Drive 604,92612,2745
2,2,Aliso Viejo,1,Condo/Townhome,33.567,FOR SALE,-117.722,499000,1305,CA,30 Promontory Park,92656,2285
2,2,Corona,0,Condo/Townhome,33.9006,FOR SALE,-117.531,314900,1129,CA,2040 Las Colinas Circle 201,92879,1631
2,2,San Diego,0,Condo/Townhome,32.8017,FOR SALE,-117.011,265000,1114,CA,8749 Lake Murray Blvd 12,92119,1865
2,2,Palm Desert,0,Condo/Townhome,33.746658,FOR SALE,-116.39006,289000,1303,CA,203 Serena Drive,92260,1370
2,2,Irvine,1,Condo/Townhome,33.6671,FOR SALE,-117.852,2350000,2375,CA,3159 Scholarship,92612,2745
2,2,Fremont,0,Condo/Townhome,37.5618,FOR SALE,-122.006,525000,988,CA,3648 Birchwood Ter 113,94536,3173
3,2,Valencia,0,Condo/Townhome,34.404,FOR SALE,-118.563,499000,1581,CA,24440 Hampton Drive B,91355,2665
3,2,los angeles,0,Condo/Townhome,34.04544,FOR SALE,-118.26576,1950000,1822,CA,900 West OLYMPIC Boulevard 38H,90015,4702
2,2,San Diego,0,Condo/Townhome,32.7089,FOR SALE,-117.158,725000,1129,CA,325 7Th Ave 1608,92101,4150
2,2,Irvine,0,Condo/Townhome,33.6739,FOR SALE,-117.843,759000,1520,CA,3141 Michelson Drive 608,92612,2745
2,2,Coronado,0,Condo/Townhome,32.675,FOR SALE,-117.173,1395000,1126,CA,1810 Avenida del Mundo 602,92118,3146
2,2,los angeles,0,Condo/Townhome,34.10205,FOR SALE,-118.34651,575000,1148,CA,7135 HOLLYWOOD Boulevard 407,90046,3800
3,2,Newport Beach,1,Condo/Townhome,33.61938,FOR SALE,-117.88441,2385000,2791,CA,106 Ocean Vista,92660,4520
2,2,Aliso Viejo,0,Condo/Townhome,33.575,FOR SALE,-117.736,475000,962,CA,17 Redstone,92656,2285
2,2,Irvine,0,Condo/Townhome,33.66612,FOR SALE,-117.85305,1100000,1701,CA,5081 Scholarship,92612,2745
2,2,Irvine,0,Condo/Townhome,33.6976,FOR SALE,-117.717,599000,1296,CA,133 N Silverado Street N,92618,2525
3,2,Los Angeles,0,Condo/Townhome,34.06272,FOR SALE,-118.43331,1690000,2097,CA,10551 Wilshire Unit 904,90024,7995
2,2,Los Angeles,0,Condo/Townhome,34.06337,FOR SALE,-118.43306,1395000,1672,CA,10535 Wilshire Blvd Unit PH 7,90024,7995
4,2,Palm Desert,1,Condo/Townhome,33.695538,FOR SALE,-116.377663,1395000,2200,CA,48808 Mescal Lane,92260,1370
2,2,San Francisco,0,Condo/Townhome,37.78063,FOR SALE,-122.389625,1299000,1145,CA,88 King Street Unit 304,94107,4601
1,2,Studio City,1,Condo/Townhome,34.1492,FOR SALE,-118.39,629000,1272,CA,11738 Moorpark Street L,91604,2627
1,2,Upland,1,Condo/Townhome,34.0981,FOR SALE,-117.645,369888,1260,CA,456 D Street,91786,1910
2,2,Pasadena,1,Condo/Townhome,34.13234,FOR SALE,-118.15814,860000,2292,CA,776 S Orange Grove Boulevard,91105,2945
2,2,Long Beach,0,Condo/Townhome,33.7656,FOR SALE,-118.182,879000,1377,CA,850 E Ocean Boulevard 503,90802,2250
2,2,Palm Desert,0,Condo/Townhome,33.75680454,FOR SALE,-116.3789896,319000,1494,CA,2101 Via Calderia,92260,1370
2,2,Long Beach,0,Condo/Townhome,33.77132,FOR SALE,-118.19543,315000,937,CA,335 Cedar Avenue 315,90802,2250
2,2,Irvine,0,Condo/Townhome,33.6986,FOR SALE,-117.754,858000,1545,CA,53 Mission Bell,92620,2375
3,2,los angeles,0,Condo/Townhome,34.04544,FOR SALE,-118.26576,1995000,1760,CA,900 West OLYMPIC 32D,90015,4702
2,2,Palm Desert,0,Condo/Townhome,33.7157,FOR SALE,-116.378,329900,1577,CA,45755 Juniper Circle 617,92260,1370
2,2,San Diego,1,Condo/Townhome,32.708917,FOR SALE,-117.162494,1400000,3069,CA,100 Harbor Dr. 303,92101,4150
2,2,La Mesa,0,Condo/Townhome,32.7558,FOR SALE,-117.031,255700,988,CA,4262 Parks Ave 207,91941,1805
2,2,Sherman Oaks,0,Condo/Townhome,34.1652,FOR SALE,-118.467,509999,1355,CA,15335 Magnolia Boulevard 113,91403,2505
2,2,Carlsbad,0,Condo/Townhome,33.16712,FOR SALE,-117.3041,440000,1112,CA,2806 Chatsworth,92010,2806
2,2,Pasadena,1,Condo/Townhome,34.14279,FOR SALE,-118.158874,1995000,2760,CA,192 S Orange Grove Boulevard 301,91105,2945
2,2,Pasadena,1,Condo/Townhome,34.13799,FOR SALE,-118.158132,1325000,2310,CA,480 S Orange Grove Boulevard 22,91105,2945
2,2,Burbank,0,Condo/Townhome,34.155828,FOR SALE,-118.349259,519000,982,CA,4340 W Kling Street 15,91505,2655
1,2,Santa Barbara,1,Condo/Townhome,34.415473,FOR SALE,-119.740657,515000,952,CA,1225 Rebecca Ln B,93105,3050
2,2,Fairfield,0,Condo/Townhome,38.292759,FOR SALE,-122.071503,440000,1409,CA,3263 Inwood Place,94534,2542
2,2,los angeles,0,Multi-Family,34.10206,FOR SALE,-118.28484,1500000,1160,CA,4349 PROSPECT Avenue,90027,2690
2,2,los angeles,0,Single Family,34.12547,FOR SALE,-118.37313,1185000,1660,CA,8914 WONDERLAND Avenue,90046,3800
2,2,Pasadena,0,Single Family,34.1536,FOR SALE,-118.085,699999,927,CA,425 Vineyard Place,91107,3275
2,2,Menifee,0,Single Family,33.6952,FOR SALE,-117.167,409000,1912,CA,28209 Panorama Hills Drive,92584,1620
1,2,San Bernardino,0,Single Family,34.17285,FOR SALE,-117.31949,219000,774,CA,4930 Vail Lane,92407,1340
1,2,Hayward,0,Single Family,37.67489,FOR SALE,-122.09219,539000,1015,CA,561 Simon St,94541,2660
1,2,Mountain View,0,Single Family,37.401328,FOR SALE,-122.100546,1499000,1080,CA,239 College Avenue,94040,5470
1,2,San Francisco,0,Single Family,37.730217,FOR SALE,-122.415825,849900,1377,CA,14 University Street,94134,4046
2,2,Fresno,0,Single Family,36.785904,FOR SALE,-119.680847,285700,1450,CA,6063 E Fedora Avenue Unit: 57,93727,859
1,2,Westchester,0,Single Family,33.96472,FOR SALE,-118.3947,879000,1188,CA,8111 VICKSBURG Avenue,90045,2370
2,2,San Diego,0,Single Family,33.0024,FOR SALE,-117.087,615000,1230,CA,11299 Redbud Ct,92127,1824
1,2,Long Beach,0,Single Family,33.8627,FOR SALE,-118.192,460000,763,CA,166 E Osgood Street,90805,1666
1,2,Upland,0,Single Family,34.1027,FOR SALE,-117.643,320000,876,CA,545 G Street,91786,1910
3,2,los angeles,1,Single Family,34.100852,FOR SALE,-118.344111,1269000,1837,CA,3101 S Dakota,90034,3650
2,2,Burbank,0,Single Family,34.1771,FOR SALE,-118.352,725000,1477,CA,1527 N Screenland Drive,91505,2655
2,2,Sacramento,0,Single Family,38.50955,FOR SALE,-121.52661,400000,1646,CA,64 Moonlit Circle,95831,1370
2,2,Camarillo,0,Single Family,34.219691,FOR SALE,-118.988706,650000,1829,CA,17242 Village 17,93012,2160
1,2,San Diego,0,Single Family,32.773,FOR SALE,-117.202,650000,792,CA,1356 Gertrude Street,92110,1795
2,2,Menifee,0,Single Family,33.691,FOR SALE,-117.166,415900,1734,CA,28295 Long Meadow Drive,92584,1620
1,2,Corona,0,Single Family,33.873547,FOR SALE,-117.555136,203900,850,CA,779 Gianni Drive 204,92883,2195
1,2,San Bernardino,0,Single Family,34.17025,FOR SALE,-117.28662,275000,1030,CA,178 Carmelita Lane,92407,1340
1,2,Fontana,0,Single Family,34.0741,FOR SALE,-117.447,300000,836,CA,16399 Mallory Drive,92335,1325
2,2,Camarillo,0,Single Family,34.2188,FOR SALE,-118.989,624000,1969,CA,19227 Village 19 19,93012,2160
2,2,Ontario,0,Single Family,34.0433,FOR SALE,-117.647,579988,1042,CA,328 E Locust Street,91761,1646
1,2,Oakland,0,Single Family,37.8128,FOR SALE,-122.294,578000,812,CA,1512 Campbell St,94607,3640
1,2,Ontario,0,Single Family,34.05346,FOR SALE,-117.66789,214900,686,CA,920 S. Palmetto Ave #10,91762,1425
2,2,los angeles,0,Single Family,34.11669,FOR SALE,-118.3723,1080000,1012,CA,2509 THAMES Street,90046,3800
2,2,Mission Viejo,0,Single Family,33.6088,FOR SALE,-117.648,599000,1230,CA,27647 Via Granados,92692,2195
1,2,Redlands,0,Single Family,34.0397,FOR SALE,-117.176,429900,960,CA,1016 Alvarado Street,92373,1420
1,2,Lancaster,0,Single Family,34.74326,FOR SALE,-118.29762,175000,844,CA,47345 W 93rd St,93536,1682
2,2,Mission Viejo,0,Single Family,33.6523,FOR SALE,-117.63,779999,1701,CA,21355 Amora,92692,2195
2,2,Menifee,0,Single Family,33.69367,FOR SALE,-117.16606,355000,1500,CA,28235 Meadowsweet Dr,92584,1620
1,2,San Diego,0,Single Family,32.749,FOR SALE,-117.19,889000,880,CA,2242 Congress St.,92110,1795
2,2,los angeles,0,Single Family,34.11369,FOR SALE,-118.38094,1399000,1340,CA,8568 WONDERLAND Avenue,90046,3800
2,2,Camarillo,0,Single Family,34.219495,FOR SALE,-118.994167,459900,1070,CA,4108 Village 4,93012,2160
2,2,Camarillo,0,Single Family,34.22443,FOR SALE,-118.9893,399000,1108,CA,11231 Village 11,93012,2160
1,2,San Dimas,0,Single Family,34.1094,FOR SALE,-117.805,569000,1044,CA,225 Iglesia,91773,1730
1,2,Hayward,0,Single Family,37.6497,FOR SALE,-122.077,550000,1256,CA,25739 Soto Rd,94544,2158
1,2,San Jose,0,Single Family,37.31397,FOR SALE,-121.90151,1549000,1704,CA,799 Coe Ave,95125,3065
1,2,Sacramento,0,Single Family,38.62453,FOR SALE,-121.43538,225000,900,CA,3131 High Street,95815,1315
2,2,Costa Mesa,0,Single Family,33.6497,FOR SALE,-117.914,995000,1170,CA,2070 Thurin Street,92627,2245
2,2,San Francisco,0,Single Family,37.77713,FOR SALE,-122.412186,1800000,2406,CA,689 Minna Street,94103,3960
2,2,Woodland Hills,0,Single Family,34.1699,FOR SALE,-118.628,749950,1430,CA,23010 Dolorosa Street,91367,2345
2,2,Ontario,0,Single Family,34.0201,FOR SALE,-117.57,325000,1134,CA,2914 Big Creek Lane,91761,1646
2,2,Paso Robles,0,Single Family,35.6082,FOR SALE,-120.649,275000,1088,CA,1802 Westfield Road,93446,2125
2,2,Burbank,1,Single Family,34.1671,FOR SALE,-118.302,659900,1209,CA,1300 S Lake Street,91502,2804
1,2,San Diego,0,Single Family,32.7845,FOR SALE,-117.09,499000,1081,CA,4847 Twain Ave.,92120,2406
2,2,Valencia,0,Single Family,34.4103,FOR SALE,-118.546,487990,896,CA,25925 Pueblo Drive,91355,2665
2,2,Menifee,0,Single Family,33.6933,FOR SALE,-117.165,379900,1690,CA,28253 Harmony Lane,92584,1620
1,2,Oakland,0,Single Family,37.84424,FOR SALE,-122.27243,749000,980,CA,5906 Genoa St,94608,3320
1,2,Paso Robles,0,Single Family,35.7132,FOR SALE,-120.969,450000,820,CA,5505 Whispering Pines Lane,93446,2125
1,2,Ontario,0,Single Family,34.07034,FOR SALE,-117.63834,355000,717,CA,818 E G Street,91764,2030
1,2,Inglewood,0,Single Family,33.94297,FOR SALE,-118.34995,520000,804,CA,4245 W. 103rd St,90304,3074
2,2,Redlands,0,Single Family,34.05389,FOR SALE,-117.1939,359900,1055,CA,807 Matthew Court,92373,1420
2,2,Long Beach,0,Single Family,33.7974,FOR SALE,-118.141,699000,1251,CA,2238 Ximeno Avenue,90815,2751
2,2,Murrieta,0,Single Family,33.5448,FOR SALE,-117.137,436500,1772,CA,30211 Carneros Circle,92563,1817
2,2,Long Beach,0,Single Family,33.8783,FOR SALE,-118.202,429995,1037,CA,134 E 68th Way,90805,1666
2,2,Van Nuys,1,Single Family,34.1844,FOR SALE,-118.447,475000,1227,CA,14323 Irma Way,91405,2529
2,2,Van Nuys,1,Single Family,34.1844,FOR SALE,-118.447,475000,1227,CA,14322 Irma Way,91405,2529
2,2,Oceanside,0,Single Family,33.2112,FOR SALE,-117.363,409900,1086,CA,913 Hillcrest Place,92058,1755
1,2,Vista,0,Single Family,33.20992,FOR SALE,-117.24095,439000,735,CA,771 N Citrus Ave,92084,1650
1,2,Orange,0,Single Family,33.79119,FOR SALE,-117.86151,569000,720,CA,283 N Batavia Street,92868,2694
1,2,North Hollywood,0,Single Family,34.1699,FOR SALE,-118.38,1100000,838,CA,11435 Cumpston Street,91601,3120
2,2,Santa Ana,0,Single Family,33.7536,FOR SALE,-117.84,559900,1444,CA,1921 E Fruit Street,92701,2040
1,2,Santa Monica,0,Single Family,34.02189,FOR SALE,-118.45367,1700000,1618,CA,2629 S 31st St,90405,5103
1,2,Long Beach,0,Single Family,33.8553,FOR SALE,-118.193,449999,1064,CA,119 E Louise Street,90805,1666
2,2,Menifee,0,Single Family,33.6949,FOR SALE,-117.17,414000,1868,CA,28049 Panorama Hills Drive,92584,1620
2,2,Camarillo,0,Single Family,34.229815,FOR SALE,-118.975234,399000,1253,CA,41069 Village 41,93012,2160
1,2,Long Beach,0,Single Family,33.87369,FOR SALE,-118.19582,435000,966,CA,323 E. Coolidge St,90805,1666
2,2,Ventura,0,Single Family,34.276738,FOR SALE,-119.258225,675000,1290,CA,271 N Brent Street,93003,2195
2,2,Irvine,1,Single Family,33.6894,FOR SALE,-117.725,1043990,1848,CA,170 Palencia,92618,2525
2,2,Santee,0,Single Family,32.8362,FOR SALE,-116.98755,430700,1199,CA,9631 Maccool Ln,92071,2131
2,2,Roseville,0,Single Family,38.74939,FOR SALE,-121.29708,389900,1444,CA,715 Circuit Drive,95678,1845
1,2,Mission Viejo,0,Single Family,33.61519,FOR SALE,-117.69046,610000,868,CA,23881 Rosehedge Street,92691,2560
2,2,Laguna Niguel,0,Single Family,33.5039,FOR SALE,-117.726,1185000,1494,CA,31566 Flying Cloud Drive,92677,2500
2,2,Corona,0,Single Family,33.8879,FOR SALE,-117.531,419900,1072,CA,520 Brookhaven Drive,92879,1631
1,2,Los Angeles,0,Single Family,34.03403,FOR SALE,-118.38278,735000,1262,CA,2831 S Corning St,90034,3650
2,2,Glendale,0,Single Family,34.1586,FOR SALE,-118.274,775000,1346,CA,824 Burchett Street,91202,2905
2,2,Mission Viejo,0,Single Family,33.6522,FOR SALE,-117.634,599000,1189,CA,21365 Cancun,92692,2195
2,2,Mission Viejo,0,Single Family,33.6124,FOR SALE,-117.645,588000,1295,CA,27820 Espinoza,92692,2195
1,2,Lakewood,0,Single Family,33.83936,FOR SALE,-118.08362,437000,734,CA,11710 209th St.,90715,1870
2,2,Chula Vista,1,Single Family,32.6208,FOR SALE,-117.06,669669,2280,CA,976 Corte Maria Ave,91911,2196
1,2,Orange,0,Single Family,33.7954,FOR SALE,-117.859,595000,792,CA,611 W Walnut Avenue,92868,2694
2,2,Mission Viejo,1,Single Family,33.6521,FOR SALE,-117.631,799900,2150,CA,21364 Miramar,92692,2195
2,2,Fullerton,0,Single Family,33.8821,FOR SALE,-117.937,988888,1459,CA,1014 N Woods Avenue,92835,1945
2,2,Menifee,0,Single Family,33.6798,FOR SALE,-117.194,385900,1651,CA,26739 Opalescent Drive,92584,1620
2,2,Camarillo,0,Single Family,34.216436,FOR SALE,-118.991532,417000,1064,CA,20124 Village 20,93012,2160
1,2,Burbank,0,Single Family,34.1511,FOR SALE,-118.333,1399000,1489,CA,415 S Fairview Street,91505,2655
2,2,Oceanside,0,Single Family,33.2145,FOR SALE,-117.325,332000,1498,CA,3747 S Vista Campana 93,92057,2165
2,2,Valencia,0,Single Family,34.4087,FOR SALE,-118.544,495000,909,CA,25811 El Gato Place,91355,2665
2,2,Menifee,0,Single Family,33.6914,FOR SALE,-117.167,339900,1297,CA,28247 Long Meadow Drive,92584,1620
2,2,Laguna Niguel,0,Single Family,33.5054,FOR SALE,-117.726,1095000,1529,CA,31494 Flying Cloud Drive,92677,2500
2,2,Camarillo,0,Single Family,34.22338,FOR SALE,-118.99077,585000,1948,CA,9211 Village 9,93012,2160
2,2,Sacramento,1,Single Family,38.68274,FOR SALE,-121.52112,539000,2538,CA,2574 Heritage Park Lane,95835,1943
1,2,West Hollywood,0,Single Family,34.08732,FOR SALE,-118.3607,1195000,806,CA,901 N Orange Grove Ave,90046,3800
2,2,Camarillo,0,Single Family,34.220976,FOR SALE,-118.984733,429900,1070,CA,26102 Village 26,93012,2160
2,2,Mission Viejo,0,Single Family,33.57601,FOR SALE,-117.66281,520000,1214,CA,26647 Guadiana,92691,2560
1,2,Chino,0,Single Family,34.0119,FOR SALE,-117.71,405000,1072,CA,4356 Chino Avenue,91710,1605
2,2,Long Beach,0,Single Family,33.8679,FOR SALE,-118.18657,479888,1091,CA,472 E Poppy Street,90805,1666
2,2,Lake Forest,1,Single Family,33.6389,FOR SALE,-117.703,399000,1414,CA,22315 Vista Verde Drive,92630,1993
1,2,Brea,0,Single Family,33.9156,FOR SALE,-117.905,1250000,1285,CA,411 Sievers Avenue,92821,1910
2,2,Laguna Niguel,0,Single Family,33.5059,FOR SALE,-117.725,1094995,1613,CA,31416 Flying Cloud Drive,92677,2500
1,2,Upland,0,Single Family,34.09189,FOR SALE,-117.65006,379900,978,CA,229 S 1st Avenue,91786,1910
1,2,Santee,0,Single Family,32.8322,FOR SALE,-117.014,88900,864,CA,"8701 Mesa Road, #138 #138",92071,2131
1,2,Palm Desert,2,Single Family,33.691,FOR SALE,-116.42379,895000,2200,CA,49100 Sondgroth Court,92260,1370
2,2,Canyon Country,0,Single Family,34.3499,FOR SALE,-118.383,795000,1608,CA,18755 Little Tujunga Canyon Road,91387,1825
2,2,Corona,0,Single Family,33.7705,FOR SALE,-117.502,409500,1290,CA,24022 Watercress Drive,92883,2195
1,2,Sherman Oaks,0,Single Family,34.15823,FOR SALE,-118.463649,675000,843,CA,15154 La Maida Street,91403,2505
1,2,Santa Ana,0,Single Family,33.7668,FOR SALE,-117.835,1095000,1897,CA,2224 E SANTA CLARA Avenue,92705,2234
1,2,Paso Robles,0,Single Family,35.6321,FOR SALE,-120.69,429000,750,CA,823 17th Street,93446,2125
2,2,Palm Desert,1,Single Family,33.697472,FOR SALE,-116.418694,929000,3096,CA,71440 Oasis Trail,92260,1370
2,2,Sacramento,0,Single Family,38.60385,FOR SALE,-121.53785,1899000,1808,CA,1951 Garden Highway,95833,1500
1,2,Paso Robles,0,Single Family,35.7407,FOR SALE,-121.003,1100000,900,CA,3650 Acorn Lane,93446,2125
3,2,Fremont,0,Single Family,37.56724167,FOR SALE,-122.0047531,649850,1376,CA,2848 BARRINGTON Terr,94536,3173
4,2,San Bernardino,0,Single Family,34.2764,FOR SALE,-117.452,3999900,3800,CA,15810 Cajon Boulevard,92407,1340
2,2,Vacaville,0,Single Family,38.392574,FOR SALE,-122.001244,750000,800,CA,6884 Steiger Hill Road,95688,2050
2,2,Suisun City,0,Single Family,38.251724,FOR SALE,-121.997093,340000,1050,CA,1211 Bittern Way,94585,1703
1,2,Santa Rosa,0,Single Family,38.441734,FOR SALE,-122.723656,275000,899,CA,756 Wilson Street,95401,2484
3,3,Canyon Country,0,Condo/Townhome,34.41515,FOR SALE,-118.44714,367000,1268,CA,18016 River CR #1,91387,2672
2,3,Murrieta,0,Condo/Townhome,33.5532,FOR SALE,-117.164,315000,1408,CA,39903 Millbrook Way 7C,92563,2699
2,3,Dublin,1,Condo/Townhome,37.7066,FOR SALE,-121.947,789888,1598,CA,11478 Winding Trail Ln,94568,2840
2,3,Irvine,0,Condo/Townhome,33.6674,FOR SALE,-117.851,747000,1345,CA,1368 Scholarship,92612,3690
2,3,San Diego,1,Condo/Townhome,32.7898,FOR SALE,-117.063,699000,2078,CA,6306 Caminito Estrellado,92120,3339
2,3,San Diego,1,Condo/Townhome,32.7818,FOR SALE,-117.149,674900,1306,CA,2526 Aperture Cir,92108,3615
2,3,Huntington Beach,1,Condo/Townhome,33.6859,FOR SALE,-117.993,730000,1585,CA,19058 Delaware Street,92648,4967
2,3,Chula Vista,1,Condo/Townhome,32.617911,FOR SALE,-116.956174,475000,1794,CA,2205 Andalusia Ln 3,91915,3100
2,3,Chino,1,Condo/Townhome,33.96663,FOR SALE,-117.62794,418000,1612,CA,15803  Mcintosh Ave,91708,2444
2,3,La Habra,1,Condo/Townhome,33.9264,FOR SALE,-117.963,470000,1618,CA,1560 Silver Maple Drive,90631,3075
2,3,Santa Rosa,1,Condo/Townhome,38.45175,FOR SALE,-122.76816,410000,1127,CA,1548 Pinebrook Place,95403,3295
2,3,Walnut Creek,1,Condo/Townhome,37.9165,FOR SALE,-122.056,899000,1770,CA,2480 Westcliffe Ln B,94597,3880
2,3,San Diego,1,Condo/Townhome,32.56357962,FOR SALE,-117.0142374,410000,1686,CA,5426 Santa Alicia,92154,2538
2,3,los angeles,0,Condo/Townhome,34.06318,FOR SALE,-118.29448,680000,1480,CA,625 South BERENDO Street 307,90005,4102
2,3,Fremont,0,Condo/Townhome,37.5419,FOR SALE,-121.979,675000,1389,CA,4067 Murray Cmn 65,94538,3559
2,3,Garden Grove,1,Condo/Townhome,33.7826,FOR SALE,-117.952,596490,1501,CA,12225 Greenleaf Lane,92840,2830
2,3,Laguna Niguel,0,Condo/Townhome,33.5039,FOR SALE,-117.72,560000,1219,CA,31624 W Nine Drive GL109,92677,3595
2,3,Chula Vista,1,Condo/Townhome,32.6336,FOR SALE,-116.94,475000,1646,CA,2737 Crown Ridge Road 2,91915,3100
3,3,Canyon Country,0,Condo/Townhome,34.4053,FOR SALE,-118.454,395000,1419,CA,27007 Karns Court 2402,91387,2672
2,3,San Diego,0,Condo/Townhome,32.7182,FOR SALE,-117.168,695000,1281,CA,1240 India St 702,92101,3055
2,3,San Diego,0,Condo/Townhome,32.8611,FOR SALE,-117.225,675000,1322,CA,4150 Porte De Palmas 11,92122,3650
2,3,Simi Valley,1,Condo/Townhome,34.2515,FOR SALE,-118.815,565000,1504,CA,717 Congressional Road,93065,2864
2,3,Woodland Hills,1,Condo/Townhome,34.1834,FOR SALE,-118.612,559900,1568,CA,22271 Erwin Street,91367,3277
2,3,Corte Madera,0,Condo/Townhome,37.91864,FOR SALE,-122.50373,900000,1508,CA,17 Mariner Green Drive,94925,5550
2,3,Lake Forest,1,Condo/Townhome,33.6417,FOR SALE,-117.672,539900,1351,CA,26368 Spring Creek Circle 52,92630,3020
2,3,Garden Grove,0,Condo/Townhome,33.7882,FOR SALE,-117.912,499000,1343,CA,12664 Chapman Avenue 1404,92840,2830
3,3,Chula Vista,0,Condo/Townhome,32.6201,FOR SALE,-116.958,498000,1874,CA,1731 Rolling Water Dr 3,91915,3100
2,3,Lakewood,1,Condo/Townhome,33.841,FOR SALE,-118.079,449900,1210,CA,20809 Seine Avenue 4,90715,2200
3,3,Costa Mesa,1,Condo/Townhome,33.6509,FOR SALE,-117.919,1257000,2362,CA,2105 Two Harbors Circle,92627,3190
2,3,Sacramento,0,Condo/Townhome,38.68252,FOR SALE,-121.50364,359000,1492,CA,1892 Dawnelle Way,95835,2024
2,3,Huntington Beach,0,Condo/Townhome,33.6622,FOR SALE,-117.976,609900,1287,CA,8855 Sutter Circle 516D,92646,3113
3,3,San Jose,0,Condo/Townhome,37.28376,FOR SALE,-121.85609,998000,1813,CA,3099 Lina Ln Unit 1,95136,2965
2,3,Anaheim,1,Condo/Townhome,33.817867,FOR SALE,-117.997267,650000,1531,CA,914 S Belterra Way,92804,2230
3,3,Irvine,0,Condo/Townhome,33.6772,FOR SALE,-117.848,959990,1914,CA,204 Tribeca,92612,3690
2,3,Irvine,0,Condo/Townhome,33.6591,FOR SALE,-117.831,759000,1507,CA,7 Verde,92612,3690
2,3,Irvine,0,Condo/Townhome,33.6657,FOR SALE,-117.851,748000,1456,CA,3259 Watermarke Place,92612,3690
2,3,San Diego,1,Condo/Townhome,32.7818,FOR SALE,-117.149,739900,1585,CA,2613 Aperture Cir,92108,3615
2,3,San Diego,1,Condo/Townhome,32.7818,FOR SALE,-117.149,699000,1470,CA,2400 Aperture Cir,92108,3615
1,3,Irvine,1,Condo/Townhome,33.6698,FOR SALE,-117.82,549000,1260,CA,16 Fairside 31,92614,3377
2,3,Lake Forest,1,Condo/Townhome,33.6558,FOR SALE,-117.67,540000,1358,CA,21101 Highlander,92630,3020
2,3,Simi Valley,1,Condo/Townhome,34.2514,FOR SALE,-118.813,523000,1579,CA,"620  Ivywood Lane, E E",93065,2864
2,3,Simi Valley,1,Condo/Townhome,34.269328,FOR SALE,-118.793412,535000,1499,CA,173 Harpstone Lane 158,93065,2864
2,3,Lake Forest,1,Condo/Townhome,33.6405,FOR SALE,-117.673,535000,1351,CA,26367 W Grove Circle 60,92630,3020
2,3,Carlsbad,1,Condo/Townhome,33.1663,FOR SALE,-117.295,515000,1341,CA,4051 Peninsula Drive,92010,3233
2,3,Camarillo,1,Condo/Townhome,34.21918,FOR SALE,-119.011764,500000,1348,CA,266 Calle Orovista,93012,3365
2,3,Simi Valley,1,Condo/Townhome,34.252834,FOR SALE,-118.809042,479999,1579,CA,450 Country Club Drive C,93065,2864
3,3,Los Angeles,0,Condo/Townhome,34.0951,FOR SALE,-118.345,839500,1510,CA,1319 N Detroit Street 6,90046,5355
2,3,San Diego,0,Condo/Townhome,32.7173,FOR SALE,-117.171,2248888,1944,CA,1199 Pacific Highway 2306,92101,3055
2,3,Huntington Beach,1,Condo/Townhome,33.6744,FOR SALE,-118.021,1275000,2361,CA,6260 Seabourne Drive 53,92648,4967
2,3,San Diego,1,Condo/Townhome,32.7089,FOR SALE,-117.158,998000,1894,CA,325 7Th Ave 215,92101,3055
2,3,Huntington Beach,1,Condo/Townhome,33.6629,FOR SALE,-117.998,735000,1384,CA,626 Lake Street 60,92648,4967
2,3,San Diego,0,Condo/Townhome,32.7173,FOR SALE,-117.171,1524900,1945,CA,1199 Pacific Hwy 1606,92101,3055
2,3,Huntington Beach,0,Condo/Townhome,33.6629,FOR SALE,-117.971,660000,1287,CA,8933 Yolo Circle 1308C,92646,3113
1,3,San Diego,1,Condo/Townhome,32.788,FOR SALE,-117.097,399900,1066,CA,4530 Vandever Avenue 3,92120,3339
2,3,Murrieta,1,Condo/Townhome,33.556,FOR SALE,-117.161,310000,1654,CA,39664 Columbia Union Drive B,92563,2699
2,3,Downey,1,Condo/Townhome,33.9458,FOR SALE,-118.114,559900,1494,CA,9120 Florence Avenue,90240,2932
2,3,Irvine,0,Condo/Townhome,33.655,FOR SALE,-117.816,949000,2289,CA,42 Valley 28,92612,3690
2,3,Costa Mesa,1,Condo/Townhome,33.6575,FOR SALE,-117.942,720000,1551,CA,1001 Nancy Lane 1001,92627,3190
2,3,La Habra,1,Condo/Townhome,33.94068353,FOR SALE,-117.94833,534900,1722,CA,960 HILLSIDE Street B,90631,3075
2,3,La Habra,1,Condo/Townhome,33.94068353,FOR SALE,-117.94833,534900,1722,CA,960 HILLSIDE Street D,90631,3075
2,3,Lake Forest,0,Condo/Townhome,33.6553,FOR SALE,-117.666,539000,1208,CA,26571 Moon Ridge,92630,3020
2,3,Los Angeles,0,Condo/Townhome,34.0681,FOR SALE,-118.239,488000,1403,CA,1550 Stadium Way 6,90012,3699
2,3,Rancho Cucamonga,1,Condo/Townhome,34.1098,FOR SALE,-117.555,440000,1696,CA,11450 Church Street 86,91730,2405
1,3,Simi Valley,1,Condo/Townhome,34.259892,FOR SALE,-118.77856,429900,1448,CA,1101 Catlin Street C,93065,2864
2,3,Anaheim,0,Condo/Townhome,33.8355,FOR SALE,-117.905,469880,1185,CA,925 E Broadway,92805,3500
2,3,Lakewood,1,Condo/Townhome,33.8439,FOR SALE,-118.085,449000,1361,CA,11628 205th Street,90715,2200
2,3,Ontario,1,Condo/Townhome,34.0685,FOR SALE,-117.614,425000,1900,CA,433 N Placer Privado,91764,2415
1,3,Anaheim,1,Condo/Townhome,33.8188724,FOR SALE,-117.9576636,449900,1343,CA,2156 W Wellington Circle,92804,2230
2,3,San Diego,1,Condo/Townhome,32.8669,FOR SALE,-117.209,730000,1512,CA,8851 Via Andar,92122,3650
2,3,Rancho Cucamonga,1,Condo/Townhome,34.107,FOR SALE,-117.615,440000,1723,CA,8737 Olive Tree,91730,2405
2,3,Chula Vista,0,Condo/Townhome,32.63334,FOR SALE,-116.93689,429500,1431,CA,1521 Victory Lane 4,91915,3100
2,3,Huntington Beach,0,Condo/Townhome,33.6634,FOR SALE,-117.973,609000,1287,CA,8885 Plumas Circle 1116D,92646,3113
3,3,Woodland Hills,0,Condo/Townhome,34.18336,FOR SALE,-118.61231,563000,1518,CA,6212 Nita Avenue,91367,3277
2,3,Huntington Beach,1,Condo/Townhome,33.6797,FOR SALE,-117.993,675000,1700,CA,2505 Delaware Street 2,92648,4967
1,3,Santee,0,Condo/Townhome,32.83419,FOR SALE,-117.02637,384900,1323,CA,7897 Rancho Fanita Drive G,92071,2683
3,3,Diamond Bar,0,Condo/Townhome,33.9998,FOR SALE,-117.818,580000,1468,CA,22905 Estoril Drive 2,91765,2395
2,3,Huntington Beach,1,Condo/Townhome,33.6784,FOR SALE,-117.992,675000,1291,CA,2332 Delaware Street,92648,4967
2,3,Laguna Niguel,1,Condo/Townhome,33.5076,FOR SALE,-117.733,939999,2657,CA,16 Toulon,92677,3595
2,3,Irvine,0,Condo/Townhome,33.6592,FOR SALE,-117.835,749000,1507,CA,56 Arboles 47,92612,3690
3,3,Newport Beach,0,Condo/Townhome,33.6243,FOR SALE,-117.876,2370000,2500,CA,4 Rue Fontainbleau,92660,4660
2,3,San Francisco,0,Condo/Townhome,37.710991,FOR SALE,-122.469482,900000,1520,CA,180 St Charles Avenue,94132,4525
2,3,San Diego,0,Condo/Townhome,32.7647,FOR SALE,-117.188,660000,1969,CA,5845 Friars Rd 1403,92110,3095
2,3,Corona,1,Condo/Townhome,33.8959,FOR SALE,-117.522,378888,1555,CA,2270 Indigo Hills Drive 4,92879,2449
2,3,Norwalk,1,Condo/Townhome,33.89093,FOR SALE,-118.07047,420000,1142,CA,12309 Cheshire St #C,90650,2190
2,3,La Habra,1,Condo/Townhome,33.9397,FOR SALE,-117.956,479000,1579,CA,828 Citrus Drive 5,90631,3075
2,3,Corona,1,Condo/Townhome,34.252244,FOR SALE,-105.595794,479900,2180,CA,2772 Apollo Way 105,92883,2550
2,3,Corona,1,Condo/Townhome,33.875665,FOR SALE,-117.568843,429000,1948,CA,4261 Odyssey Drive 103,92883,2550
2,3,Laguna Niguel,0,Condo/Townhome,33.508429,FOR SALE,-117.716489,535000,1238,CA,31267 E Nine Dr 20G,92677,3595
2,3,Newport Beach,1,Condo/Townhome,33.6449,FOR SALE,-117.875,1095000,1887,CA,438 Vista Parada,92660,4660
2,3,Fremont,0,Single Family,37.5341,FOR SALE,-121.992,1098000,1324,CA,4890 Phelan Ave,94538,3559
2,3,Garden Grove,0,Single Family,33.7805,FOR SALE,-117.925,599000,1093,CA,11882 Sumo Circle,92840,2830
3,3,Newport Beach,2,Single Family,33.61213,FOR SALE,-117.90148,9500000,4550,CA,18 Linda Isle,92660,4660
2,3,Ontario,1,Single Family,34.0722,FOR SALE,-117.644,435000,1460,CA,548 E H Street,91764,2415
2,3,La Habra,0,Single Family,33.9344,FOR SALE,-117.968,399000,1449,CA,1931 W El Portal Drive,90631,3075
2,3,Simi Valley,1,Single Family,34.254684,FOR SALE,-118.776775,799000,2889,CA,805 Hemlock Ridge Court,93065,2864
2,3,San Diego,0,Single Family,32.7963,FOR SALE,-117.127,699000,1635,CA,2854 Amulet St,92123,3737
2,3,Fremont,0,Single Family,37.525,FOR SALE,-121.96183,1190000,1310,CA,41772 Gifford St,94538,3559
2,3,La Habra,0,Single Family,33.9186,FOR SALE,-117.9493,550000,1833,CA,400 Keene Drive,90631,3075
2,3,Folsom,0,Single Family,38.65442,FOR SALE,-121.08881,549900,1613,CA,464 Lone Spur Drive,95630,2225
1,3,Garden Grove,1,Single Family,33.79314,FOR SALE,-117.92961,499999,1500,CA,11651 Samuel Drive,92840,2830
2,3,Van Nuys,1,Single Family,34.1913,FOR SALE,-118.438,839000,1673,CA,6633 Costello Avenue,91405,3160
2,3,Camarillo,1,Single Family,34.2401,FOR SALE,-119.01,615000,1825,CA,4577 La Tuna Court,93012,3365
2,3,Anaheim,0,Single Family,33.8246,FOR SALE,-117.954,599000,1614,CA,2027 W Random Drive,92804,2230
2,3,Chula Vista,1,Single Family,32.6307,FOR SALE,-116.955,588000,1563,CA,1405 Hidden Valley Avenue,91915,3100
2,3,Vista,1,Single Family,33.202,FOR SALE,-117.261,579999,1874,CA,822 Silver Drive,92083,2615
1,3,Hayward,0,Single Family,37.6099,FOR SALE,-122.028,575000,1031,CA,32546 Dearborn St,94544,2595
2,3,Redlands,0,Single Family,34.0354,FOR SALE,-117.191,420000,1478,CA,1232 W Palm Avenue,92373,1804
2,3,Fresno,0,Single Family,36.874138,FOR SALE,-119.765671,295000,1529,CA,9492 N Whitehouse Drive,93720,1599
2,3,Garden Grove,0,Single Family,33.78183,FOR SALE,-117.93033,799000,1598,CA,11611 Lampson Avenue,92840,2830
2,3,Redlands,0,Single Family,34.02626,FOR SALE,-117.14699,669500,2429,CA,515 E Mariposa Drive,92373,1804
2,3,Simi Valley,0,Single Family,34.26509,FOR SALE,-118.788,574000,1316,CA,1426 Milan Dr,93065,2864
1,3,Simi Valley,1,Single Family,34.26247,FOR SALE,-118.76776,529950,1650,CA,1597 Casarin Ave,93065,2864
2,3,Glendora,0,Single Family,34.1128,FOR SALE,-117.861,619950,1435,CA,1441 S Rimhurst Avenue,91740,3160
2,3,Orcutt,0,Single Family,34.8725,FOR SALE,-120.435,460000,1402,CA,4554 Carissa Court,93455,2150
1,3,Orcutt,1,Single Family,34.8844,FOR SALE,-120.415,305000,1276,CA,1193 Sumner Place D,93455,2150
2,3,Moreno Valley,0,Single Family,33.9182,FOR SALE,-117.157,295000,1041,CA,13935 Redlands Boulevard,92555,2030
2,3,Rancho Cucamonga,1,Single Family,34.11889,FOR SALE,-117.54864,659999,2830,CA,7437 Rutledge Court,91730,2405
2,3,Lakeside,0,Single Family,32.83056,FOR SALE,-116.92646,549900,1804,CA,12357 Winter Gardens Dr,92040,1500
2,3,Norwalk,0,Single Family,33.91438,FOR SALE,-118.09222,545000,1245,CA,11309 Adoree St.,90650,2190
1,3,Norwalk,0,Single Family,33.91923,FOR SALE,-118.08936,525000,1061,CA,12322 Summer Ave,90650,2190
2,3,Santee,0,Single Family,32.82735,FOR SALE,-117.01667,679000,1905,CA,8442 Mesa View Rd,92071,2683
2,3,Sacramento,0,Single Family,38.55244,FOR SALE,-121.38361,329900,1282,CA,2960 Loyola Street,95826,2068
2,3,Huntington Beach,1,Single Family,33.6708,FOR SALE,-118.01,998500,1786,CA,606 20th Street,92648,4967
2,3,Fremont,0,Single Family,37.563,FOR SALE,-122.036,998500,1232,CA,4629 Claudia Ct,94536,3078
2,3,Fremont,0,Single Family,37.516,FOR SALE,-121.977,950000,1097,CA,5574 Simm Ct,94538,3559
1,3,Norwalk,0,Single Family,33.8891,FOR SALE,-118.095,495000,1136,CA,15532 Elmcroft Avenue,90650,2190
1,3,Anaheim,0,Single Family,33.8505,FOR SALE,-117.899,493000,1400,CA,1140 N Louise Drive,92805,3500
2,3,Fresno,0,Single Family,36.855385,FOR SALE,-119.769341,320000,1673,CA,782 E Omaha Avenue,93720,1599
3,3,Roseville,0,Single Family,38.77947,FOR SALE,-121.34129,580000,2287,CA,625 Ponderosa Court,95747,3049
4,3,los angeles,0,Single Family,34.12213,FOR SALE,-118.36435,1599000,2448,CA,2811 SEATTLE Drive,90046,5355
4,3,La Habra Heights,1,Single Family,33.9655,FOR SALE,-117.955,1488000,3766,CA,575 Reposado Drive,90631,3075
1,3,La Habra,0,Single Family,33.9352,FOR SALE,-117.952,475000,1350,CA,540 Highlander Avenue,90631,3075
1,3,Long Beach,0,Single Family,33.8801,FOR SALE,-118.194,475000,1206,CA,6930 Beechley Avenue,90805,2389
2,3,Sacramento,0,Single Family,38.55542,FOR SALE,-121.3897,375000,1411,CA,8524 Merribrook Dr,95826,2068
3,3,los angeles,0,Single Family,34.10448,FOR SALE,-118.37235,1450000,1568,CA,8357 YUCCA Trails,90046,5355
1,3,Anaheim,1,Single Family,33.8251,FOR SALE,-117.988,689000,1139,CA,2863 W Orange Avenue,92804,2230
2,3,Van Nuys,0,Single Family,34.2037,FOR SALE,-118.433,645000,1741,CA,7320 Matilija Avenue,91405,3160
4,3,Anaheim,0,Single Family,33.798,FOR SALE,-117.935,950000,3040,CA,1564 W Amarita Lane,92802,2275
2,3,Dublin,0,Single Family,37.7172,FOR SALE,-121.924,777777,1053,CA,7045 Mansfield Avenue,94568,2840
2,3,San Diego,0,Single Family,32.57857,FOR SALE,-117.05004,520000,1175,CA,3903 Arey Dr,92154,2538
2,3,Van Nuys,0,Single Family,34.20369,FOR SALE,-118.43233,667000,1493,CA,13726 LEADWELL Street,91405,3160
2,3,Santa Maria,1,Single Family,34.9117,FOR SALE,-120.419,465000,1868,CA,1043 Stacy Ann,93455,2150
2,3,Santa Maria,0,Single Family,34.9077,FOR SALE,-120.423,450000,1822,CA,2839 Stardust Drive,93455,2150
1,3,Norwalk,0,Single Family,33.899,FOR SALE,-118.05,435000,980,CA,14523 Cabrillo Avenue,90650,2190
3,3,Calabasas,0,Single Family,34.1394,FOR SALE,-118.658,1499000,2002,CA,24734 Via Pradera,91302,3154
2,3,San Diego,0,Single Family,32.7872,FOR SALE,-117.154,774990,1732,CA,2460 Blue Jay Drive,92123,3737
2,3,West Covina,0,Single Family,34.0771,FOR SALE,-117.925,599800,1404,CA,1023 E Greendale Street,91790,2560
1,3,Ontario,0,Single Family,34.0774,FOR SALE,-117.635,395000,936,CA,939 E Rosewood,91764,2415
1,3,Sunnyvale,1,Single Family,37.39392,FOR SALE,-122.02605,1288000,1092,CA,687 Madrone Ave,94085,4599
2,3,Elk Grove,0,Single Family,38.44437,FOR SALE,-121.44354,365126,1451,CA,8613 Edgeware Way,95758,2065
2,3,Sacramento,0,Single Family,38.68088,FOR SALE,-121.50607,359900,1582,CA,271 Arnold Gamble Circle,95835,2024
2,3,Sacramento,0,Single Family,38.55612,FOR SALE,-121.36263,336000,1319,CA,9104 Starina Way,95826,2068
2,3,Chino Hills,0,Single Family,33.9737,FOR SALE,-117.703,565000,1644,CA,15401 Monterey Avenue,91709,2875
1,3,Ontario,0,Single Family,34.0897,FOR SALE,-117.621,365000,915,CA,1740 N Leeds Avenue,91764,2415
2,3,Santee,0,Single Family,32.84902,FOR SALE,-117.00071,469900,1307,CA,9241 Dunbarton Rd,92071,2683
2,3,Laguna Niguel,1,Single Family,33.56029,FOR SALE,-117.70075,899000,2063,CA,27718 Homestead Road,92677,3595
2,3,Pleasanton,1,Single Family,37.71519,FOR SALE,-121.87284,938000,1655,CA,4116 Lorimer Loop,94568,2840
2,3,Camarillo,0,Single Family,34.212999,FOR SALE,-119.012617,735000,2038,CA,4374 Leatherwood Street,93012,3365
2,3,Anaheim,0,Single Family,33.8028,FOR SALE,-117.93,720000,1780,CA,1244 W Katella Avenue,92802,2275
2,3,Elk Grove,0,Single Family,38.41065,FOR SALE,-121.45076,389000,1469,CA,4609 Castle Grove Way,95758,2065
2,3,Sacramento,0,Single Family,38.6776,FOR SALE,-121.52418,459800,1975,CA,6 Converse Ct,95835,2024
3,3,Ontario,0,Single Family,34.07371,FOR SALE,-117.58357,360000,1554,CA,932 N. Turner AVe #5,91764,2415
2,3,Murrieta,0,Single Family,33.5743,FOR SALE,-117.107,424800,1940,CA,31619 Desert Holly Place,92563,2699
2,3,Woodland Hills,0,Single Family,34.17907,FOR SALE,-118.57412,1150000,1975,CA,20213 Oxnard Street,91367,3277
2,3,Laguna Niguel,1,Single Family,33.5277,FOR SALE,-117.697,839000,2013,CA,24842 Oxford Drive,92677,3595
2,3,Laguna Niguel,1,Single Family,33.5525,FOR SALE,-117.698,839000,1728,CA,28252 Via Alfonse,92677,3595
2,3,Moreno Valley,0,Single Family,33.9388,FOR SALE,-117.204,340000,1726,CA,26302 Primrose Way,92555,2030
2,3,Santa Clarita,0,Single Family,34.42075,FOR SALE,-118.45015,318000,948,CA,18008 Saratoga Way Unit 518,91387,2672
2,3,West Covina,0,Single Family,34.06033,FOR SALE,-117.96247,529000,1137,CA,2104 W Lufkin Street,91790,2560
2,3,Folsom,1,Single Family,38.70073,FOR SALE,-121.19242,442500,1423,CA,276 Caples Drive,95630,2225
3,3,los angeles,0,Single Family,34.12037089,FOR SALE,-118.3698871,1995000,2288,CA,2678 WOODSTOCK Road,90046,5355
2,3,Van Nuys,0,Single Family,34.2052,FOR SALE,-118.442,1900000,2060,CA,14203 Valerio Street,91405,3160
3,3,los angeles,0,Single Family,34.08083,FOR SALE,-118.34033,1850000,1900,CA,516 North MANSFIELD Avenue,90036,6024
3,3,Huntington Beach,1,Single Family,33.6606,FOR SALE,-118.002,1629990,2784,CA,304 7th Street,92648,4967
2,3,Costa Mesa,0,Single Family,33.6671,FOR SALE,-117.914,869500,1520,CA,328 Hanover Drive,92626,3795
2,3,Westchester,0,Single Family,33.9563,FOR SALE,-118.391,849000,1578,CA,8906 De Haviland Avenue,90045,3705
2,3,Huntington Beach,1,Single Family,33.6717,FOR SALE,-117.992,849000,1489,CA,1613 Hillcrest Circle,92648,4967
2,3,Anaheim,0,Single Family,33.8444,FOR SALE,-117.873,575000,1471,CA,327 N Plantation Place,92806,2765
3,3,Los Angeles,1,Single Family,34.11646,FOR SALE,-118.35562,4375000,2723,CA,2530 Astral Dr,90046,5355
2,3,Folsom,0,Single Family,38.67099,FOR SALE,-121.17127,485000,1540,CA,82 Diggins Drive,95630,2225
2,3,Elk Grove,1,Single Family,38.42174,FOR SALE,-121.43917,405000,1946,CA,5724 Spring Creek Way,95758,2065
2,3,Sacramento,0,Single Family,38.56341,FOR SALE,-121.36342,360000,1750,CA,2700 Point Reyes Way,95826,2068
2,3,Anaheim,0,Single Family,33.8671,FOR SALE,-117.862,619000,1240,CA,1754 N Rutherford Street,92806,2765
3,3,Glendora,0,Single Family,34.1254,FOR SALE,-117.858,598800,1559,CA,461 E Mauna Loa Avenue,91740,3160
1,3,Hayward,0,Single Family,37.6394,FOR SALE,-122.082,588888,1042,CA,1018 Inglewood St,94544,2595
1,3,Glendora,1,Single Family,34.1098,FOR SALE,-117.857,575000,1556,CA,1616 Windsor Place,91740,3160
2,3,Corona,1,Single Family,33.8602,FOR SALE,-117.564,445000,1348,CA,390 E Hacienda Drive,92879,2449
2,3,Ontario,1,Single Family,34.025,FOR SALE,-117.578,439888,1263,CA,2633 Tahoe Drive,91761,2275
2,3,Huntington Beach,1,Single Family,33.6681,FOR SALE,-118.014,1348800,2286,CA,219 20th Street,92648,4967
2,3,Huntington Beach,0,Single Family,33.7035,FOR SALE,-118.011,795000,1250,CA,17821 San Leandro Lane,92647,2340
2,3,Huntington Beach,0,Single Family,33.6866,FOR SALE,-117.964,776900,1176,CA,19012 Mathew Circle,92646,3113
2,3,Dublin,0,Single Family,37.7138,FOR SALE,-121.921,775000,1288,CA,6981 Amador Valley Blvd,94568,2840
2,3,Lake Balboa,0,Single Family,34.2162,FOR SALE,-118.506,549500,1479,CA,17100 Baltar Street,91406,2895
2,3,Redlands,0,Single Family,34.0462,FOR SALE,-117.183,549500,1432,CA,446 S Buena Vista Street,92373,1804
2,3,Newport Beach,1,Single Family,33.63346,FOR SALE,-117.89871,1548800,1583,CA,1918 Teresita Lane,92660,4660
2,3,Huntington Beach,1,Single Family,33.6842,FOR SALE,-118,1034000,2135,CA,19185 Brynn Court,92648,4967
2,3,Moreno Valley,1,Single Family,33.9069,FOR SALE,-117.161,327300,2089,CA,14736 Grandview Drive,92555,2030
2,3,Norwalk,0,Single Family,33.88867,FOR SALE,-118.08799,579999,1845,CA,"11515 Hayford St,",90650,2190
3,3,La Habra,0,Single Family,33.9454,FOR SALE,-117.935,748888,2200,CA,1421 Roanne,90631,3075
2,3,Long Beach,0,Single Family,33.7823,FOR SALE,-118.102,729000,1514,CA,6721 E El Jardin Street,90815,3711
2,3,Garden Grove,0,Single Family,33.7924,FOR SALE,-117.957,709000,2024,CA,10072 Roselee Drive,92840,2830
2,3,Woodland Hills,1,Single Family,34.1707,FOR SALE,-118.639,1025000,2703,CA,23520 Berdon Street,91367,3277
2,3,Anaheim,0,Single Family,33.8133,FOR SALE,-117.947,649000,1702,CA,1823 W Chanticleer Road,92804,2230
2,3,Glendora,0,Single Family,34.1161,FOR SALE,-117.851,648800,1765,CA,1303 Bruning Avenue,91740,3160
1,3,Redlands,1,Single Family,34.0463,FOR SALE,-117.189,399500,1480,CA,314 Bond Street,92373,1804
1,3,Menlo Park,0,Single Family,37.47486,FOR SALE,-122.15985,969000,1070,CA,1208 Henderson Ave,94025,5665
2,3,Santa Monica,0,Single Family,34.0275,FOR SALE,-118.462,1725000,1686,CA,2850 Delaware Avenue,90404,5583
2,3,Norwalk,0,Single Family,33.9257,FOR SALE,-118.096,574900,1186,CA,11718 Dalwood Avenue,90650,2190
2,3,Anaheim,0,Single Family,33.8264,FOR SALE,-117.982,565000,1364,CA,423 S Doyle Drive S,92804,2230
2,3,Anaheim,0,Single Family,33.8194,FOR SALE,-118.004,675000,1827,CA,902 S Westchester Drive,92804,2230
2,3,Orange,0,Single Family,33.7866,FOR SALE,-117.872,634000,1096,CA,1814 W Robin Road,92868,3426
2,3,Lakewood,0,Single Family,33.83534,FOR SALE,-118.08736,575000,1423,CA,11535 214th St,90715,2200
2,3,Simi Valley,0,Single Family,34.27923,FOR SALE,-118.74737,474721,1653,CA,2535 Cochran St,93065,2864
3,3,Huntington Beach,1,Single Family,33.6898,FOR SALE,-118,985000,2576,CA,18782 Roxbury Lane,92648,4967
2,3,Moreno Valley,1,Single Family,33.9352,FOR SALE,-117.19,350000,1874,CA,27082 Dolostone Way,92555,2030
2,3,Redlands,0,Single Family,34.04821,FOR SALE,-117.1949,359900,1155,CA,32 Dale Lane,92373,1804
2,3,Lake Forest,1,Single Family,33.6448,FOR SALE,-117.702,858000,1680,CA,21882 Winnebago Lane,92630,3020
3,3,Chino Hills,0,Single Family,33.9768,FOR SALE,-117.726,849800,2141,CA,15206 Hawthorn Avenue,91709,2875
2,3,Anaheim,0,Single Family,33.8292,FOR SALE,-117.97,550000,1505,CA,228 S Mall Way,92804,2230
2,3,Laguna Niguel,1,Single Family,33.5114,FOR SALE,-117.705,1195000,1782,CA,48 Pienza,92677,3595
2,3,Long Beach,0,Single Family,33.8084,FOR SALE,-118.106,684900,1210,CA,2850 Iroquois Avenue,90815,3711
2,3,Costa Mesa,1,Single Family,33.643,FOR SALE,-117.909,1399000,2774,CA,244 E 20th Street,92627,3190
2,3,Ontario,0,Single Family,34.07553,FOR SALE,-117.61315,449000,1292,CA,941 North SACRAMENTO Avenue,91764,2415
2,3,Corona,0,Single Family,33.7238,FOR SALE,-117.422,422000,1442,CA,13673 Basswood Drive,92883,2550
1,3,Chino Hills,1,Single Family,33.9775,FOR SALE,-117.704,399000,1300,CA,4612 Mesa Boulevard,91709,2875
2,3,Santee,0,Single Family,32.84395,FOR SALE,-117.01589,539900,1401,CA,9330 Van Andel Way,92071,2683
1,3,Fremont,0,Single Family,37.58029,FOR SALE,-121.98868,1000000,1520,CA,14 Duarte Ave. - Relo,94536,3078
2,3,Murrieta,1,Single Family,33.575,FOR SALE,-117.17,419900,1725,CA,25260 Corte Sombrero,92563,2699
2,3,Chino Hills,1,Single Family,33.97793,FOR SALE,-117.75327,798888,2167,CA,2347 Paseo Del Palacio,91709,2875
1,3,Glendora,1,Single Family,34.1241,FOR SALE,-117.86,510000,1045,CA,332 E Linfield Street,91740,3160
2,3,Garden Grove,0,Single Family,33.8015,FOR SALE,-117.948,499900,1098,CA,10621 Alderson Avenue,92840,2830
2,3,Anaheim,0,Single Family,33.8415171,FOR SALE,-117.8939354,649888,1500,CA,135 N Evelyn Drive,92805,3500
2,3,Murrieta,0,Single Family,33.5708,FOR SALE,-117.175,389900,1722,CA,39676 Avenida Miguel Oeste,92563,2699
2,3,Fremont,0,Single Family,37.5367,FOR SALE,-121.96995,899888,1207,CA,4146 HAWKINS St,94538,3559
2,3,Laguna Niguel,1,Single Family,33.5011,FOR SALE,-117.704,950000,2019,CA,17 Byron Close,92677,3595
2,3,Norwalk,0,Single Family,33.9264,FOR SALE,-118.085,569000,1655,CA,11619 Pantheon Street,90650,2190
2,3,Vista,1,Single Family,33.1995,FOR SALE,-117.26,549000,2002,CA,341 Cobalt Dr,92083,2615
2,3,Dublin,0,Single Family,37.7091,FOR SALE,-121.918,888888,1268,CA,6863 Fir Ct,94568,2840
1,3,Lakewood,0,Single Family,33.8559,FOR SALE,-118.147,565000,1120,CA,5438 Coke Avenue,90712,2130
2,3,San Jose,0,Single Family,37.31885,FOR SALE,-121.93629,1098888,1486,CA,550 Halsey Ave,95128,5776
2,3,Woodland Hills,0,Single Family,34.1763,FOR SALE,-118.574,829000,1800,CA,5814 Mcdonie Avenue,91367,3277
2,3,Lakewood,0,Single Family,33.85822,FOR SALE,-118.13667,625000,1700,CA,5629  Pennswood Ave,90712,2130
2,3,Murrieta,1,Single Family,33.57981,FOR SALE,-117.13595,349900,1738,CA,37169 Galileo Lane,92563,2699
2,3,Huntington Beach,0,Single Family,33.7208,FOR SALE,-117.995,829000,1836,CA,16591 Don Drive,92647,2340
2,3,Irvine,0,Single Family,33.6582,FOR SALE,-117.823,899988,1921,CA,10 Yellowwood Way,92612,3690
2,3,Laguna Niguel,1,Single Family,33.521,FOR SALE,-117.696,890000,1943,CA,8 Amarante,92677,3595
2,3,Laguna Niguel,0,Single Family,33.5046,FOR SALE,-117.729,850000,1715,CA,31531 Crystal Sands Drive,92677,3595
2,3,Santa Maria,1,Single Family,34.8959,FOR SALE,-120.435,424900,1705,CA,3525 Marvin Street,93455,2150
2,3,Santee,0,Single Family,32.86479,FOR SALE,-116.97393,529000,1428,CA,10334 Woodpark Dr,92071,2683
2,3,Norwalk,0,Single Family,33.9036,FOR SALE,-118.101,545000,1485,CA,14033 Lefloss Avenue,90650,2190
1,3,Lakewood,0,Single Family,33.8345,FOR SALE,-118.068,520000,1036,CA,21419 Claretta Avenue,90715,2200
2,3,Ontario,0,Single Family,34.07317,FOR SALE,-117.61174,399888,1259,CA,824 N San Diego Avenue,91764,2415
2,3,Fremont,0,Single Family,37.53217,FOR SALE,-121.96835,1060000,1474,CA,40982 Gramercy Ter,94538,3559
2,3,Walnut Creek,0,Single Family,37.9198,FOR SALE,-122.076,879000,1857,CA,2615 Buenos Aires Ct,94597,3880
2,3,Corona,1,Single Family,33.8954,FOR SALE,-117.531,469000,1621,CA,2000 Cascade Drive,92879,2449
1,3,Costa Mesa,1,Single Family,33.64931,FOR SALE,-117.93445,799000,1374,CA,2063 Federal Avenue,92627,3190
2,3,Huntington Beach,0,Single Family,33.7032682,FOR SALE,-118.0134625,753900,1176,CA,17832 Carranza Lane,92647,2340
2,3,La Habra,0,Single Family,33.9371,FOR SALE,-117.943,649000,1918,CA,341 E Greenwood Avenue,90631,3075
1,3,Lakewood,0,Single Family,33.8493,FOR SALE,-118.163,629900,1232,CA,4972 Deeboyar Avenue,90712,2130
3,3,Lake Balboa,0,Single Family,34.1953,FOR SALE,-118.494,588800,1821,CA,6840 De Celis Place 26,91406,2895
3,3,Los Angeles,1,Single Family,34.12137,FOR SALE,-118.36731,4750000,4461,CA,2750 Cardwell Pl,90046,5355
1,3,Lake Balboa,1,Single Family,34.19,FOR SALE,-118.518,599000,1126,CA,17650 Kittridge Street,91406,2895
2,3,Chino Hills,0,Single Family,33.96557,FOR SALE,-117.72284,779000,1737,CA,3731 Bayberry Drive,91709,2875
2,3,Walnut Creek,1,Single Family,37.905,FOR SALE,-122.071,965000,1561,CA,15 Jocelyn Place,94597,3880
2,3,San Diego,0,Single Family,32.7942,FOR SALE,-117.095,609900,1248,CA,6660 Archwood,92120,3339
3,3,La Habra Heights,0,Single Family,33.9718,FOR SALE,-117.968,1050000,3005,CA,401 W Skyline Drive,90631,3075
2,3,Huntington Beach,1,Single Family,33.6666,FOR SALE,-117.982,928800,1680,CA,8361 Munster Drive,92646,3113
2,3,San Jose,1,Single Family,37.24649,FOR SALE,-121.76354,1389900,2360,CA,6751 Positano Lane,95138,3193
2,3,Rancho Cucamonga,1,Single Family,34.1139,FOR SALE,-117.56,514500,1787,CA,11238 Amiata Drive,91730,2405
2,3,Simi Valley,0,Single Family,34.26288,FOR SALE,-118.79885,649900,1952,CA,1307 Los Amigos Ave,93065,2864
2,3,Pleasanton,0,Single Family,37.6895,FOR SALE,-121.91085,999950,1434,CA,4737 HERRIN Way,94588,3460
3,3,Camarillo,0,Single Family,34.2422,FOR SALE,-118.91205,989000,2132,CA,2640 Duval Road,93012,3365
2,3,Lake Forest,1,Single Family,33.65776,FOR SALE,-117.67586,724888,1808,CA,26092 Birendra,92630,3020
2,3,Huntington Beach,1,Single Family,33.667,FOR SALE,-117.997,1158000,2200,CA,1107 Alabama Street,92648,4967
2,3,Huntington Beach,1,Single Family,33.6644,FOR SALE,-117.953,910000,2071,CA,20541 Suburbia Lane,92646,3113
2,3,Corte Madera,0,Single Family,37.92103,FOR SALE,-122.50843,975000,1212,CA,11 Harbor Drive,94925,5550
2,3,Murrieta,0,Single Family,33.566,FOR SALE,-117.116,439900,1782,CA,38172 Summer Ridge Drive,92563,2699
3,3,Simi Valley,0,Single Family,34.3039768,FOR SALE,-118.7552602,739000,2034,CA,3858 Young Wolf Drive,93065,2864
2,3,Costa Mesa,0,Single Family,33.681,FOR SALE,-117.925,750000,1900,CA,1642 Baker Street,92626,3795
2,3,Garden Grove,0,Single Family,33.7981,FOR SALE,-117.926,665000,1131,CA,11852 Ricky Avenue,92840,2830
2,3,Lake Forest,0,Single Family,33.6132,FOR SALE,-117.703,639000,1402,CA,24095 Gemwood Drive,92630,3020
2,3,Chula Vista,0,Single Family,32.64634,FOR SALE,-116.98486,575000,1390,CA,1896 Gotham St,91913,2705
1,3,Lakewood,0,Single Family,33.8638,FOR SALE,-118.145,615000,1566,CA,5963 Oliva Avenue,90712,2130
2,3,West Covina,0,Single Family,34.0818,FOR SALE,-117.92028,595000,1352,CA,"1238 E Eckerman Av,",91790,2560
2,3,Big Bear City,0,Single Family,34.25916,FOR SALE,-116.844314,285000,1520,CA,131 East Aeroplane Boulevard,92647,2340
2,3,Redlands,1,Single Family,34.0025,FOR SALE,-117.133,600000,2569,CA,30372 Oak Grove Drive,92373,1804
2,3,Costa Mesa,0,Single Family,33.6782,FOR SALE,-117.923,789000,1357,CA,1604 White Oak Street,92626,3795
2,3,Downey,0,Single Family,33.9582,FOR SALE,-118.127,659000,1882,CA,9624 Samoline Avenue,90240,2932
2,3,Laguna Niguel,0,Single Family,33.5408,FOR SALE,-117.692,829000,1436,CA,29042 Aloma Avenue,92677,3595
2,3,Anaheim,0,Single Family,33.8425,FOR SALE,-117.971,594500,1545,CA,818 N Cambria Street,92801,2040
2,3,Newport Beach,1,Single Family,33.6547,FOR SALE,-117.883,1299000,1990,CA,2237 Golden Circle,92660,4660
2,3,Norwalk,0,Single Family,33.9165,FOR SALE,-118.106,544000,1792,CA,12616 Domart Avenue,90650,2190
2,3,Moreno Valley,0,Single Family,33.9416,FOR SALE,-117.192,449500,1748,CA,26941 Prairie Dog Lane,92555,2030
2,3,Moreno Valley,0,Single Family,33.9177,FOR SALE,-117.158,294999,1358,CA,28900 N Alessandro Boulevard E,92555,2030
2,3,Vista,0,Single Family,33.209805,FOR SALE,-117.253897,439900,1202,CA,724 La Vida Street,92083,2615
3,3,Newport Beach,1,Single Family,33.6223,FOR SALE,-117.894,5995000,2869,CA,204 Evening Star Lane,92660,4660
2,3,Santa Clarita,0,Single Family,34.421615,FOR SALE,-118.452286,290000,934,CA,18182 Sundowner Way Unit 1032,91387,2672
2,3,Santa Rosa,0,Single Family,38.50417,FOR SALE,-122.76188,744000,2068,CA,71 Noonan Ranch Circle,95403,3295
2,3,Santa Rosa,0,Single Family,38.50299,FOR SALE,-122.75733,630000,1765,CA,10 Ascot Drive,95403,3295
2,3,Murrieta,0,Single Family,33.547,FOR SALE,-117.135,454900,1973,CA,30287 Ravenswood Circle,92563,2699
3,3,los angeles,0,Single Family,34.11732,FOR SALE,-118.36273,2849000,3025,CA,2604 DEVISTA Place,90046,5355
2,3,Norwalk,0,Single Family,33.90658,FOR SALE,-118.05814,539000,1241,CA,13702 Greenstone Ave,90650,2190
2,3,Chino Hills,0,Single Family,33.968,FOR SALE,-117.71986,485000,1379,CA,15704 Deodar Lane,91709,2875
2,3,Fremont,0,Single Family,37.54654,FOR SALE,-122.01349,849950,1119,CA,37485 SOUTHWOOD Dr,94536,3078
2,3,Long Beach,0,Single Family,33.85558,FOR SALE,-118.17884,480000,1304,CA,5466 Lemon Avenue,90805,2389
2,3,Orcutt,0,Single Family,34.8713,FOR SALE,-120.422,568711,1969,CA,4606 Earl Lane,93455,2150
2,3,Redlands,0,Single Family,34.03708,FOR SALE,-117.19058,485000,1746,CA,1213 W Clifton Avenue,92373,1804
2,3,Redlands,0,Single Family,34.0404,FOR SALE,-117.178,499500,1638,CA,439 Chestnut Avenue,92373,1804
2,3,Laguna Niguel,0,Single Family,33.5119,FOR SALE,-117.725,975000,1802,CA,31102 Flying Cloud Drive,92677,3595
2,3,Costa Mesa,1,Single Family,33.6539,FOR SALE,-117.904,879000,2040,CA,130 23rd Street,92627,3190
2,3,Sacramento,0,Single Family,38.60421,FOR SALE,-121.38892,340000,1175,CA,2132 Kincaid Way,95825,1595
3,3,los angeles,0,Single Family,34.12653,FOR SALE,-118.37455,2700000,3275,CA,8017 MULHOLLAND Drive,90046,5355
2,3,Redlands,0,Single Family,34.04507,FOR SALE,-117.21301,425000,1764,CA,1700 Morning Dove Lane,92373,1804
2,3,Lakeside,0,Single Family,32.844,FOR SALE,-116.921,519000,1820,CA,9149 Single Oak Dr.,92040,1500
2,3,Newport Beach,1,Single Family,33.6344,FOR SALE,-117.883,995000,1701,CA,1949 Vista Caudal,92660,4660
2,3,Huntington Beach,0,Single Family,33.7043,FOR SALE,-118.013,755000,1244,CA,17762 Carranza Lane,92647,2340
2,3,Costa Mesa,0,Single Family,33.6564,FOR SALE,-117.912,699000,1459,CA,2252 Rutgers Drive,92626,3795
2,3,Calabasas,1,Single Family,34.15137,FOR SALE,-118.63752,1324999,2278,CA,4506 Park Verona,91302,3154
5,3,Huntington Beach,6,Single Family,33.659,FOR SALE,-118.003,900000,1691,CA,115 6th Street,92648,4967
2,3,Redwood City,0,Single Family,37.47574,FOR SALE,-122.20535,1388000,1330,CA,3050 Edison Way,94063,5959
2,3,Canyon Country,0,Single Family,34.4179,FOR SALE,-118.446,469999,1340,CA,17909 Wellhaven Street,91387,2672
2,3,Sacramento,0,Single Family,38.62386,FOR SALE,-121.45458,215000,1045,CA,497 Arcade Boulevard,95815,1720
3,3,Newport Beach,0,Single Family,33.6273,FOR SALE,-117.87,2995000,3737,CA,1 Rue Biarritz,92660,4660
2,3,Corona,0,Single Family,33.8713,FOR SALE,-117.561,800000,2410,CA,916 E Grand Boulevard,92879,2449
3,3,Camarillo,0,Single Family,34.20609,FOR SALE,-119.02564,615000,1654,CA,570 Town Forest Ct,93012,3365
1,3,Anaheim,0,Single Family,33.84703,FOR SALE,-117.91628,409999,986,CA,206 E La Palma Ave,92801,2040
2,3,Moreno Valley,0,Single Family,33.93008,FOR SALE,-117.20551,278000,1352,CA,13170 Wichita Way,92555,2030
2,3,Redlands,1,Single Family,34.017,FOR SALE,-117.16177,789950,3147,CA,429 Lantern Crest Drive,92373,1804
2,3,Lakewood,0,Single Family,33.83996,FOR SALE,-118.0734,619900,1538,CA,12125 Schick Ln.,90715,2200
2,3,Norwalk,0,Single Family,33.9216,FOR SALE,-118.07743,525000,1725,CA,12035 Paddison Ave,90650,2190
2,3,Murrieta,0,Single Family,33.5704,FOR SALE,-117.14,390000,2090,CA,29830 Gardenia Circle,92563,2699
2,3,West Covina,0,Single Family,34.05156,FOR SALE,-117.94769,569000,1879,CA,1622 S California Avenue,91790,2560
1,3,Newport Beach,1,Single Family,33.658,FOR SALE,-117.873,1730000,1800,CA,20112 Cypress Street,92660,4660
4,3,Menlo Park,1,Single Family,37.4267,FOR SALE,-122.208,3999000,4420,CA,927 Continental DR,94025,5665
2,3,Sunnyvale,0,Single Family,37.3814,FOR SALE,-122.023,1799000,2206,CA,231 Morse AVE,94086,4650
2,3,San Jose,0,Single Family,37.3079,FOR SALE,-121.929,1200000,1839,CA,2071 Roenoke WAY,95128,5776
2,3,Fremont,0,Single Family,37.5201,FOR SALE,-121.975,954999,1347,CA,5349 Valpey Park AVE,94538,3559
2,3,San Jose,1,Single Family,37.26,FOR SALE,-121.815,950000,1593,CA,5238 Countryside LN,95136,2965
2,3,San Jose,0,Single Family,37.2562,FOR SALE,-121.797,799000,1105,CA,5448 Demerest LN,95138,3193
2,3,Santa Rosa,0,Single Family,38.463608,FOR SALE,-122.764915,699500,1778,CA,2350 Floral Way,95403,3295
2,3,Santa Rosa,1,Single Family,38.497135,FOR SALE,-122.749616,624950,1802,CA,215 Christina Lane,95403,3295
2,3,Fairfield,1,Single Family,38.170818,FOR SALE,-122.127739,524900,1917,CA,1906 Hummingbird Drive,94534,3614
2,3,Santa Maria,0,Single Family,34.861163,FOR SALE,-120.423884,475000,1751,CA,5435 Del Norte Way,93455,2150
2,3,Roseville,1,Single Family,38.7711,FOR SALE,-121.369,432000,1892,CA,5001 Denholme LN,95747,3049
2,3,Sacramento,1,Single Family,38.67437,FOR SALE,-121.514946,430000,2362,CA,2301 Burberry Way,95835,2024
2,4,Chino Hills,0,Single Family,33.97917,FOR SALE,-117.75505,719998,1860,CA,2243 Calle Bienvenida,91709,3145
3,4,Chino Hills,0,Single Family,33.9797,FOR SALE,-117.752,750000,2009,CA,15041 Camino Del Sol,91709,3145
3,4,Chino Hills,0,Single Family,33.9796,FOR SALE,-117.747,769000,2459,CA,15048 Calle La Paloma,91709,3145
3,4,Chino Hills,0,Single Family,33.9717,FOR SALE,-117.759,725000,2526,CA,2005 Turquoise Circle,91709,3145
3,4,Chino Hills,0,Single Family,33.9718,FOR SALE,-117.758,849800,2665,CA,2040 Turquoise Circle,91709,3145
3,4,Chino Hills,0,Single Family,33.9271,FOR SALE,-117.664,740000,2610,CA,17969 Via La Cresta,91709,3145
2,4,Rancho Cucamonga,0,Single Family,34.112279,FOR SALE,-117.618842,649900,2512,CA,8489 Camino Sur,91730,3154
4,4,Chino Hills,1,Single Family,33.9596,FOR SALE,-117.775,1438800,4894,CA,16174 Westridge,91709,3145
2,4,Chino Hills,1,Single Family,33.9582,FOR SALE,-117.768,625000,1958,CA,16244 Canon Lane,91709,3145
2,4,Rancho Cucamonga,0,Single Family,34.11234,FOR SALE,-117.58825,549000,1761,CA,9939  Hemlock St,91730,3154
3,4,Chino Hills,0,Single Family,33.979,FOR SALE,-117.745,895000,3227,CA,15088 Calle Verano,91709,3145
3,4,Chino Hills,0,Single Family,33.9738,FOR SALE,-117.753,875000,2575,CA,2338 Scoria Court,91709,3145
3,4,Chino Hills,0,Single Family,33.9705,FOR SALE,-117.723,657990,2140,CA,3752 Aspen Lane,91709,3145
3,4,Chino Hills,1,Single Family,33.95911,FOR SALE,-117.7744,1338000,4219,CA,16196 Westridge Knls,91709,3145
2,4,Chino Hills,1,Single Family,33.9719,FOR SALE,-117.711,499900,1736,CA,4271 Gird Avenue,91709,3145
2,4,Chino Hills,1,Single Family,33.9501,FOR SALE,-117.687,830000,2807,CA,5385 Buckeye Court,91709,3145
