1 Bedroom,2 Bedrooms,3 Bedrooms,4 Bedrooms,Bedroom_Info,City_Rent,Property_Name_Rent,State_Rent,Studio,Type,Zip_code
"$2,356 ","$2,890 ",,,"[{'bedroom_type': 'Studio', 'price': '$2,030 '}, {'bedroom_type': '1 Bedroom', 'price': '$2,356 '}, {'bedroom_type': '2 Bedrooms', 'price': '$2,890 '}]",Los Angeles,Sakura Crossing,CA,"$2,030 ",Apartment,90012
"$1,849 ","$2,379 ","$3,424 ",,"[{'bedroom_type': 'Studio', 'price': '$1,669 '}, {'bedroom_type': '1 Bedroom', 'price': '$1,849 '}, {'bedroom_type': '2 Bedrooms', 'price': '$2,379 '}, {'bedroom_type': '3 Bedrooms', 'price': '$3,424 '}]",Costa Mesa,27 Seventy Five Mesa Verde,CA,"$1,669 ",Apartment,92626
"$3,300 ",,,,"[{'bedroom_type': 'Studio', 'price': ''}, {'bedroom_type': '1 Bedroom', 'price': '$3,300 '}, {'bedroom_type': '2 Bedrooms', 'price': ''}, {'bedroom_type': '3 Bedrooms', 'price': ''}]",Berkeley,Parker,CA,,Apartment,94704
"$3,215 ","$3,800 ","$5,355 ",,"[{'bedroom_type': 'Studio', 'price': ''}, {'bedroom_type': '1 Bedroom', 'price': '$3,215 '}, {'bedroom_type': '2 Bedrooms', 'price': '$3,800 '}, {'bedroom_type': '3 Bedrooms', 'price': '$5,355 '}]",West Hollywood,Avalon West Hollywood,CA,,Apartment,90046
"$2,180 ","$3,070 ",,,"[{'bedroom_type': '1 Bedroom', 'price': '$2,180 '}, {'bedroom_type': '2 Bedrooms', 'price': '$3,070 '}, {'bedroom_type': '3 Bedrooms', 'price': ''}]",Woodland Hills,Motif,CA,,Apartment,91367
"$1,400 ","$1,805 ",,,"[{'bedroom_type': 'Studio', 'price': ''}, {'bedroom_type': '1 Bedroom', 'price': '$1,400 '}, {'bedroom_type': '2 Bedrooms', 'price': '$1,805 '}, {'bedroom_type': '3 Bedrooms', 'price': ''}]",La Mesa,The Hills At Spring Street Apartments,CA,,Apartment,91941
"$2,655 ","$2,860 ","$4,080 ",,"[{'bedroom_type': '1 Bedroom', 'price': '$2,655 '}, {'bedroom_type': '2 Bedrooms', 'price': '$2,860 '}, {'bedroom_type': '3 Bedrooms', 'price': '$4,080 '}]",Fremont,Avalon Fremont,CA,,Apartment,94538
"$2,639 ","$3,765 ",,,"[{'bedroom_type': 'Studio', 'price': '$2,405 '}, {'bedroom_type': '1 Bedroom', 'price': '$2,639 '}, {'bedroom_type': '2 Bedrooms', 'price': '$3,765 '}]",Mountain View,eaves Mt. View at Middlefield,CA,"$2,405 ",Apartment,94043
,"$1,425 ",,,"[{'bedroom_type': '1 Bedroom', 'price': ''}, {'bedroom_type': '2 Bedrooms', 'price': '$1,425 '}, {'bedroom_type': '3 Bedrooms', 'price': ''}]",Ontario,Mission Village,CA,,Apartment,91762
"$2,165 ","$2,745 ",,,"[{'bedroom_type': 'Studio', 'price': '$1,950 '}, {'bedroom_type': '1 Bedroom', 'price': '$2,165 '}, {'bedroom_type': '2 Bedrooms', 'price': '$2,745 '}]",Irvine,Park Place Apartment Homes,CA,"$1,950 ",Apartment,92612
"$2,015 ","$2,700 ","$3,670 ",,"[{'bedroom_type': 'Studio', 'price': ''}, {'bedroom_type': '1 Bedroom', 'price': '$2,015 '}, {'bedroom_type': '2 Bedrooms', 'price': '$2,700 '}, {'bedroom_type': '3 Bedrooms', 'price': '$3,670 '}]",Huntington Beach,Luce,CA,,Apartment,92647
"$1,425 ","$1,570 ",,,"[{'bedroom_type': '1 Bedroom', 'price': '$1,425 '}, {'bedroom_type': '2 Bedrooms', 'price': '$1,570 '}]",Vista,Sycamore Ridge Apartments,CA,,Apartment,92081
"$2,725 ","$3,647 ","$5,583 ",,"[{'bedroom_type': '1 Bedroom', 'price': '$2,725 '}, {'bedroom_type': '2 Bedrooms', 'price': '$3,647 '}, {'bedroom_type': '3 Bedrooms', 'price': '$5,583 '}]",Santa Monica,AO Santa Monica,CA,,Apartment,90404
"$1,382 ","$1,502 ",,,"[{'bedroom_type': 'Studio', 'price': '$1,375 '}, {'bedroom_type': '1 Bedroom', 'price': '$1,382 '}, {'bedroom_type': '2 Bedrooms', 'price': '$1,502 '}]",Redlands,Redlands Lawn and Tennis,CA,"$1,375 ",Apartment,92373
"$3,760 ","$4,625 ",,,"[{'bedroom_type': '1 Bedroom', 'price': '$3,760 '}, {'bedroom_type': '2 Bedrooms', 'price': '$4,625 '}]",Playa Vista,Villas at Playa Vista - Montecito,CA,,Apartment,90094
"$1,592 ","$2,319 ",,,"[{'bedroom_type': 'Studio', 'price': '$1,542 '}, {'bedroom_type': '1 Bedroom', 'price': '$1,592 '}, {'bedroom_type': '2 Bedrooms', 'price': '$2,319 '}]",Anaheim,The Mix at CTR City,CA,"$1,542 ",Apartment,92805
"$3,259 ","$3,519 ","$5,959 ",,"[{'bedroom_type': 'Studio', 'price': '$3,430 '}, {'bedroom_type': '1 Bedroom', 'price': '$3,259 '}, {'bedroom_type': '2 Bedrooms', 'price': '$3,519 '}, {'bedroom_type': '3 Bedrooms', 'price': '$5,959 '}]",Redwood City,Indigo Apartment Homes,CA,"$3,430 ",Apartment,94063
"$1,897 ","$2,696 ",,,"[{'bedroom_type': 'Studio', 'price': ''}, {'bedroom_type': '1 Bedroom', 'price': '$1,897 '}, {'bedroom_type': '2 Bedrooms', 'price': '$2,696 '}]",Aliso Viejo,Vantis,CA,,Apartment,92656
"$1,985 ","$2,520 ","$2,826 ","$3,154 ","[{'bedroom_type': '1 Bedroom', 'price': '$1,985 '}, {'bedroom_type': '2 Bedrooms', 'price': '$2,520 '}, {'bedroom_type': '3 Bedrooms', 'price': '$2,826 '}, {'bedroom_type': '4 Bedrooms', 'price': '$3,154 '}]",Rancho Cucamonga,The Enclave at Homecoming Terra Vista,CA,,Apartment,91730
"$2,718 ","$3,541 ",,,"[{'bedroom_type': '1 Bedroom', 'price': '$2,718 '}, {'bedroom_type': '2 Bedrooms', 'price': '$3,541 '}, {'bedroom_type': '3 Bedrooms', 'price': ''}]",San Jose,Avalon on the Alameda,CA,,Apartment,95126
"$2,240 ","$2,905 ","$3,360 ",,"[{'bedroom_type': 'Studio', 'price': '$1,905 '}, {'bedroom_type': '1 Bedroom', 'price': '$2,240 '}, {'bedroom_type': '2 Bedrooms', 'price': '$2,905 '}, {'bedroom_type': '3 Bedrooms', 'price': '$3,360 '}]",San Diego,Pacific Ridge,CA,"$1,905 ",Apartment,92110
"$3,410 ","$4,153 ",,,"[{'bedroom_type': '1 Bedroom', 'price': '$3,410 '}, {'bedroom_type': '2 Bedrooms', 'price': '$4,153 '}]",Sunnyvale,Loft House,CA,,Apartment,94086
"$1,925 ","$1,997 ",,,"[{'bedroom_type': '1 Bedroom', 'price': '$1,925 '}, {'bedroom_type': '2 Bedrooms', 'price': '$1,997 '}]",Santa Ana,The Californian Apartments-South Coast Metro,CA,,Apartment,92707
"$2,735 ","$3,330 ",,,"[{'bedroom_type': 'Studio', 'price': '$2,590 '}, {'bedroom_type': '1 Bedroom', 'price': '$2,735 '}, {'bedroom_type': '2 Bedrooms', 'price': '$3,330 '}, {'bedroom_type': '3 Bedrooms', 'price': ''}]",San Jose,Crescent Village Apartment Homes,CA,"$2,590 ",Apartment,95134
"$2,525 ","$3,318 ",,,"[{'bedroom_type': 'Studio', 'price': '$2,000 '}, {'bedroom_type': '1 Bedroom', 'price': '$2,525 '}, {'bedroom_type': '2 Bedrooms', 'price': '$3,318 '}]",Los Angeles,Next on Sixth,CA,"$2,000 ",Apartment,90005
"$1,584 ","$2,058 ",,,"[{'bedroom_type': '1 Bedroom', 'price': '$1,584 '}, {'bedroom_type': '2 Bedrooms', 'price': '$2,058 '}]",Corona,One11,CA,,Apartment,92880
"$2,060 ","$2,795 ",,,"[{'bedroom_type': 'Studio', 'price': '$1,825 '}, {'bedroom_type': '1 Bedroom', 'price': '$2,060 '}, {'bedroom_type': '2 Bedrooms', 'price': '$2,795 '}]",San Diego,IDEA1,CA,"$1,825 ",Apartment,92101
"$2,284 ","$2,874 ",,,"[{'bedroom_type': 'Studio', 'price': '$2,309 '}, {'bedroom_type': '1 Bedroom', 'price': '$2,284 '}, {'bedroom_type': '2 Bedrooms', 'price': '$2,874 '}]",Cerritos,Sage at Cerritos,CA,"$2,309 ",Apartment,90703
,"$2,030 ","$2,415 ",,"[{'bedroom_type': '2 Bedrooms', 'price': '$2,030 '}, {'bedroom_type': '3 Bedrooms', 'price': '$2,415 '}]",Ontario,Paseos at Ontario,CA,,Apartment,91764
"$1,938 ","$2,511 ","$3,339 ",,"[{'bedroom_type': 'Studio', 'price': '$1,849 '}, {'bedroom_type': '1 Bedroom', 'price': '$1,938 '}, {'bedroom_type': '2 Bedrooms', 'price': '$2,511 '}, {'bedroom_type': '3 Bedrooms', 'price': '$3,339 '}]",San Diego,Hanover Mission Gorge,CA,"$1,849 ",Apartment,92120
"$2,072 ","$2,625 ",,,"[{'bedroom_type': 'Studio', 'price': '$1,664 '}, {'bedroom_type': '1 Bedroom', 'price': '$2,072 '}, {'bedroom_type': '2 Bedrooms', 'price': '$2,625 '}]",Sacramento,Q19 Apartments,CA,"$1,664 ",Apartment,95811
,,,,"[{'bedroom_type': '\r\n                        1 Bedroom\r\n                            –\r\n2 Bedrooms                    ', 'price': ''}]",San Jose,Avana Almaden,CA,,Apartment,95123
"$2,321 ","$2,934 ",,,"[{'bedroom_type': '1 Bedroom', 'price': '$2,321 '}, {'bedroom_type': '2 Bedrooms', 'price': '$2,934 '}]",Sunnyvale,The Crossings,CA,,Apartment,94087
"$3,495 ","$4,760 ",,,"[{'bedroom_type': '1 Bedroom', 'price': '$3,495 '}, {'bedroom_type': '2 Bedrooms', 'price': '$4,760 '}, {'bedroom_type': '3 Bedrooms', 'price': ''}]",Mountain View,Avalon Towers on the Peninsula,CA,,Apartment,94040
"$1,975 ","$2,272 ",,,"[{'bedroom_type': '1 Bedroom', 'price': '$1,975 '}, {'bedroom_type': '2 Bedrooms', 'price': '$2,272 '}]",Union City,eaves Union City,CA,,Apartment,94587
"$2,330 ","$3,430 ",,,"[{'bedroom_type': 'Studio', 'price': '$2,120 '}, {'bedroom_type': '1 Bedroom', 'price': '$2,330 '}, {'bedroom_type': '2 Bedrooms', 'price': '$3,430 '}]",Glendale,Next on Lex,CA,"$2,120 ",Apartment,91203
,"$3,425 ",,,"[{'bedroom_type': 'Studio', 'price': ''}, {'bedroom_type': '1 Bedroom', 'price': ''}, {'bedroom_type': '2 Bedrooms', 'price': '$3,425 '}, {'bedroom_type': '3 Bedrooms', 'price': ''}]",Marina Del Rey,The Tides At Marina Harbor,CA,,Apartment,90292
"$2,286 ","$2,895 ",,,"[{'bedroom_type': 'Studio', 'price': ''}, {'bedroom_type': '1 Bedroom', 'price': '$2,286 '}, {'bedroom_type': '2 Bedrooms', 'price': '$2,895 '}]",San Diego,Millennium Mission Valley,CA,,Apartment,92108
,,,,"[{'bedroom_type': '\r\n                        1 Bedroom\r\n                            –\r\n3 Bedrooms                    ', 'price': ''}]",Upland,The Oaks Apartments,CA,,Apartment,91786
"$2,229 ","$2,797 ",,,"[{'bedroom_type': 'Studio', 'price': '$2,045 '}, {'bedroom_type': '1 Bedroom', 'price': '$2,229 '}, {'bedroom_type': '2 Bedrooms', 'price': '$2,797 '}]",Los Angeles,Wakaba LA,CA,"$2,045 ",Apartment,90012
$901 ,"$1,699 ","$2,125 ",,"[{'bedroom_type': '1 Bedroom', 'price': '$901 '}, {'bedroom_type': '2 Bedrooms', 'price': '$1,699 '}, {'bedroom_type': '3 Bedrooms', 'price': '$2,125 '}]",Canyon Country,Riverpark,CA,,Apartment,91387
"$3,415 ","$4,710 ",,,"[{'bedroom_type': '1 Bedroom', 'price': '$3,415 '}, {'bedroom_type': '2 Bedrooms', 'price': '$4,710 '}, {'bedroom_type': '3 Bedrooms', 'price': ''}]",Los Angeles,The Glendon,CA,,Apartment,90024
,"$4,000 ",,,"[{'bedroom_type': '1 Bedroom', 'price': ''}, {'bedroom_type': '2 Bedrooms', 'price': '$4,000 '}]",Los Angeles,The HW by CLG,CA,,Apartment,90046
"$2,525 ","$3,654 ","$4,973 ",,"[{'bedroom_type': '1 Bedroom', 'price': '$2,525 '}, {'bedroom_type': '2 Bedrooms', 'price': '$3,654 '}, {'bedroom_type': '3 Bedrooms', 'price': '$4,973 '}]",San Jose,Centerra,CA,,Apartment,95110
"$2,179 ",,,,"[{'bedroom_type': 'Studio', 'price': ''}, {'bedroom_type': '1 Bedroom', 'price': '$2,179 '}]",San Diego,Broadway Lofts,CA,,Apartment,92101
"$1,470 ","$1,770 ",,,"[{'bedroom_type': 'Studio', 'price': '$1,295 '}, {'bedroom_type': '1 Bedroom', 'price': '$1,470 '}, {'bedroom_type': '2 Bedrooms', 'price': '$1,770 '}]",Anaheim,Regency Plaza,CA,"$1,295 ",Apartment,92802
"$1,879 ","$2,405 ",,,"[{'bedroom_type': 'Studio', 'price': ''}, {'bedroom_type': '1 Bedroom', 'price': '$1,879 '}, {'bedroom_type': '2 Bedrooms', 'price': '$2,405 '}]",Irvine,Avalon Irvine,CA,,Apartment,92606
"$1,635 ","$1,955 ",,,"[{'bedroom_type': 'Studio', 'price': '$1,605 '}, {'bedroom_type': '1 Bedroom', 'price': '$1,635 '}, {'bedroom_type': '2 Bedrooms', 'price': '$1,955 '}]",Westminster,Cinnamon Creek,CA,"$1,605 ",Apartment,92683
"$1,075 ","$1,295 ",,,"[{'bedroom_type': 'Studio', 'price': '$925 '}, {'bedroom_type': '1 Bedroom', 'price': '$1,075 '}, {'bedroom_type': '2 Bedrooms', 'price': '$1,295 '}]",Citrus Heights,Edgewater Apartments,CA,$925 ,Apartment,95610
,"$2,500 ",,,"[{'bedroom_type': '1 Bedroom', 'price': ''}, {'bedroom_type': '2 Bedrooms', 'price': '$2,500 '}]",Fremont,Rancho Luna,CA,,Apartment,94536
"$1,895 ","$2,265 ",,,"[{'bedroom_type': 'Studio', 'price': '$1,655 '}, {'bedroom_type': '1 Bedroom', 'price': '$1,895 '}, {'bedroom_type': '2 Bedrooms', 'price': '$2,265 '}]",Woodland Hills,eaves Woodland Hills,CA,"$1,655 ",Apartment,91367
"$1,665 ","$2,097 ",,,"[{'bedroom_type': '1 Bedroom', 'price': '$1,665 '}, {'bedroom_type': '2 Bedrooms', 'price': '$2,097 '}]",Huntington Beach,eaves Huntington Beach,CA,,Apartment,92647
"$1,650 ","$1,925 ",,,"[{'bedroom_type': '1 Bedroom', 'price': '$1,650 '}, {'bedroom_type': '2 Bedrooms', 'price': '$1,925 '}]",Rancho Santa Margarita,eaves Santa Margarita,CA,,Apartment,92688
"$2,840 ","$4,065 ","$4,565 ",,"[{'bedroom_type': '1 Bedroom', 'price': '$2,840 '}, {'bedroom_type': '2 Bedrooms', 'price': '$4,065 '}, {'bedroom_type': '3 Bedrooms', 'price': '$4,565 '}]",San Diego,LUX UTC,CA,,Apartment,92122
"$2,190 ","$3,295 ","$4,166 ",,"[{'bedroom_type': 'Studio', 'price': '$1,904 '}, {'bedroom_type': '1 Bedroom', 'price': '$2,190 '}, {'bedroom_type': '2 Bedrooms', 'price': '$3,295 '}, {'bedroom_type': '3 Bedrooms', 'price': '$4,166 '}]",Los Angeles,WREN,CA,"$1,904 ",Apartment,90015
"$3,346 ","$5,714 ",,,"[{'bedroom_type': 'Studio', 'price': '$3,506 '}, {'bedroom_type': '1 Bedroom', 'price': '$3,346 '}, {'bedroom_type': '2 Bedrooms', 'price': '$5,714 '}]",San Francisco,Solaire,CA,"$3,506 ",Apartment,94105
"$1,915 ","$2,370 ",,,"[{'bedroom_type': '1 Bedroom', 'price': '$1,915 '}, {'bedroom_type': '2 Bedrooms', 'price': '$2,370 '}]",Los Angeles,The Heights,CA,,Apartment,90045
"$2,951 ","$3,721 ",,,"[{'bedroom_type': 'Studio', 'price': '$2,675 '}, {'bedroom_type': '1 Bedroom', 'price': '$2,951 '}, {'bedroom_type': '2 Bedrooms', 'price': '$3,721 '}]",Pasadena,Avila in Pasadena,CA,"$2,675 ",Apartment,91103
"$1,865 ","$2,260 ",,,"[{'bedroom_type': 'Studio', 'price': '$1,805 '}, {'bedroom_type': '1 Bedroom', 'price': '$1,865 '}, {'bedroom_type': '2 Bedrooms', 'price': '$2,260 '}]",Orange,Gateway Apartment Homes,CA,"$1,805 ",Apartment,92868
"$1,695 ","$2,276 ","$2,865 ",,"[{'bedroom_type': 'Studio', 'price': '$1,492 '}, {'bedroom_type': '1 Bedroom', 'price': '$1,695 '}, {'bedroom_type': '2 Bedrooms', 'price': '$2,276 '}, {'bedroom_type': '3 Bedrooms', 'price': '$2,865 '}]",Costa Mesa,Harbor at Mesa Verde,CA,"$1,492 ",Apartment,92626
"$3,755 ","$3,690 ",,,"[{'bedroom_type': '1 Bedroom', 'price': '$3,755 '}, {'bedroom_type': '2 Bedrooms', 'price': '$3,690 '}, {'bedroom_type': '3 Bedrooms', 'price': ''}]",Los Angeles,5550 Wilshire at Miracle Mile by Windsor,CA,,Apartment,90036
"$2,341 ","$2,685 ","$3,435 ",,"[{'bedroom_type': '1 Bedroom', 'price': '$2,341 '}, {'bedroom_type': '2 Bedrooms', 'price': '$2,685 '}, {'bedroom_type': '3 Bedrooms', 'price': '$3,435 '}]",San Jose,Amberwood Apartments,CA,,Apartment,95131
"$2,279 ","$2,739 ",,,"[{'bedroom_type': 'Studio', 'price': ''}, {'bedroom_type': '1 Bedroom', 'price': '$2,279 '}, {'bedroom_type': '2 Bedrooms', 'price': '$2,739 '}]",Berkeley,Berkeley Apartments - Fine Arts,CA,,Apartment,94704
,"$3,625 ",,,"[{'bedroom_type': '2 Bedrooms', 'price': '$3,625 '}]",Cupertino,Verandas at Cupertino,CA,,Apartment,95014
"$1,509 ","$1,632 ",,,"[{'bedroom_type': 'Studio', 'price': '$1,397 '}, {'bedroom_type': '1 Bedroom', 'price': '$1,509 '}, {'bedroom_type': '2 Bedrooms', 'price': '$1,632 '}]",Rancho Cucamonga,AVANA RANCHO CUCAMONGA,CA,"$1,397 ",Apartment,91730
"$2,982 ","$4,014 ","$4,967 ",,"[{'bedroom_type': '1 Bedroom', 'price': '$2,982 '}, {'bedroom_type': '2 Bedrooms', 'price': '$4,014 '}, {'bedroom_type': '3 Bedrooms', 'price': '$4,967 '}]",Huntington Beach,The Residences at Pacific City,CA,,Apartment,92648
"$2,250 ","$2,700 ",,,"[{'bedroom_type': '1 Bedroom', 'price': '$2,250 '}, {'bedroom_type': '2 Bedrooms', 'price': '$2,700 '}, {'bedroom_type': '3 Bedrooms', 'price': ''}]",Dublin,Emerald Park,CA,,Apartment,94568
"$3,093 ","$4,313 ",,,"[{'bedroom_type': 'Studio', 'price': '$2,725 '}, {'bedroom_type': '1 Bedroom', 'price': '$3,093 '}, {'bedroom_type': '2 Bedrooms', 'price': '$4,313 '}]",Redwood City,Franklin 299,CA,"$2,725 ",Apartment,94063
,"$2,800 ",,,"[{'bedroom_type': '1 Bedroom', 'price': ''}, {'bedroom_type': '2 Bedrooms', 'price': '$2,800 '}]",Sacramento,16 Powerhouse,CA,,Apartment,95814
"$1,900 ","$2,404 ",,,"[{'bedroom_type': 'Studio', 'price': '$1,857 '}, {'bedroom_type': '1 Bedroom', 'price': '$1,900 '}, {'bedroom_type': '2 Bedrooms', 'price': '$2,404 '}]",Walnut Creek,The Retreat,CA,"$1,857 ",Apartment,94596
"$2,150 ","$2,965 ",,,"[{'bedroom_type': '1 Bedroom', 'price': '$2,150 '}, {'bedroom_type': '2 Bedrooms', 'price': '$2,965 '}]",Irvine,The Kelvin,CA,,Apartment,92614
"$3,170 ","$3,975 ",,,"[{'bedroom_type': 'Studio', 'price': '$2,790 '}, {'bedroom_type': '1 Bedroom', 'price': '$3,170 '}, {'bedroom_type': '2 Bedrooms', 'price': '$3,975 '}]",Santa Clara,Santa Clara Square Apartment Homes,CA,"$2,790 ",Apartment,95054
"$1,995 ","$2,740 ",,,"[{'bedroom_type': 'Studio', 'price': '$1,710 '}, {'bedroom_type': '1 Bedroom', 'price': '$1,995 '}, {'bedroom_type': '2 Bedrooms', 'price': '$2,740 '}]",Hollywood,AVA Toluca Hills,CA,"$1,710 ",Apartment,90068
"$2,300 ","$3,300 ",,,"[{'bedroom_type': 'Studio', 'price': '$1,995 '}, {'bedroom_type': '1 Bedroom', 'price': '$2,300 '}, {'bedroom_type': '2 Bedrooms', 'price': '$3,300 '}]",Los Angeles,EastView Apartments,CA,"$1,995 ",Apartment,90012
,,,,"[{'bedroom_type': '\r\n                        Studio\r\n                    ', 'price': ''}]",Los Angeles,Hellman Building,CA,,Apartment,90013
,,,,"[{'bedroom_type': '2 Bedrooms', 'price': ''}, {'bedroom_type': '3 Bedrooms', 'price': ''}]",Berkeley,Hillside Village,CA,,Apartment,94709
"$2,235 ","$2,940 ",,,"[{'bedroom_type': 'Studio', 'price': '$2,190 '}, {'bedroom_type': '1 Bedroom', 'price': '$2,235 '}, {'bedroom_type': '2 Bedrooms', 'price': '$2,940 '}]",San Jose,eaves West Valley,CA,"$2,190 ",Apartment,95129
,"$2,275 ",,,"[{'bedroom_type': '1 Bedroom', 'price': ''}, {'bedroom_type': '2 Bedrooms', 'price': '$2,275 '}]",Fremont,Sundale Apartments,CA,,Apartment,94538
,"$1,475 ",,,"[{'bedroom_type': '2 Bedrooms', 'price': '$1,475 '}]",Upland,Dakota Creek Apartment Homes,CA,,Apartment,91786
"$2,035 ","$2,858 ",,,"[{'bedroom_type': 'Studio', 'price': '$1,850 '}, {'bedroom_type': '1 Bedroom', 'price': '$2,035 '}, {'bedroom_type': '2 Bedrooms', 'price': '$2,858 '}]",Los Angeles,Broadway Palace,CA,"$1,850 ",Apartment,90015
"$3,085 ","$3,595 ","$4,650 ",,"[{'bedroom_type': '1 Bedroom', 'price': '$3,085 '}, {'bedroom_type': '2 Bedrooms', 'price': '$3,595 '}, {'bedroom_type': '3 Bedrooms', 'price': '$4,650 '}]",Sunnyvale,Renaissance Apartment Homes,CA,,Apartment,94086
"$3,010 ","$3,910 ",,,"[{'bedroom_type': '1 Bedroom', 'price': '$3,010 '}, {'bedroom_type': '2 Bedrooms', 'price': '$3,910 '}]",Marina Del Rey,Avalon Marina Bay,CA,,Apartment,90292
"$3,009 ","$3,960 ",,,"[{'bedroom_type': 'Studio', 'price': ''}, {'bedroom_type': '1 Bedroom', 'price': '$3,009 '}, {'bedroom_type': '2 Bedrooms', 'price': '$3,960 '}]",San Francisco,33 8th at Trinity Place,CA,,Apartment,94103
"$1,560 ","$1,805 ",,,"[{'bedroom_type': '1 Bedroom', 'price': '$1,560 '}, {'bedroom_type': '2 Bedrooms', 'price': '$1,805 '}, {'bedroom_type': '3 Bedrooms', 'price': ''}]",Rancho Cucamonga,Ironwood at Empire Lakes Apartment Homes,CA,,Apartment,91730
"$1,590 ",,,,"[{'bedroom_type': '1 Bedroom', 'price': '$1,590 '}]",Glendale,El Patio Apartments,CA,,Apartment,91207
"$2,095 ","$2,473 ",,,"[{'bedroom_type': '1 Bedroom', 'price': '$2,095 '}, {'bedroom_type': '2 Bedrooms', 'price': '$2,473 '}]",Woodland Hills,The Pointe at Warner Center,CA,,Apartment,91367
"$2,595 ","$3,415 ",,,"[{'bedroom_type': 'Studio', 'price': '$2,270 '}, {'bedroom_type': '1 Bedroom', 'price': '$2,595 '}, {'bedroom_type': '2 Bedrooms', 'price': '$3,415 '}]",Pasadena,Hudson,CA,"$2,270 ",Apartment,91101
"$2,045 ","$2,770 ","$3,705 ",,"[{'bedroom_type': 'Studio', 'price': '$2,015 '}, {'bedroom_type': '1 Bedroom', 'price': '$2,045 '}, {'bedroom_type': '2 Bedrooms', 'price': '$2,770 '}, {'bedroom_type': '3 Bedrooms', 'price': '$3,705 '}]",San Diego,The Villas of Renaissance,CA,"$2,015 ",Apartment,92122
"$1,685 ","$1,890 ",,,"[{'bedroom_type': 'Studio', 'price': '$1,595 '}, {'bedroom_type': '1 Bedroom', 'price': '$1,685 '}, {'bedroom_type': '2 Bedrooms', 'price': '$1,890 '}]",Rancho Santa Margarita,Villas Aliento Apartment Homes,CA,"$1,595 ",Apartment,92688
"$2,125 ","$2,580 ",,,"[{'bedroom_type': 'Studio', 'price': '$1,640 '}, {'bedroom_type': '1 Bedroom', 'price': '$2,125 '}, {'bedroom_type': '2 Bedrooms', 'price': '$2,580 '}, {'bedroom_type': '3 Bedrooms', 'price': ''}]",North Hollywood,Living at NoHo,CA,"$1,640 ",Apartment,91601
"$2,155 ","$2,430 ","$3,345 ",,"[{'bedroom_type': '1 Bedroom', 'price': '$2,155 '}, {'bedroom_type': '2 Bedrooms', 'price': '$2,430 '}, {'bedroom_type': '3 Bedrooms', 'price': '$3,345 '}]",San Diego,Mira Bella Apartments,CA,,Apartment,92123
"$2,005 ","$2,425 ","$3,450 ",,"[{'bedroom_type': 'Studio', 'price': '$1,855 '}, {'bedroom_type': '1 Bedroom', 'price': '$2,005 '}, {'bedroom_type': '2 Bedrooms', 'price': '$2,425 '}, {'bedroom_type': '3 Bedrooms', 'price': '$3,450 '}]",Newport Beach,Park Newport,CA,"$1,855 ",Apartment,92660
,"$1,895 ",,,"[{'bedroom_type': '2 Bedrooms', 'price': '$1,895 '}, {'bedroom_type': '3 Bedrooms', 'price': ''}]",Huntington Beach,Surf at 39,CA,,Apartment,92647
"$3,334 ","$4,528 ",,,"[{'bedroom_type': 'Studio', 'price': '$3,631 '}, {'bedroom_type': '1 Bedroom', 'price': '$3,334 '}, {'bedroom_type': '2 Bedrooms', 'price': '$4,528 '}]",Playa Vista,Runway at Playa Vista,CA,"$3,631 ",Apartment,90094
"$2,520 ","$3,565 ",,,"[{'bedroom_type': 'Studio', 'price': ''}, {'bedroom_type': '1 Bedroom', 'price': '$2,520 '}, {'bedroom_type': '2 Bedrooms', 'price': '$3,565 '}]",Mountain View,eaves Creekside,CA,,Apartment,94041
"$2,570 ","$3,360 ","$6,024 ",,"[{'bedroom_type': '1 Bedroom', 'price': '$2,570 '}, {'bedroom_type': '2 Bedrooms', 'price': '$3,360 '}, {'bedroom_type': '3 Bedrooms', 'price': '$6,024 '}]",Los Angeles,Palazzo East,CA,,Apartment,90036
"$1,796 ","$2,557 ",,,"[{'bedroom_type': 'Studio', 'price': '$1,741 '}, {'bedroom_type': '1 Bedroom', 'price': '$1,796 '}, {'bedroom_type': '2 Bedrooms', 'price': '$2,557 '}]",Irvine,Sofi Irvine,CA,"$1,741 ",Apartment,92614
"$1,310 ","$1,380 ",,,"[{'bedroom_type': '1 Bedroom', 'price': '$1,310 '}, {'bedroom_type': '2 Bedrooms', 'price': '$1,380 '}]",Fair Oaks,Eclipse 96 Apartments,CA,,Apartment,95628
"$2,695 ","$3,429 ",,,"[{'bedroom_type': 'Studio', 'price': '$2,130 '}, {'bedroom_type': '1 Bedroom', 'price': '$2,695 '}, {'bedroom_type': '2 Bedrooms', 'price': '$3,429 '}, {'bedroom_type': '3 Bedrooms', 'price': ''}]",Los Angeles,The 5550,CA,"$2,130 ",Apartment,90028
"$1,670 ","$2,040 ",,,"[{'bedroom_type': '1 Bedroom', 'price': '$1,670 '}, {'bedroom_type': '2 Bedrooms', 'price': '$2,040 '}]",Santa Ana,Artists Village,CA,,Apartment,92701
"$2,832 ","$3,246 ","$4,288 ",,"[{'bedroom_type': '1 Bedroom', 'price': '$2,832 '}, {'bedroom_type': '2 Bedrooms', 'price': '$3,246 '}, {'bedroom_type': '3 Bedrooms', 'price': '$4,288 '}]",San Jose,Vista 99,CA,,Apartment,95134
"$2,390 ","$2,945 ","$3,924 ",,"[{'bedroom_type': 'Studio', 'price': ''}, {'bedroom_type': '1 Bedroom', 'price': '$2,390 '}, {'bedroom_type': '2 Bedrooms', 'price': '$2,945 '}, {'bedroom_type': '3 Bedrooms', 'price': '$3,924 '}]",Dublin,Avalon Dublin Station,CA,,Apartment,94568
"$2,430 ","$3,220 ",,,"[{'bedroom_type': 'Studio', 'price': '$2,075 '}, {'bedroom_type': '1 Bedroom', 'price': '$2,430 '}, {'bedroom_type': '2 Bedrooms', 'price': '$3,220 '}]",San Diego,Alexan ALX,CA,"$2,075 ",Apartment,92101
"$2,625 ","$3,400 ",,,"[{'bedroom_type': '1 Bedroom', 'price': '$2,625 '}, {'bedroom_type': '2 Bedrooms', 'price': '$3,400 '}]",Milpitas,Capitol 650,CA,,Apartment,95035
"$2,500 ","$3,430 ",,,"[{'bedroom_type': '1 Bedroom', 'price': '$2,500 '}, {'bedroom_type': '2 Bedrooms', 'price': '$3,430 '}]",Los Angeles,Villas at Park La Brea Apartments,CA,,Apartment,90036
,,,,"[{'bedroom_type': '1 Bedroom', 'price': ''}, {'bedroom_type': '2 Bedrooms', 'price': ''}]",Santa Clara,Spring Creek Apartments,CA,,Apartment,95051
"$1,740 ","$2,045 ",,,"[{'bedroom_type': '1 Bedroom', 'price': '$1,740 '}, {'bedroom_type': '2 Bedrooms', 'price': '$2,045 '}]",Costa Mesa,Pinecreek Village Apartments,CA,,Apartment,92626
"$2,320 ","$2,480 ",,,"[{'bedroom_type': '1 Bedroom', 'price': '$2,320 '}, {'bedroom_type': '2 Bedrooms', 'price': '$2,480 '}]",Sunnyvale,The Highlander,CA,,Apartment,94086
"$2,255 ","$2,630 ","$3,684 ",,"[{'bedroom_type': '1 Bedroom', 'price': '$2,255 '}, {'bedroom_type': '2 Bedrooms', 'price': '$2,630 '}, {'bedroom_type': '3 Bedrooms', 'price': '$3,684 '}]",San Diego,Valentia,CA,,Apartment,92122
"$2,950 ","$3,485 ",,,"[{'bedroom_type': '1 Bedroom', 'price': '$2,950 '}, {'bedroom_type': '2 Bedrooms', 'price': '$3,485 '}, {'bedroom_type': '3 Bedrooms', 'price': ''}]",Sunnyvale,Avalon Silicon Valley,CA,,Apartment,94085
"$2,370 ","$2,925 ","$3,460 ",,"[{'bedroom_type': '1 Bedroom', 'price': '$2,370 '}, {'bedroom_type': '2 Bedrooms', 'price': '$2,925 '}, {'bedroom_type': '3 Bedrooms', 'price': '$3,460 '}]",Pleasanton,Park Hacienda,CA,,Apartment,94588
"$1,482 ","$1,675 ","$2,235 ",,"[{'bedroom_type': 'Studio', 'price': '$1,399 '}, {'bedroom_type': '1 Bedroom', 'price': '$1,482 '}, {'bedroom_type': '2 Bedrooms', 'price': '$1,675 '}, {'bedroom_type': '3 Bedrooms', 'price': '$2,235 '}]",Rancho Cucamonga,Terra Vista Apartments,CA,"$1,399 ",Apartment,91730
"$4,000 ","$7,875 ",,,"[{'bedroom_type': 'Studio', 'price': '$3,200 '}, {'bedroom_type': '1 Bedroom', 'price': '$4,000 '}, {'bedroom_type': '2 Bedrooms', 'price': '$7,875 '}]",Santa Monica,Chelsea Santa Monica,CA,"$3,200 ",Apartment,90401
"$2,267 ","$2,945 ",,,"[{'bedroom_type': 'Studio', 'price': '$2,361 '}, {'bedroom_type': '1 Bedroom', 'price': '$2,267 '}, {'bedroom_type': '2 Bedrooms', 'price': '$2,945 '}]",Pasadena,Avalon Del Mar Station,CA,"$2,361 ",Apartment,91105
"$2,657 ","$3,828 ","$5,143 ",,"[{'bedroom_type': '1 Bedroom', 'price': '$2,657 '}, {'bedroom_type': '2 Bedrooms', 'price': '$3,828 '}, {'bedroom_type': '3 Bedrooms', 'price': '$5,143 '}]",Marina Del Rey,Tierra del Rey,CA,,Apartment,90292
"$2,285 ","$3,590 ",,,"[{'bedroom_type': 'Studio', 'price': '$1,750 '}, {'bedroom_type': '1 Bedroom', 'price': '$2,285 '}, {'bedroom_type': '2 Bedrooms', 'price': '$3,590 '}, {'bedroom_type': '3 Bedrooms', 'price': ''}]",Los Angeles,Stoa,CA,"$1,750 ",Apartment,90012
"$2,206 ","$3,190 ",,,"[{'bedroom_type': 'Studio', 'price': '$2,101 '}, {'bedroom_type': '1 Bedroom', 'price': '$2,206 '}, {'bedroom_type': '2 Bedrooms', 'price': '$3,190 '}]",Glendale,Brio Apartment Homes and Villas,CA,"$2,101 ",Apartment,91204
"$2,029 ","$2,573 ",,,"[{'bedroom_type': '1 Bedroom', 'price': '$2,029 '}, {'bedroom_type': '2 Bedrooms', 'price': '$2,573 '}]",San Diego,Olympus Corsair,CA,,Apartment,92123
"$2,864 ","$3,389 ",,,"[{'bedroom_type': '1 Bedroom', 'price': '$2,864 '}, {'bedroom_type': '2 Bedrooms', 'price': '$3,389 '}, {'bedroom_type': '3 Bedrooms', 'price': ''}]",San Diego,Strata,CA,,Apartment,92101
"$2,857 ","$3,509 ",,,"[{'bedroom_type': '1 Bedroom', 'price': '$2,857 '}, {'bedroom_type': '2 Bedrooms', 'price': '$3,509 '}, {'bedroom_type': '3 Bedrooms', 'price': ''}]",Los Angeles,Accent,CA,,Apartment,90066
,"$2,399 ","$2,899 ",,"[{'bedroom_type': '2 Bedrooms', 'price': '$2,399 '}, {'bedroom_type': '3 Bedrooms', 'price': '$2,899 '}]",Woodland Hills,Summit at Warner Center,CA,,Apartment,91367
,,,,"[{'bedroom_type': '\r\n                        Studio\r\n                            –\r\n3 Bedrooms                    ', 'price': ''}]",Berkeley,Varsity Berkeley,CA,,Apartment,94704
"$2,122 ","$2,586 ","$3,500 ",,"[{'bedroom_type': 'Studio', 'price': '$1,995 '}, {'bedroom_type': '1 Bedroom', 'price': '$2,122 '}, {'bedroom_type': '2 Bedrooms', 'price': '$2,586 '}, {'bedroom_type': '3 Bedrooms', 'price': '$3,500 '}]",Anaheim,Jefferson Platinum Triangle,CA,"$1,995 ",Apartment,92805
"$2,453 ","$2,820 ","$3,078 ",,"[{'bedroom_type': '1 Bedroom', 'price': '$2,453 '}, {'bedroom_type': '2 Bedrooms', 'price': '$2,820 '}, {'bedroom_type': '3 Bedrooms', 'price': '$3,078 '}]",Fremont,The Rexford,CA,,Apartment,94536
,"$2,655 ","$3,690 ",,"[{'bedroom_type': '2 Bedrooms', 'price': '$2,655 '}, {'bedroom_type': '3 Bedrooms', 'price': '$3,690 '}]",Irvine,Carlyle,CA,,Apartment,92612
"$1,865 ",,,,"[{'bedroom_type': '1 Bedroom', 'price': '$1,865 '}]",Los Angeles,LP by CLG,CA,,Apartment,90057
,"$2,255 ",,,"[{'bedroom_type': '1 Bedroom', 'price': ''}, {'bedroom_type': '2 Bedrooms', 'price': '$2,255 '}]",Westminster,Jasmine Place Apartments,CA,,Apartment,92683
"$2,595 ","$3,075 ","$4,195 ",,"[{'bedroom_type': 'Studio', 'price': '$2,400 '}, {'bedroom_type': '1 Bedroom', 'price': '$2,595 '}, {'bedroom_type': '2 Bedrooms', 'price': '$3,075 '}, {'bedroom_type': '3 Bedrooms', 'price': '$4,195 '}]",San Jose,North Park Apartment Homes,CA,"$2,400 ",Apartment,95134
"$3,425 ","$4,565 ",,,"[{'bedroom_type': 'Studio', 'price': '$3,065 '}, {'bedroom_type': '1 Bedroom', 'price': '$3,425 '}, {'bedroom_type': '2 Bedrooms', 'price': '$4,565 '}]",San Francisco,L Seven,CA,"$3,065 ",Apartment,94103
"$3,973 ","$4,944 ",,,"[{'bedroom_type': '1 Bedroom', 'price': '$3,973 '}, {'bedroom_type': '2 Bedrooms', 'price': '$4,944 '}]",Mountain View,Verve,CA,,Apartment,94040
"$2,630 ","$3,015 ",,,"[{'bedroom_type': 'Studio', 'price': '$2,385 '}, {'bedroom_type': '1 Bedroom', 'price': '$2,630 '}, {'bedroom_type': '2 Bedrooms', 'price': '$3,015 '}]",San Jose,Foundry Commons,CA,"$2,385 ",Apartment,95112
"$2,355 ","$2,904 ",,,"[{'bedroom_type': 'Studio', 'price': '$1,775 '}, {'bedroom_type': '1 Bedroom', 'price': '$2,355 '}, {'bedroom_type': '2 Bedrooms', 'price': '$2,904 '}, {'bedroom_type': '3 Bedrooms', 'price': ''}]",Studio City,AVA Studio City,CA,"$1,775 ",Apartment,91604
"$1,655 ","$1,955 ",,,"[{'bedroom_type': '1 Bedroom', 'price': '$1,655 '}, {'bedroom_type': '2 Bedrooms', 'price': '$1,955 '}]",Huntington Beach,Pacific Shores,CA,,Apartment,92647
"$2,380 ","$2,705 ","$3,505 ",,"[{'bedroom_type': 'Studio', 'price': '$2,085 '}, {'bedroom_type': '1 Bedroom', 'price': '$2,380 '}, {'bedroom_type': '2 Bedrooms', 'price': '$2,705 '}, {'bedroom_type': '3 Bedrooms', 'price': '$3,505 '}]",Newport Beach,Newport Bluffs Apartment Village,CA,"$2,085 ",Apartment,92660
"$2,385 ","$3,310 ","$3,705 ",,"[{'bedroom_type': 'Studio', 'price': '$2,375 '}, {'bedroom_type': '1 Bedroom', 'price': '$2,385 '}, {'bedroom_type': '2 Bedrooms', 'price': '$3,310 '}, {'bedroom_type': '3 Bedrooms', 'price': '$3,705 '}]",Los Angeles,Playa Del Oro,CA,"$2,375 ",Apartment,90045
"$2,890 ",,,,"[{'bedroom_type': 'Studio', 'price': '$3,115 '}, {'bedroom_type': '1 Bedroom', 'price': '$2,890 '}]",Cupertino,Main Street Cupertino Lofts,CA,"$3,115 ",Apartment,95014
"$2,012 ","$2,828 ",,,"[{'bedroom_type': '1 Bedroom', 'price': '$2,012 '}, {'bedroom_type': '2 Bedrooms', 'price': '$2,828 '}, {'bedroom_type': '3 Bedrooms', 'price': ''}]",Woodland Hills,Bella Vista At Warner Ridge,CA,,Apartment,91367
"$1,525 ","$1,695 ","$2,136 ",,"[{'bedroom_type': '1 Bedroom', 'price': '$1,525 '}, {'bedroom_type': '2 Bedrooms', 'price': '$1,695 '}, {'bedroom_type': '3 Bedrooms', 'price': '$2,136 '}]",Rancho Cucamonga,Evergreen,CA,,Apartment,91730
"$4,034 ","$4,870 ",,,"[{'bedroom_type': 'Studio', 'price': '$3,473 '}, {'bedroom_type': '1 Bedroom', 'price': '$4,034 '}, {'bedroom_type': '2 Bedrooms', 'price': '$4,870 '}, {'bedroom_type': '3 Bedrooms', 'price': ''}]",San Francisco,340 Fremont,CA,"$3,473 ",Apartment,94105
"$2,800 ","$3,458 ",,,"[{'bedroom_type': '1 Bedroom', 'price': '$2,800 '}, {'bedroom_type': '2 Bedrooms', 'price': '$3,458 '}]",Emeryville,AVE Emeryville at Bay Street,CA,,Apartment,94608
"$1,795 ","$2,445 ",,,"[{'bedroom_type': 'Studio', 'price': '$1,670 '}, {'bedroom_type': '1 Bedroom', 'price': '$1,795 '}, {'bedroom_type': '2 Bedrooms', 'price': '$2,445 '}]",San Diego,La Scala Apartments,CA,"$1,670 ",Apartment,92122
"$2,095 ","$2,525 ",,,"[{'bedroom_type': '1 Bedroom', 'price': '$2,095 '}, {'bedroom_type': '2 Bedrooms', 'price': '$2,525 '}, {'bedroom_type': '3 Bedrooms', 'price': ''}]",Dublin,Park Wood,CA,,Apartment,94568
,,,,"[{'bedroom_type': '\r\n                        2 Bedrooms\r\n                            –\r\n4 Bedrooms                    ', 'price': ''}]",San Diego,The Village at Serra Mesa - Lincoln Military,CA,,Apartment,92123
,,,,"[{'bedroom_type': '1 Bedroom', 'price': ''}, {'bedroom_type': '2 Bedrooms', 'price': ''}, {'bedroom_type': '3 Bedrooms', 'price': ''}]",Venice,Avalon Venice on Rose,CA,,Apartment,90291
,,,,"[{'bedroom_type': '1 Bedroom', 'price': ''}, {'bedroom_type': '2 Bedrooms', 'price': ''}, {'bedroom_type': '3 Bedrooms', 'price': ''}]",Los Angeles,NMS 1759,CA,,Apartment,90025
"$2,087 ","$2,358 ","$3,426 ",,"[{'bedroom_type': 'Studio', 'price': '$1,798 '}, {'bedroom_type': '1 Bedroom', 'price': '$2,087 '}, {'bedroom_type': '2 Bedrooms', 'price': '$2,358 '}, {'bedroom_type': '3 Bedrooms', 'price': '$3,426 '}]",Orange,AMLI Uptown Orange,CA,"$1,798 ",Apartment,92868
"$2,425 ","$3,226 ",,,"[{'bedroom_type': 'Studio', 'price': '$1,840 '}, {'bedroom_type': '1 Bedroom', 'price': '$2,425 '}, {'bedroom_type': '2 Bedrooms', 'price': '$3,226 '}]",San Diego,Shift,CA,"$1,840 ",Apartment,92101
"$2,645 ","$3,160 ",,,"[{'bedroom_type': 'Studio', 'price': ''}, {'bedroom_type': '1 Bedroom', 'price': '$2,645 '}, {'bedroom_type': '2 Bedrooms', 'price': '$3,160 '}, {'bedroom_type': '3 Bedrooms', 'price': ''}]",Los Angeles,AVA Little Tokyo,CA,,Apartment,90012
,"$2,990 ",,,"[{'bedroom_type': '2 Bedrooms', 'price': '$2,990 '}]",Los Angeles,Maya,CA,,Apartment,90020
"$3,560 ","$4,835 ","$5,970 ",,"[{'bedroom_type': '1 Bedroom', 'price': '$3,560 '}, {'bedroom_type': '2 Bedrooms', 'price': '$4,835 '}, {'bedroom_type': '3 Bedrooms', 'price': '$5,970 '}]",Mountain View,Elan Mountain View,CA,,Apartment,94041
"$2,935 ","$3,565 ",,,"[{'bedroom_type': 'Studio', 'price': '$2,395 '}, {'bedroom_type': '1 Bedroom', 'price': '$2,935 '}, {'bedroom_type': '2 Bedrooms', 'price': '$3,565 '}]",San Jose,808 West Apartments,CA,"$2,395 ",Apartment,95126
"$2,028 ","$2,336 ","$2,685 ",,"[{'bedroom_type': 'Studio', 'price': ''}, {'bedroom_type': '1 Bedroom', 'price': '$2,028 '}, {'bedroom_type': '2 Bedrooms', 'price': '$2,336 '}, {'bedroom_type': '3 Bedrooms', 'price': '$2,685 '}]",Woodland Hills,The Reserve at Warner Center,CA,,Apartment,91367
,,,,"[{'bedroom_type': 'Studio', 'price': '$1,725 '}]",Los Angeles,Kenmore Commons,CA,"$1,725 ",Apartment,90020
"$1,950 ","$2,244 ",,,"[{'bedroom_type': '1 Bedroom', 'price': '$1,950 '}, {'bedroom_type': '2 Bedrooms', 'price': '$2,244 '}]",San Diego,River Run Village,CA,,Apartment,92108
"$2,030 ","$2,393 ",,,"[{'bedroom_type': '1 Bedroom', 'price': '$2,030 '}, {'bedroom_type': '2 Bedrooms', 'price': '$2,393 '}]",Pleasanton,eaves Pleasanton,CA,,Apartment,94588
"$2,380 ","$2,905 ",,,"[{'bedroom_type': '1 Bedroom', 'price': '$2,380 '}, {'bedroom_type': '2 Bedrooms', 'price': '$2,905 '}, {'bedroom_type': '3 Bedrooms', 'price': ''}]",Glendale,Avalon Glendale,CA,,Apartment,91202
"$3,402 ","$4,601 ",,,"[{'bedroom_type': 'Studio', 'price': ''}, {'bedroom_type': '1 Bedroom', 'price': '$3,402 '}, {'bedroom_type': '2 Bedrooms', 'price': '$4,601 '}]",San Francisco,Potrero 1010,CA,,Apartment,94107
"$1,785 ","$1,904 ","$2,322 ",,"[{'bedroom_type': '1 Bedroom', 'price': '$1,785 '}, {'bedroom_type': '2 Bedrooms', 'price': '$1,904 '}, {'bedroom_type': '3 Bedrooms', 'price': '$2,322 '}]",Rancho Cucamonga,Carmel,CA,,Apartment,91730
"$2,918 ",,,,"[{'bedroom_type': 'Studio', 'price': '$2,349 '}, {'bedroom_type': '1 Bedroom', 'price': '$2,918 '}, {'bedroom_type': '2 Bedrooms', 'price': ''}]",San Diego,Broadstone Makers Quarter,CA,"$2,349 ",Apartment,92101
"$2,965 ","$3,550 ",,,"[{'bedroom_type': '1 Bedroom', 'price': '$2,965 '}, {'bedroom_type': '2 Bedrooms', 'price': '$3,550 '}, {'bedroom_type': '3 Bedrooms', 'price': ''}]",San Jose,Avalon at Cahill Park,CA,,Apartment,95126
"$2,043 ","$2,955 ",,,"[{'bedroom_type': '1 Bedroom', 'price': '$2,043 '}, {'bedroom_type': '2 Bedrooms', 'price': '$2,955 '}, {'bedroom_type': '3 Bedrooms', 'price': ''}]",Costa Mesa,Blue Sol,CA,,Apartment,92627
"$1,875 ","$2,470 ",,,"[{'bedroom_type': 'Studio', 'price': '$1,740 '}, {'bedroom_type': '1 Bedroom', 'price': '$1,875 '}, {'bedroom_type': '2 Bedrooms', 'price': '$2,470 '}]",Huntington Beach,Avalon Huntington Beach,CA,"$1,740 ",Apartment,92647
"$2,695 ","$3,560 ",,,"[{'bedroom_type': '1 Bedroom', 'price': '$2,695 '}, {'bedroom_type': '2 Bedrooms', 'price': '$3,560 '}]",Marina del Rey,Villa del Mar Apartments & Marina,CA,,Apartment,90292
"$2,225 ","$2,815 ","$3,700 ",,"[{'bedroom_type': 'Studio', 'price': '$2,150 '}, {'bedroom_type': '1 Bedroom', 'price': '$2,225 '}, {'bedroom_type': '2 Bedrooms', 'price': '$2,815 '}, {'bedroom_type': '3 Bedrooms', 'price': '$3,700 '}]",Irvine,Metropolis,CA,"$2,150 ",Apartment,92614
"$2,162 ","$3,437 ",,,"[{'bedroom_type': 'Studio', 'price': '$2,017 '}, {'bedroom_type': '1 Bedroom', 'price': '$2,162 '}, {'bedroom_type': '2 Bedrooms', 'price': '$3,437 '}]",Los Angeles,AXIS,CA,"$2,017 ",Apartment,90015
"$4,735 ","$6,785 ",,,"[{'bedroom_type': 'Studio', 'price': '$3,106 '}, {'bedroom_type': '1 Bedroom', 'price': '$4,735 '}, {'bedroom_type': '2 Bedrooms', 'price': '$6,785 '}, {'bedroom_type': '3 Bedrooms', 'price': ''}]",Los Angeles,Vision on Wilshire,CA,"$3,106 ",Apartment,90048
"$1,915 ","$2,060 ",,,"[{'bedroom_type': '1 Bedroom', 'price': '$1,915 '}, {'bedroom_type': '2 Bedrooms', 'price': '$2,060 '}, {'bedroom_type': '3 Bedrooms', 'price': ''}]",Woodland Hills,eaves Warner Center,CA,,Apartment,91367
"$2,654 ","$3,212 ",,,"[{'bedroom_type': '1 Bedroom', 'price': '$2,654 '}, {'bedroom_type': '2 Bedrooms', 'price': '$3,212 '}]",Marina del Rey,Marina 41,CA,,Apartment,90292
"$2,851 ","$3,587 ",,,"[{'bedroom_type': 'Studio', 'price': '$2,081 '}, {'bedroom_type': '1 Bedroom', 'price': '$2,851 '}, {'bedroom_type': '2 Bedrooms', 'price': '$3,587 '}]",Los Angeles,G12,CA,"$2,081 ",Apartment,90015
,,,,"[{'bedroom_type': '\r\n                        Studio\r\n                            –\r\n2 Bedrooms                    ', 'price': ''}]",San Diego,Broadstone North Park,CA,,Apartment,92104
"$1,705 ","$2,209 ",,,"[{'bedroom_type': 'Studio', 'price': '$1,530 '}, {'bedroom_type': '1 Bedroom', 'price': '$1,705 '}, {'bedroom_type': '2 Bedrooms', 'price': '$2,209 '}]",Newport Beach,Eight 80 Newport Beach,CA,"$1,530 ",Apartment,92663
"$2,915 ","$3,340 ",,,"[{'bedroom_type': '1 Bedroom', 'price': '$2,915 '}, {'bedroom_type': '2 Bedrooms', 'price': '$3,340 '}, {'bedroom_type': '3 Bedrooms', 'price': ''}]",Los Angeles,Avalon Playa Vista,CA,,Apartment,90066
"$1,915 ","$2,320 ",,,"[{'bedroom_type': '1 Bedroom', 'price': '$1,915 '}, {'bedroom_type': '2 Bedrooms', 'price': '$2,320 '}]",Irvine,Villa Coronado Apartment Homes,CA,,Apartment,92614
,,,,"[{'bedroom_type': 'Studio', 'price': '$3,870 '}, {'bedroom_type': '1 Bedroom', 'price': ''}, {'bedroom_type': '2 Bedrooms', 'price': ''}, {'bedroom_type': '3 Bedrooms', 'price': ''}]",San Francisco,Jasper,CA,"$3,870 ",Apartment,94105
,"$3,700 ",,,"[{'bedroom_type': '1 Bedroom', 'price': ''}, {'bedroom_type': '2 Bedrooms', 'price': '$3,700 '}]",Los Angeles,The LC by CLG,CA,,Apartment,90038
"$1,700 ","$2,390 ","$3,055 ",,"[{'bedroom_type': '1 Bedroom', 'price': '$1,700 '}, {'bedroom_type': '2 Bedrooms', 'price': '$2,390 '}, {'bedroom_type': '3 Bedrooms', 'price': '$3,055 '}]",San Diego,Pinnacle on The Park,CA,,Apartment,92101
"$1,912 ","$2,423 ",,,"[{'bedroom_type': 'Studio', 'price': '$1,797 '}, {'bedroom_type': '1 Bedroom', 'price': '$1,912 '}, {'bedroom_type': '2 Bedrooms', 'price': '$2,423 '}]",Anaheim,Parallel,CA,"$1,797 ",Apartment,92805
,"$1,945 ","$2,387 ",,"[{'bedroom_type': '2 Bedrooms', 'price': '$1,945 '}, {'bedroom_type': '3 Bedrooms', 'price': '$2,387 '}]",Rancho Cucamonga,Jamboree,CA,,Apartment,91730
,,,,"[{'bedroom_type': '\r\n                        Studio\r\n                            –\r\n2 Bedrooms                    ', 'price': ''}]",Los Angeles,The Rhys,CA,,Apartment,90020
"$1,745 ","$2,505 ","$3,240 ",,"[{'bedroom_type': 'Studio', 'price': '$1,870 '}, {'bedroom_type': '1 Bedroom', 'price': '$1,745 '}, {'bedroom_type': '2 Bedrooms', 'price': '$2,505 '}, {'bedroom_type': '3 Bedrooms', 'price': '$3,240 '}]",Irvine,Villa Siena Apartment Homes,CA,"$1,870 ",Apartment,92612
"$2,496 ","$3,372 ","$3,911 ",,"[{'bedroom_type': 'Studio', 'price': '$2,116 '}, {'bedroom_type': '1 Bedroom', 'price': '$2,496 '}, {'bedroom_type': '2 Bedrooms', 'price': '$3,372 '}, {'bedroom_type': '3 Bedrooms', 'price': '$3,911 '}]",Marina del Rey,Mariners Village,CA,"$2,116 ",Apartment,90292
,"$5,358 ","$7,841 ",,"[{'bedroom_type': '1 Bedroom', 'price': ''}, {'bedroom_type': '2 Bedrooms', 'price': '$5,358 '}, {'bedroom_type': '3 Bedrooms', 'price': '$7,841 '}]",San Francisco,388 Beale,CA,,Apartment,94105
"$2,583 ","$3,164 ",,,"[{'bedroom_type': '1 Bedroom', 'price': '$2,583 '}, {'bedroom_type': '2 Bedrooms', 'price': '$3,164 '}]",Los Angeles,Broadcast Center Apartments,CA,,Apartment,90036
"$2,145 ","$2,920 ","$3,615 ",,"[{'bedroom_type': 'Studio', 'price': ''}, {'bedroom_type': '1 Bedroom', 'price': '$2,145 '}, {'bedroom_type': '2 Bedrooms', 'price': '$2,920 '}, {'bedroom_type': '3 Bedrooms', 'price': '$3,615 '}]",San Diego,West Park,CA,,Apartment,92108
,,,,"[{'bedroom_type': 'Studio', 'price': ''}]",Los Angeles,Garment Lofts,CA,,Apartment,90014
"$1,975 ","$2,662 ","$3,230 ",,"[{'bedroom_type': '1 Bedroom', 'price': '$1,975 '}, {'bedroom_type': '2 Bedrooms', 'price': '$2,662 '}, {'bedroom_type': '3 Bedrooms', 'price': '$3,230 '}]",Los Angeles,Madrid,CA,,Apartment,90045
"$2,639 ","$3,497 ","$5,197 ",,"[{'bedroom_type': 'Studio', 'price': '$1,918 '}, {'bedroom_type': '1 Bedroom', 'price': '$2,639 '}, {'bedroom_type': '2 Bedrooms', 'price': '$3,497 '}, {'bedroom_type': '3 Bedrooms', 'price': '$5,197 '}]",San Diego,Park 12,CA,"$1,918 ",Apartment,92101
"$3,400 ","$4,400 ",,,"[{'bedroom_type': 'Studio', 'price': ''}, {'bedroom_type': '1 Bedroom', 'price': '$3,400 '}, {'bedroom_type': '2 Bedrooms', 'price': '$4,400 '}, {'bedroom_type': '3 Bedrooms', 'price': ''}]",San Francisco,Abaca,CA,,Apartment,94107
"$1,690 ","$1,950 ",,,"[{'bedroom_type': '1 Bedroom', 'price': '$1,690 '}, {'bedroom_type': '2 Bedrooms', 'price': '$1,950 '}]",Garden Grove,Moss Creek Apartments,CA,,Apartment,92840
"$2,179 ","$2,974 ",,,"[{'bedroom_type': 'Studio', 'price': '$1,929 '}, {'bedroom_type': '1 Bedroom', 'price': '$2,179 '}, {'bedroom_type': '2 Bedrooms', 'price': '$2,974 '}, {'bedroom_type': '3 Bedrooms', 'price': ''}]",Irvine,The Residences on Jamboree,CA,"$1,929 ",Apartment,92614
"$2,870 ","$4,200 ",,,"[{'bedroom_type': 'Studio', 'price': '$2,248 '}, {'bedroom_type': '1 Bedroom', 'price': '$2,870 '}, {'bedroom_type': '2 Bedrooms', 'price': '$4,200 '}]",Los Angeles,3033 Wilshire,CA,"$2,248 ",Apartment,90010
"$2,205 ","$2,774 ",,,"[{'bedroom_type': 'Studio', 'price': '$1,843 '}, {'bedroom_type': '1 Bedroom', 'price': '$2,205 '}, {'bedroom_type': '2 Bedrooms', 'price': '$2,774 '}]",San Diego,13th & Market,CA,"$1,843 ",Apartment,92101
"$2,627 ","$3,745 ",,,"[{'bedroom_type': 'Studio', 'price': '$2,431 '}, {'bedroom_type': '1 Bedroom', 'price': '$2,627 '}, {'bedroom_type': '2 Bedrooms', 'price': '$3,745 '}]",Los Angeles,Altitude,CA,"$2,431 ",Apartment,90045
"$3,975 ","$5,320 ","$7,650 ",,"[{'bedroom_type': 'Studio', 'price': '$3,275 '}, {'bedroom_type': '1 Bedroom', 'price': '$3,975 '}, {'bedroom_type': '2 Bedrooms', 'price': '$5,320 '}, {'bedroom_type': '3 Bedrooms', 'price': '$7,650 '}]",Marina del Rey,AMLI Marina Del Rey,CA,"$3,275 ",Apartment,90292
"$2,420 ","$3,327 ",,,"[{'bedroom_type': 'Studio', 'price': '$2,304 '}, {'bedroom_type': '1 Bedroom', 'price': '$2,420 '}, {'bedroom_type': '2 Bedrooms', 'price': '$3,327 '}]",Los Angeles,La Belle At Hollywood Tower,CA,"$2,304 ",Apartment,90028
"$3,575 ","$4,450 ",,,"[{'bedroom_type': 'Studio', 'price': '$3,265 '}, {'bedroom_type': '1 Bedroom', 'price': '$3,575 '}, {'bedroom_type': '2 Bedrooms', 'price': '$4,450 '}, {'bedroom_type': '3 Bedrooms', 'price': ''}]",San Francisco,Avalon at Mission Bay,CA,"$3,265 ",Apartment,94107
"$2,895 ","$3,575 ",,,"[{'bedroom_type': '1 Bedroom', 'price': '$2,895 '}, {'bedroom_type': '2 Bedrooms', 'price': '$3,575 '}]",Marina del Rey,Shores,CA,,Apartment,90292
"$2,582 ","$3,413 ",,,"[{'bedroom_type': 'Studio', 'price': '$1,958 '}, {'bedroom_type': '1 Bedroom', 'price': '$2,582 '}, {'bedroom_type': '2 Bedrooms', 'price': '$3,413 '}]",Los Angeles,The Preston Miracle Mile Apartments,CA,"$1,958 ",Apartment,90036
"$1,965 ","$2,550 ",,,"[{'bedroom_type': 'Studio', 'price': '$1,845 '}, {'bedroom_type': '1 Bedroom', 'price': '$1,965 '}, {'bedroom_type': '2 Bedrooms', 'price': '$2,550 '}]",Irvine,Toscana,CA,"$1,845 ",Apartment,92612
"$2,005 ","$2,460 ",,,"[{'bedroom_type': 'Studio', 'price': '$1,740 '}, {'bedroom_type': '1 Bedroom', 'price': '$2,005 '}, {'bedroom_type': '2 Bedrooms', 'price': '$2,460 '}]",San Diego,AVA Cortez Hill,CA,"$1,740 ",Apartment,92101
"$2,295 ","$2,750 ",,,"[{'bedroom_type': 'Studio', 'price': ''}, {'bedroom_type': '1 Bedroom', 'price': '$2,295 '}, {'bedroom_type': '2 Bedrooms', 'price': '$2,750 '}, {'bedroom_type': '3 Bedrooms', 'price': ''}]",Anaheim,The George,CA,,Apartment,92806
"$2,100 ","$2,750 ",,,"[{'bedroom_type': 'Studio', 'price': ''}, {'bedroom_type': '1 Bedroom', 'price': '$2,100 '}, {'bedroom_type': '2 Bedrooms', 'price': '$2,750 '}]",Los Angeles,Wilshire Valencia,CA,,Apartment,90017
"$2,703 ","$3,041 ",,,"[{'bedroom_type': '1 Bedroom', 'price': '$2,703 '}, {'bedroom_type': '2 Bedrooms', 'price': '$3,041 '}]",Los Angeles,Modera West LA,CA,,Apartment,90045
"$2,900 ","$3,950 ",,,"[{'bedroom_type': '1 Bedroom', 'price': '$2,900 '}, {'bedroom_type': '2 Bedrooms', 'price': '$3,950 '}]",Marina Del Rey,The Admiralty,CA,,Apartment,90292
,"$2,200 ",,,"[{'bedroom_type': '1 Bedroom', 'price': ''}, {'bedroom_type': '2 Bedrooms', 'price': '$2,200 '}]",San Diego,600 Front Street Apartments,CA,,Apartment,92101
"$1,900 ","$2,300 ",,,"[{'bedroom_type': 'Studio', 'price': ''}, {'bedroom_type': '1 Bedroom', 'price': '$1,900 '}, {'bedroom_type': '2 Bedrooms', 'price': '$2,300 '}]",Anaheim,Vivere Flats,CA,,Apartment,92805
"$4,199 ","$5,760 ",,,"[{'bedroom_type': 'Studio', 'price': '$3,252 '}, {'bedroom_type': '1 Bedroom', 'price': '$4,199 '}, {'bedroom_type': '2 Bedrooms', 'price': '$5,760 '}, {'bedroom_type': '3 Bedrooms', 'price': ''}]",San Francisco,399 Fremont,CA,"$3,252 ",Apartment,94105
"$2,820 ","$3,895 ",,,"[{'bedroom_type': 'Studio', 'price': '$2,175 '}, {'bedroom_type': '1 Bedroom', 'price': '$2,820 '}, {'bedroom_type': '2 Bedrooms', 'price': '$3,895 '}]",Hollywood,The Line Lofts,CA,"$2,175 ",Apartment,90028
,,,,"[{'bedroom_type': '3 Bedrooms', 'price': ''}]",Los Angeles,W Marino,CA,,Apartment,90006
"$2,305 ","$3,146 ",,,"[{'bedroom_type': 'Studio', 'price': '$2,110 '}, {'bedroom_type': '1 Bedroom', 'price': '$2,305 '}, {'bedroom_type': '2 Bedrooms', 'price': '$3,146 '}]",Coronado,Broadstone Coronado on the Bay,CA,"$2,110 ",Apartment,92118
"$2,915 ","$3,840 ",,,"[{'bedroom_type': 'Studio', 'price': '$2,890 '}, {'bedroom_type': '1 Bedroom', 'price': '$2,915 '}, {'bedroom_type': '2 Bedrooms', 'price': '$3,840 '}, {'bedroom_type': '3 Bedrooms', 'price': ''}]",Los Angeles,APEX. The One.,CA,"$2,890 ",Apartment,90015
"$3,362 ","$5,086 ",,,"[{'bedroom_type': 'Studio', 'price': '$3,219 '}, {'bedroom_type': '1 Bedroom', 'price': '$3,362 '}, {'bedroom_type': '2 Bedrooms', 'price': '$5,086 '}]",San Francisco,100 Van Ness,CA,"$3,219 ",Apartment,94102
"$3,727 ","$4,314 ","$5,669 ",,"[{'bedroom_type': 'Studio', 'price': '$2,881 '}, {'bedroom_type': '1 Bedroom', 'price': '$3,727 '}, {'bedroom_type': '2 Bedrooms', 'price': '$4,314 '}, {'bedroom_type': '3 Bedrooms', 'price': '$5,669 '}, {'bedroom_type': '4 Bedrooms', 'price': ''}]",Marina del Rey,Esprit Apartments,CA,"$2,881 ",Apartment,90292
"$1,935 ","$2,155 ",,,"[{'bedroom_type': 'Studio', 'price': '$1,965 '}, {'bedroom_type': '1 Bedroom', 'price': '$1,935 '}, {'bedroom_type': '2 Bedrooms', 'price': '$2,155 '}]",Anaheim,Vivere Lofts,CA,"$1,965 ",Apartment,92805
"$1,800 ",,,,"[{'bedroom_type': 'Studio', 'price': '$1,565 '}, {'bedroom_type': '1 Bedroom', 'price': '$1,800 '}, {'bedroom_type': '2 Bedrooms', 'price': ''}]",Los Angeles,Duet on Wilcox,CA,"$1,565 ",Apartment,90028
"$3,568 ","$5,205 ",,,"[{'bedroom_type': 'Studio', 'price': '$3,299 '}, {'bedroom_type': '1 Bedroom', 'price': '$3,568 '}, {'bedroom_type': '2 Bedrooms', 'price': '$5,205 '}]",San Francisco,Edgewater,CA,"$3,299 ",Apartment,94158
"$2,110 ","$3,380 ",,,"[{'bedroom_type': 'Studio', 'price': ''}, {'bedroom_type': '1 Bedroom', 'price': '$2,110 '}, {'bedroom_type': '2 Bedrooms', 'price': '$3,380 '}, {'bedroom_type': '3 Bedrooms', 'price': ''}]",Los Angeles,Seven West Apartments,CA,,Apartment,90017
"$2,196 ","$2,727 ",,,"[{'bedroom_type': 'Studio', 'price': '$2,196 '}, {'bedroom_type': '1 Bedroom', 'price': '$2,196 '}, {'bedroom_type': '2 Bedrooms', 'price': '$2,727 '}]",Marina Del Rey,The Westerly on Lincoln,CA,"$2,196 ",Apartment,90292
"$2,450 ","$3,104 ",,,"[{'bedroom_type': 'Studio', 'price': ''}, {'bedroom_type': '1 Bedroom', 'price': '$2,450 '}, {'bedroom_type': '2 Bedrooms', 'price': '$3,104 '}]",Los Angeles,The Pines,CA,,Apartment,90028
,,,,"[{'bedroom_type': 'Studio', 'price': '$1,075 '}]",San Diego,Vantaggio Suites at San Diego,CA,"$1,075 ",Apartment,92101
"$2,210 ","$2,295 ",,,"[{'bedroom_type': '1 Bedroom', 'price': '$2,210 '}, {'bedroom_type': '2 Bedrooms', 'price': '$2,295 '}]",San Diego,Vantage Pointe,CA,,Apartment,92101
,,,,"[{'bedroom_type': '2 Bedrooms', 'price': ''}]",Los Angeles,R3 Lofts by CLG,CA,,Apartment,90066
"$4,300 ","$5,500 ",,,"[{'bedroom_type': '1 Bedroom', 'price': '$4,300 '}, {'bedroom_type': '2 Bedrooms', 'price': '$5,500 '}]",Los Angeles,Hollywood Proper Residences,CA,,Apartment,90028
"$2,057 ","$2,861 ","$5,747 ",,"[{'bedroom_type': 'Studio', 'price': '$2,142 '}, {'bedroom_type': '1 Bedroom', 'price': '$2,057 '}, {'bedroom_type': '2 Bedrooms', 'price': '$2,861 '}, {'bedroom_type': '3 Bedrooms', 'price': '$5,747 '}]",Los Angeles,8th & Grand,CA,"$2,142 ",Apartment,90014
"$3,150 ","$3,820 ","$6,020 ",,"[{'bedroom_type': 'Studio', 'price': '$2,720 '}, {'bedroom_type': '1 Bedroom', 'price': '$3,150 '}, {'bedroom_type': '2 Bedrooms', 'price': '$3,820 '}, {'bedroom_type': '3 Bedrooms', 'price': '$6,020 '}]",San Francisco,150 Van Ness,CA,"$2,720 ",Apartment,94102
