1 Bed,2 Beds,3 Beds,4 Beds,Availability_check,Bath_Info,Bedroom_Info,City_Rent,Full_Address,Lease_length,Rent_link,Square_Feet,Square_Feet_Data,State_Rent,Studio,Type,Zip_code
,,"$5,000 ",,Available Now,3 BAs,"[{'bedroom_type': '3 Beds', 'price': '$5,000'}]",West Hollywood,"723 Westmount Dr, West Hollywood, CA 90069",12 Month Lease,https://www.apartments.com/723-westmount-dr-west-hollywood-ca-unit-305/btvkyb8/,"1,550","1,550 Sq Ft",CA,,Condos,90069
,"$1,875 ",,,1-Nov,2 BAs,"[{'bedroom_type': '2 Beds', 'price': '$1,875'}]",Long Beach,"1066 Gladys Ave, Long Beach, CA 90804",12 Month Lease,https://www.apartments.com/1066-gladys-ave-long-beach-ca-unit-3/ej2jscp/,850,850 Sq Ft,CA,,Condos,90804
,"$4,500 ",,,Available Now,2½ BAs,"[{'bedroom_type': '2 Beds', 'price': '$4,500'}]",Los Angeles,"5831 Seawalk Dr, Los Angeles, CA 90094",12 Month Lease,https://www.apartments.com/5831-seawalk-dr-los-angeles-ca-unit-118/5f8bdbq/,"1,804","1,804 Sq Ft",CA,,Condos,90094
,"$3,100 ",,,Available Now,2 BAs,"[{'bedroom_type': '2 Beds', 'price': '$3,100'}]",Culver City,"5651 N Sumner Way, Culver City, CA 90230",12 Month Lease,https://www.apartments.com/5651-n-sumner-way-culver-city-ca-unit-310/efzxs0q/,"1,133","1,133 Sq Ft",CA,,Condos,90230
,,"$5,300 ",,Available Now,3 BAs,"[{'bedroom_type': '3 Beds', 'price': '$5,300'}]",Santa Monica,"1020 Ocean Park Blvd, Santa Monica, CA 90405",12 Month Lease,https://www.apartments.com/1020-ocean-park-blvd-santa-monica-ca-unit-4/kzqxkf8/,"1,776","1,776 Sq Ft",CA,,Condos,90405
,"$6,795 ",,,Available Now,2½ BAs,"[{'bedroom_type': '2 Beds', 'price': '$6,795'}]",Marina del Rey,"13700 Marina Pointe Dr, Marina del Rey, CA 90292",12 Month Lease,https://www.apartments.com/13700-marina-pointe-dr-marina-del-rey-ca-unit-1503/fkj83wr/,"1,481","1,481 Sq Ft",CA,,Condos,90292
,,"$3,100 ",,Available Now,2 BAs,"[{'bedroom_type': '3 Beds', 'price': '$3,100'}]",Glendale,"331 W Wilson Ave, Glendale, CA 91203",12 Month Lease,https://www.apartments.com/331-w-wilson-ave-glendale-ca-unit-105/5c6g66q/,"1,218","1,218 Sq Ft",CA,,Condos,91203
,,"$2,400 ",,Available Now,2½ BAs,"[{'bedroom_type': '3 Beds', 'price': '$2,400'}]",Los Angeles,"19355 Sherman Way, Los Angeles, CA 91335",12 Month Lease,https://www.apartments.com/19355-sherman-way-los-angeles-ca-unit-19/jdrp207/,"1,449","1,449 Sq Ft",CA,,Condos,91335
"$2,350 ",,,,1-Nov,1 BA,"[{'bedroom_type': '1 Bed', 'price': '$2,350'}]",Los Angeles,"1745 Camino Palmero St, Los Angeles, CA 90046",12 Month Lease,https://www.apartments.com/1745-camino-palmero-st-los-angeles-ca-unit-441/sv5l6g7/,900,900 Sq Ft,CA,,Condos,90046
"$4,195 ",,,,25-Nov,1 BA,"[{'bedroom_type': '1 Bed', 'price': '$4,195'}]",Marina del Rey,"13700 Marina Pointe Dr, Marina del Rey, CA 90292",12 Month Lease,https://www.apartments.com/13700-marina-pointe-dr-marina-del-rey-ca-unit-1606/5mc6nep/,891,891 Sq Ft,CA,,Condos,90292
,"$2,950 ",,,Available Now,2 BAs,"[{'bedroom_type': '2 Beds', 'price': '$2,950'}]",Long Beach,"525 E Seaside Way, Long Beach, CA 90802",12 Month Lease,https://www.apartments.com/525-e-seaside-way-long-beach-ca-unit-1804/yh8t66r/,"1,030","1,030 Sq Ft",CA,,Condos,90802
,"$4,200 ",,,16-Nov,2 BAs,"[{'bedroom_type': '2 Beds', 'price': '$4,200'}]",Los Angeles,"13075 Pacific Promenade, Los Angeles, CA 90094",12 Month Lease,https://www.apartments.com/13075-pacific-promenade-los-angeles-ca-unit-416/krqxmyc/,"1,100","1,100 Sq Ft",CA,,Condos,90094
,"$4,700 ",,,Available Now,1 BA,"[{'bedroom_type': '2 Beds', 'price': '$4,700'}]",Santa Monica,"1226 23rd St, Santa Monica, CA 90404",12 Month Lease,https://www.apartments.com/1226-23rd-st-santa-monica-ca-unit-6/4rwwt3j/,"1,300","1,300 Sq Ft",CA,,Condos,90404
,"$3,500 ",,,1-Nov,2 BAs,"[{'bedroom_type': '2 Beds', 'price': '$3,500'}]",Los Angeles,"1610 Veteran Ave, Los Angeles, CA 90024",12 Month Lease,https://www.apartments.com/1610-veteran-ave-los-angeles-ca-unit-101/qw9m50y/,"1,112","1,112 Sq Ft",CA,,Condos,90024
"$2,700 ",,,,1-Nov,1 BA,"[{'bedroom_type': '1 Bed', 'price': '$2,700'}]",Los Angeles,"825 E 4th St, Los Angeles, CA 90013",12 Month Lease,https://www.apartments.com/825-e-4th-st-los-angeles-ca-unit-309/ctbvb8g/,"1,031","1,031 Sq Ft",CA,,Condos,90013
,"$5,500 ",,,Available Now,1 BA,"[{'bedroom_type': '2 Beds', 'price': '$5,500'}]",Marina del Rey,"21 Spinnaker St, Marina del Rey, CA 90292",12 Month Lease,https://www.apartments.com/21-spinnaker-st-marina-del-rey-ca-unit-7/qjmfxbx/,"1,100","1,100 Sq Ft",CA,,Condos,90292
,,"$2,850 ",,Available Now,2½ BAs,"[{'bedroom_type': '3 Beds', 'price': '$2,850'}]",Los Angeles,"18550 Hatteras St, Los Angeles, CA 91356",12 Month Lease,https://www.apartments.com/18550-hatteras-st-los-angeles-ca-unit-111/82mzcm2/,"1,340","1,340 Sq Ft",CA,,Condos,91356
,,"$2,600 ",,Available Now,2 BAs,"[{'bedroom_type': '3 Beds', 'price': '$2,600'}]",Los Angeles,"6716 N Clybourn Ave, Los Angeles, CA 91606",12 Month Lease,https://www.apartments.com/6716-n-clybourn-ave-los-angeles-ca-unit-219/h076cy0/,"1,300","1,300 Sq Ft",CA,,Condos,91606
,"$2,450 ",,,1-Dec,2½ BAs,"[{'bedroom_type': '2 Beds', 'price': '$2,450'}]",Los Angeles,"13959 Victory Blvd, Los Angeles, CA 91401",12 Month Lease,https://www.apartments.com/13959-victory-blvd-los-angeles-ca-unit-1/31l9rgg/,"1,250","1,250 Sq Ft",CA,,Condos,91401
,,"$2,850 ",,Available Now,3½ BAs,"[{'bedroom_type': '3 Beds', 'price': '$2,850'}]",Pasadena,"28 S Parkwood Ave, Pasadena, CA 91107",12 Month Lease,https://www.apartments.com/28-s-parkwood-ave-pasadena-ca-unit-2/2h0q8rb/,"1,350","1,350 Sq Ft",CA,,Condos,91107
,,"$3,800 ",,Available Now,2½ BAs,"[{'bedroom_type': '3 Beds', 'price': '$3,800'}]",Los Angeles,"11115 Acama St, Los Angeles, CA 91602",12 Month Lease,https://www.apartments.com/11115-acama-st-los-angeles-ca-unit-1/mfqrxwk/,"1,590","1,590 Sq Ft",CA,,Condos,91602
"$2,795 ",,,,Available Now,1 BA,"[{'bedroom_type': '1 Bed', 'price': '$2,795'}]",West Hollywood,"1275 Havenhurst Dr, West Hollywood, CA 90046",12 Month Lease,https://www.apartments.com/1275-havenhurst-dr-west-hollywood-ca-unit-2/2g1nyc9/,900,900 Sq Ft,CA,,Condos,90046
,"$3,495 ",,,1-Nov,2½ BAs,"[{'bedroom_type': '2 Beds', 'price': '$3,495'}]",Los Angeles,"5937 Willoughby Ave, Los Angeles, CA 90038",12 Month Lease,https://www.apartments.com/5937-willoughby-ave-los-angeles-ca-unit-4/jse92v6/,"1,570","1,570 Sq Ft",CA,,Condos,90038
"$3,900 ",,,,1-Nov,1 BA,"[{'bedroom_type': '1 Bed', 'price': '$3,900'}]",Santa Monica,"2500 4th St, Santa Monica, CA 90405",12 Month Lease,https://www.apartments.com/2500-4th-st-santa-monica-ca-unit-4/n93x24p/,692,692 Sq Ft,CA,,Condos,90405
,"$2,450 ",,,Available Now,2½ BAs,"[{'bedroom_type': '2 Beds', 'price': '$2,450'}]",Gardena,"2509 W Redondo Beach Blvd, Gardena, CA 90249",12 Month Lease,https://www.apartments.com/2509-w-redondo-beach-blvd-gardena-ca-unit-20/s27sqt7/,"1,200","1,200 Sq Ft",CA,,Condos,90249
"$1,400 ",,,,15-Nov,1 BA,"[{'bedroom_type': '1 Bed', 'price': '$1,400'}]",Lawndale,"14600 S Inglewood Ave, Lawndale, CA 90260",12 Month Lease,https://www.apartments.com/14600-s-inglewood-ave-lawndale-ca-unit-37/vx2tg0f/,750,750 Sq Ft,CA,,Condos,90260
,,,,25-Nov,1 BA,"[{'bedroom_type': 'Studio', 'price': '$2,300'}]",Los Angeles,"1105 Garfield Ave, Los Angeles, CA 90291",12 Month Lease,https://www.apartments.com/1105-garfield-ave-los-angeles-ca-unit-0/pxplvfs/,1,1 Sq Ft,CA,"$2,300 ",Condos,90291
"$3,000 ",,,,Available Now,1 BA,"[{'bedroom_type': '1 Bed', 'price': '$3,000'}]",Los Angeles,"8001 Redlands St, Los Angeles, CA 90293",12 Month Lease,https://www.apartments.com/8001-redlands-st-los-angeles-ca-unit-307/cdj04zg/,915,915 Sq Ft,CA,,Condos,90293
"$1,250 ",,,,Available Now,1 BA,"[{'bedroom_type': '1 Bed', 'price': '$1,250'}]",Los Angeles,"2491 Purdue Ave, Los Angeles, CA 90064",6 Month Lease,https://www.apartments.com/2491-purdue-ave-los-angeles-ca-unit-213/dkm43qh/,"1,200","1,200 Sq Ft",CA,,Condos,90064
,"$3,200 ",,,15-Nov,1½ BAs,"[{'bedroom_type': '2 Beds', 'price': '$3,200'}]",Malibu,"23901 Civic Center Way, Malibu, CA 90265",12 Month Lease,https://www.apartments.com/23901-civic-center-way-malibu-ca-unit-351/bv93xyc/,970,970 Sq Ft,CA,,Condos,90265
,,"$5,900 ",,Available Now,2 BAs,"[{'bedroom_type': '3 Beds', 'price': '$5,900'}]",Los Angeles,"6030 S Seabluff Dr, Los Angeles, CA 90094",12 Month Lease,https://www.apartments.com/6030-s-seabluff-dr-los-angeles-ca-unit-322/wmbbf3k/,"1,300","1,300 Sq Ft",CA,,Condos,90094
"$2,150 ",,,,Available Now,1 BA,"[{'bedroom_type': '1 Bed', 'price': '$2,150'}]",West Hollywood,"1435 N Fairfax Ave, West Hollywood, CA 90046",12 Month Lease,https://www.apartments.com/1435-n-fairfax-ave-west-hollywood-ca-unit-14/gl0zxfz/,625,625 Sq Ft,CA,,Condos,90046
,"$4,500 ",,,1-Nov,2½ BAs,"[{'bedroom_type': '2 Beds', 'price': '$4,500'}]",Los Angeles,"102 N Sweetzer Ave, Los Angeles, CA 90048",12 Month Lease,https://www.apartments.com/102-n-sweetzer-ave-los-angeles-ca-unit-103/2zpvs48/,"1,692","1,692 Sq Ft",CA,,Condos,90048
,"$2,250 ",,,1-Nov,2 BAs,"[{'bedroom_type': '2 Beds', 'price': '$2,250'}]",Los Angeles,"20134 Leadwell St, Los Angeles, CA 91306",1 Month Lease,https://www.apartments.com/20134-leadwell-st-los-angeles-ca-unit-371/7ch11cy/,900,900 Sq Ft,CA,,Condos,91306
"$4,995 ",,,,1-Dec,2 BAs,"[{'bedroom_type': '1 Bed', 'price': '$4,995'}]",Los Angeles,"865 Comstock Ave, Los Angeles, CA 90024",12 Month Lease,https://www.apartments.com/865-comstock-ave-los-angeles-ca-unit-3e/2wjrztc/,"1,350","1,350 Sq Ft",CA,,Condos,90024
,"$3,450 ",,,1-Nov,1½ BAs,"[{'bedroom_type': '2 Beds', 'price': '$3,450'}]",Santa Monica,"2525 14th St, Santa Monica, CA 90405",12 Month Lease,https://www.apartments.com/2525-14th-st-santa-monica-ca-unit-4/g7zgmjw/,879,879 Sq Ft,CA,,Condos,90405
"$3,250 ",,,,Available Now,1 BA,"[{'bedroom_type': '1 Bed', 'price': '$3,250'}]",Los Angeles,"13045 Pacific Promenade, Los Angeles, CA 90094",12 Month Lease,https://www.apartments.com/13045-pacific-promenade-los-angeles-ca-unit-303/rnqcwt3/,875,875 Sq Ft,CA,,Condos,90094
,,"$6,500 ",,Available Now,2½ BAs,"[{'bedroom_type': '3 Beds', 'price': '$6,500'}]",Santa Monica,"1037 16th St, Santa Monica, CA 90403",12 Month Lease,https://www.apartments.com/1037-16th-st-santa-monica-ca-unit-10/k0h1y09/,"1,634","1,634 Sq Ft",CA,,Condos,90403
,,"$2,300 ",,1-Nov,2½ BAs,"[{'bedroom_type': '3 Beds', 'price': '$2,300'}]",Corona,"1022 Explanada St, Corona, CA 92879",12 Month Lease,https://www.apartments.com/1022-explanada-st-corona-ca-unit-105/h3bgt51/,"1,785","1,785 Sq Ft",CA,,Condos,92879
,"$1,850 ",,,1-Nov,1½ BAs,"[{'bedroom_type': '2 Beds', 'price': '$1,850'}]",South El Monte,"2455 Adelia Ave, South El Monte, CA 91733",12 Month Lease,https://www.apartments.com/2455-adelia-ave-south-el-monte-ca-unit-1/dm6jt2k/,"1,000","1,000 Sq Ft",CA,,Condos,91733
,"$5,895 ",,,Available Now,2½ BAs,"[{'bedroom_type': '2 Beds', 'price': '$5,895'}]",Marina del Rey,"13700 Marina Pointe Dr, Marina del Rey, CA 90292",12 Month Lease,https://www.apartments.com/13700-marina-pointe-dr-marina-del-rey-ca-unit-1824/3pvngzf/,"1,434","1,434 Sq Ft",CA,,Condos,90292
,"$2,550 ",,,Available Now,2 BAs,"[{'bedroom_type': '2 Beds', 'price': '$2,550'}]",San Diego,"4039 Front St, San Diego, CA 92103",12 Month Lease,https://www.apartments.com/4039-front-st-san-diego-ca-unit-4/en8hffm/,"1,000","1,000 Sq Ft",CA,,Condos,92103
,"$4,200 ",,,7-Nov,2 BAs,"[{'bedroom_type': '2 Beds', 'price': '$4,200'}]",Marina del Rey,"4140 Glencoe Ave, Marina del Rey, CA 90292",12 Month Lease,https://www.apartments.com/4140-glencoe-ave-marina-del-rey-ca-unit-601/0bnf232/,"1,050","1,050 Sq Ft",CA,,Condos,90292
,,"$3,100 ",,1-Nov,2 BAs,"[{'bedroom_type': '3 Beds', 'price': '$3,100'}]",El Segundo,"212 E Imperial Ave, El Segundo, CA 90245",12 Month Lease,https://www.apartments.com/212-e-imperial-ave-el-segundo-ca-unit-g/vdfsqrf/,"1,000","1,000 Sq Ft",CA,,Condos,90245
,"$7,895 ",,,Available Now,2½ BAs,"[{'bedroom_type': '2 Beds', 'price': '$7,895'}]",Los Angeles,"13650 Marina Pointe Dr, Los Angeles, CA 90292",12 Month Lease,https://www.apartments.com/13650-marina-pointe-dr-los-angeles-ca-unit-1103/0dqm371/,"1,780","1,780 Sq Ft",CA,,Condos,90292
,,"$9,495 ",,Available Now,3½ BAs,"[{'bedroom_type': '3 Beds', 'price': '$9,495'}]",Marina del Rey,"13700 Marina Pointe Dr, Marina del Rey, CA 90292",12 Month Lease,https://www.apartments.com/13700-marina-pointe-dr-marina-del-rey-ca-unit-1629/8lhpnw2/,"1,975","1,975 Sq Ft",CA,,Condos,90292
,"$3,800 ",,,Available Now,2 BAs,"[{'bedroom_type': '2 Beds', 'price': '$3,800'}]",San Diego,"200 Harbor Dr, San Diego, CA 92101",12 Month Lease,https://www.apartments.com/200-harbor-dr-san-diego-ca-unit-1101/kkdshs9/,"1,572","1,572 Sq Ft",CA,,Condos,92101
,"$2,800 ",,,Available Now,2 BAs,"[{'bedroom_type': '2 Beds', 'price': '$2,800'}]",Los Angeles,"2811 Francis Ave, Los Angeles, CA 90005",3 Month Lease,https://www.apartments.com/2811-francis-ave-los-angeles-ca-unit-202/zbl3q0w/,900,900 Sq Ft,CA,,Condos,90005
,,"$6,000 ",,1-Nov,3½ BAs,"[{'bedroom_type': '3 Beds', 'price': '$6,000'}]",Los Angeles,"6400 Pacific Ave, Los Angeles, CA 90293",12 Month Lease,https://www.apartments.com/6400-pacific-ave-los-angeles-ca-unit-304/kzj38lb/,"1,650","1,650 Sq Ft",CA,,Condos,90293
,"$3,900 ",,,Available Now,2 BAs,"[{'bedroom_type': '2 Beds', 'price': '$3,900'}]",Los Angeles,"8180 Manitoba St, Los Angeles, CA 90293",12 Month Lease,https://www.apartments.com/8180-manitoba-st-los-angeles-ca-unit-243/c7nd0pd/,"1,301","1,301 Sq Ft",CA,,Condos,90293
"$2,000 ",,,,Available Now,1 BA,"[{'bedroom_type': '1 Bed', 'price': '$2,000'}]",Los Angeles,"215 W 7th St, Los Angeles, CA 90014",12 Month Lease,https://www.apartments.com/215-w-7th-st-los-angeles-ca-unit-1110/kv3r9qc/,650,650 Sq Ft,CA,,Condos,90014
,"$3,500 ",,,Available Now,2 BAs,"[{'bedroom_type': '2 Beds', 'price': '$3,500'}]",Pasadena,"1000 S Orange Grove Blvd, Pasadena, CA 91105",12 Month Lease,https://www.apartments.com/1000-s-orange-grove-blvd-pasadena-ca-unit-6/qn0c7zy/,"1,645","1,645 Sq Ft",CA,,Condos,91105
,"$3,200 ",,,Available Now,2 BAs,"[{'bedroom_type': '2 Beds', 'price': '$3,200'}]",Los Angeles,"700 S Ardmore Ave, Los Angeles, CA 90005",12 Month Lease,https://www.apartments.com/700-s-ardmore-ave-los-angeles-ca-unit-404/vt4vt1e/,"1,350","1,350 Sq Ft",CA,,Condos,90005
,"$3,600 ",,,Available Now,2½ BAs,"[{'bedroom_type': '2 Beds', 'price': '$3,600'}]",Los Angeles,"121 S Hope St, Los Angeles, CA 90012",12 Month Lease,https://www.apartments.com/121-s-hope-st-los-angeles-ca-unit-109/re8e192/,"1,449","1,449 Sq Ft",CA,,Condos,90012
,"$3,999 ",,,Available Now,2 BAs,"[{'bedroom_type': '2 Beds', 'price': '$3,999'}]",Marina del Rey,"13320 Beach Ave, Marina del Rey, CA 90292",12 Month Lease,https://www.apartments.com/13320-beach-ave-marina-del-rey-ca-unit-207/tnydr59/,"1,230","1,230 Sq Ft",CA,,Condos,90292
,,"$6,950 ",,Available Now,3 BAs,"[{'bedroom_type': '3 Beds', 'price': '$6,950'}]",West Hollywood,"950 N Orange Grove Ave, West Hollywood, CA 90046",6 Month Lease,https://www.apartments.com/950-n-orange-grove-ave-west-hollywood-ca-unit-5/k5y4n09/,"2,070","2,070 Sq Ft",CA,,Condos,90046
,,"$3,650 ",,Available Now,2½ BAs,"[{'bedroom_type': '3 Beds', 'price': '$3,650'}]",Burbank,"540 E Angeleno Ave, Burbank, CA 91501",12 Month Lease,https://www.apartments.com/540-e-angeleno-ave-burbank-ca-unit-102/t0n8w2c/,"1,650","1,650 Sq Ft",CA,,Condos,91501
,"$3,400 ",,,Available Now,2 BAs,"[{'bedroom_type': '2 Beds', 'price': '$3,400'}]",West Hollywood,"970 Palm Ave, West Hollywood, CA 90069",12 Month Lease,https://www.apartments.com/970-palm-ave-west-hollywood-ca-unit-206/yr6d67t/,906,906 Sq Ft,CA,,Condos,90069
,"$8,100 ",,,Available Now,2½ BAs,"[{'bedroom_type': '2 Beds', 'price': '$8,100'}]",West Hollywood,"649 Huntley Dr, West Hollywood, CA 90069",12 Month Lease,https://www.apartments.com/649-huntley-dr-west-hollywood-ca-unit-a/fm9drjr/,"1,900","1,900 Sq Ft",CA,,Condos,90069
,,"$4,950 ",,Available Now,2½ BAs,"[{'bedroom_type': '3 Beds', 'price': '$4,950'}]",Los Angeles,"12975 Agustin Pl, Los Angeles, CA 90094",12 Month Lease,https://www.apartments.com/12975-agustin-pl-los-angeles-ca-unit-306/268bwm9/,"1,860","1,860 Sq Ft",CA,,Condos,90094
,"$2,550 ",,,Available Now,2½ BAs,"[{'bedroom_type': '2 Beds', 'price': '$2,550'}]",Pasadena,"75 Harkness Ave, Pasadena, CA 91106",12 Month Lease,https://www.apartments.com/75-harkness-ave-pasadena-ca-unit-3/yzeg51v/,"1,110","1,110 Sq Ft",CA,,Condos,91106
,"$4,900 ",,,1-Dec,2½ BAs,"[{'bedroom_type': '2 Beds', 'price': '$4,900'}]",Marina del Rey,"4344 Glencoe Ave, Marina del Rey, CA 90292",12 Month Lease,https://www.apartments.com/4344-glencoe-ave-marina-del-rey-ca-unit-3/kttbfsb/,"1,866","1,866 Sq Ft",CA,,Condos,90292
,"$2,250 ",,,1-Nov,2 BAs,"[{'bedroom_type': '2 Beds', 'price': '$2,250'}]",Los Angeles,"8650 Belford Ave, Los Angeles, CA 90045",12 Month Lease,https://www.apartments.com/8650-belford-ave-los-angeles-ca-unit-207/twtf4x9/,870,870 Sq Ft,CA,,Condos,90045
,"$3,495 ",,,Available Now,2 BAs,"[{'bedroom_type': '2 Beds', 'price': '$3,495'}]",Los Angeles,"540 N Rossmore Ave, Los Angeles, CA 90004",12 Month Lease,https://www.apartments.com/540-n-rossmore-ave-los-angeles-ca-unit-306/3wlqj3g/,"1,450","1,450 Sq Ft",CA,,Condos,90004
,,,,Available Now,1 BA,"[{'bedroom_type': 'Studio', 'price': '$1,950'}]",Los Angeles,"800 W 1st St, Los Angeles, CA 90012",12 Month Lease,https://www.apartments.com/800-w-1st-st-los-angeles-ca-unit-1904/tcld8jb/,481,481 Sq Ft,CA,"$1,950 ",Condos,90012
,,"$5,895 ",,Available Now,2 BAs,"[{'bedroom_type': '3 Beds', 'price': '$5,895'}]",Los Angeles,"6209 Pacific Ave, Los Angeles, CA 90293",12 Month Lease,https://www.apartments.com/6209-pacific-ave-los-angeles-ca-unit-202/0d5d200/,"2,100","2,100 Sq Ft",CA,,Condos,90293
,"$3,700 ",,,Available Now,2 BAs,"[{'bedroom_type': '2 Beds', 'price': '$3,700'}]",Los Angeles,"801 S Grand Ave, Los Angeles, CA 90017",12 Month Lease,https://www.apartments.com/801-s-grand-ave-los-angeles-ca-unit-1412/1z0pwv5/,"1,200","1,200 Sq Ft",CA,,Condos,90017
,"$4,980 ",,,15-Nov,2 BAs,"[{'bedroom_type': '2 Beds', 'price': '$4,980'}]",West Hollywood,"503 N San Vicente Blvd, West Hollywood, CA 90048",1 Month Lease,https://www.apartments.com/503-n-san-vicente-blvd-west-hollywood-ca-unit-503/0hqhyk3/,"1,150","1,150 Sq Ft",CA,,Condos,90048
"$2,200 ",,,,Available Now,1 BA,"[{'bedroom_type': '1 Bed', 'price': '$2,200'}]",Los Angeles,"1234 Wilshire Blvd, Los Angeles, CA 90017",12 Month Lease,https://www.apartments.com/1234-wilshire-blvd-los-angeles-ca-unit-237/vs1crmd/,790,790 Sq Ft,CA,,Condos,90017
,,"$3,750 ",,Available Now,2 BAs,"[{'bedroom_type': '3 Beds', 'price': '$3,750'}]",Los Angeles,"8710 Delgany Ave, Los Angeles, CA 90293",12 Month Lease,https://www.apartments.com/8710-delgany-ave-los-angeles-ca-unit-28/jrfezz4/,"1,459","1,459 Sq Ft",CA,,Condos,90293
,"$2,250 ",,,Available Now,2 BAs,"[{'bedroom_type': '2 Beds', 'price': '$2,250'}]",Pasadena,"465 S Los Robles Ave, Pasadena, CA 91101",12 Month Lease,https://www.apartments.com/465-s-los-robles-ave-pasadena-ca-unit-12/q08j9jw/,919,919 Sq Ft,CA,,Condos,91101
"$4,195 ",,,,Available Now,1½ BAs,"[{'bedroom_type': '1 Bed', 'price': '$4,195'}]",Marina del Rey,"13700 Marina Pointe Dr, Marina del Rey, CA 90292",12 Month Lease,https://www.apartments.com/13700-marina-pointe-dr-marina-del-rey-ca-unit-1209/0nkykz1/,996,996 Sq Ft,CA,,Condos,90292
"$3,450 ",,,,Available Now,1 BA,"[{'bedroom_type': '1 Bed', 'price': '$3,450'}]",Los Angeles,"215 W 7th St, Los Angeles, CA 90014",12 Month Lease,https://www.apartments.com/215-w-7th-st-los-angeles-ca-unit-1401/9qe8d55/,910,910 Sq Ft,CA,,Condos,90014
"$2,195 ",,,,Available Now,1 BA,"[{'bedroom_type': '1 Bed', 'price': '$2,195'}]",Culver City,"6000 Canterbury Dr, Culver City, CA 90230",12 Month Lease,https://www.apartments.com/6000-canterbury-dr-culver-city-ca-unit-d314/87chq81/,775,775 Sq Ft,CA,,Condos,90230
"$2,600 ",,,,Available Now,1 BA,"[{'bedroom_type': '1 Bed', 'price': '$2,600'}]",Marina del Rey,"4060 Glencoe Ave, Marina del Rey, CA 90292",12 Month Lease,https://www.apartments.com/4060-glencoe-ave-marina-del-rey-ca-unit-322/k01hw1b/,739,739 Sq Ft,CA,,Condos,90292
,,,,1-Nov,1 BA,"[{'bedroom_type': 'Studio', 'price': '$1,200'}]",Los Angeles,"2121 James M Wood Blvd, Los Angeles, CA 90006",12 Month Lease,https://www.apartments.com/2121-james-m-wood-blvd-los-angeles-ca-unit-121/sxzvj97/,460,460 Sq Ft,CA,"$1,200 ",Condos,90006
,"$5,495 ",,,Available Now,2 BAs,"[{'bedroom_type': '2 Beds', 'price': '$5,495'}]",Los Angeles,"1645 Vine St, Los Angeles, CA 90028",12 Month Lease,https://www.apartments.com/1645-vine-st-los-angeles-ca-unit-711/7w16kbw/,"1,800","1,800 Sq Ft",CA,,Condos,90028
,"$4,800 ",,,Available Now,2 BAs,"[{'bedroom_type': '2 Beds', 'price': '$4,800'}]",Los Angeles,"10501 Wilshire Blvd, Los Angeles, CA 90024",12 Month Lease,https://www.apartments.com/10501-wilshire-blvd-los-angeles-ca-unit-1101/10tgw85/,"1,057","1,057 Sq Ft",CA,,Condos,90024
,"$2,800 ",,,Available Now,2 BAs,"[{'bedroom_type': '2 Beds', 'price': '$2,800'}]",Los Angeles,"940 Elden Ave, Los Angeles, CA 90006",12 Month Lease,https://www.apartments.com/940-elden-ave-los-angeles-ca-unit-304/81kkk02/,"1,050","1,050 Sq Ft",CA,,Condos,90006
,"$4,150 ",,,Available Now,2 BAs,"[{'bedroom_type': '2 Beds', 'price': '$4,150'}]",West Hollywood,"911 N Kings Rd, West Hollywood, CA 90069",12 Month Lease,https://www.apartments.com/911-n-kings-rd-west-hollywood-ca-unit-102/f0zwn9t/,"1,171","1,171 Sq Ft",CA,,Condos,90069
"$2,995 ",,,,Available Now,1½ BAs,"[{'bedroom_type': '1 Bed', 'price': '$2,995'}]",Los Angeles,"7250 Franklin Ave, Los Angeles, CA 90046",12 Month Lease,https://www.apartments.com/7250-franklin-ave-los-angeles-ca-unit-815/ky2r8w8/,996,996 Sq Ft,CA,,Condos,90046
,,"$6,900 ",,Available Now,3 BAs,"[{'bedroom_type': '3 Beds', 'price': '$6,900'}]",Marina del Rey,"13082 Mindanao Way, Marina del Rey, CA 90292",12 Month Lease,https://www.apartments.com/13082-mindanao-way-marina-del-rey-ca-unit-52/1ffgws6/,"2,217","2,217 Sq Ft",CA,,Condos,90292
,"$3,400 ",,,16-Nov,2 BAs,"[{'bedroom_type': '2 Beds', 'price': '$3,400'}]",Hermosa Beach,"1707 Pacific Coast Hwy, Hermosa Beach, CA 90254",12 Month Lease,https://www.apartments.com/1707-pacific-coast-hwy-hermosa-beach-ca-unit-406/8xkqxz1/,973,973 Sq Ft,CA,,Condos,90254
,"$3,100 ",,,Available Now,2 BAs,"[{'bedroom_type': '2 Beds', 'price': '$3,100'}]",Pasadena,"159 W Green St, Pasadena, CA 91105",12 Month Lease,https://www.apartments.com/159-w-green-st-pasadena-ca-unit-408/dbgn9xh/,"1,180","1,180 Sq Ft",CA,,Condos,91105
"$4,600 ",,,,Available Now,2 BAs,"[{'bedroom_type': '1 Bed', 'price': '$4,600'}]",Los Angeles,"4111 Sunset Blvd, Los Angeles, CA 90029",12 Month Lease,https://www.apartments.com/4111-sunset-blvd-los-angeles-ca-unit-542/whvjjwh/,"1,510","1,510 Sq Ft",CA,,Condos,90029
"$2,100 ",,,,Available Now,1 BA,"[{'bedroom_type': '1 Bed', 'price': '$2,100'}]",Los Angeles,"1735 N Fuller Ave, Los Angeles, CA 90046",12 Month Lease,https://www.apartments.com/1735-n-fuller-ave-los-angeles-ca-unit-301/7jzh89y/,831,831 Sq Ft,CA,,Condos,90046
"$2,250 ",,,,Available Now,1 BA,"[{'bedroom_type': '1 Bed', 'price': '$2,250'}]",Los Angeles,"1234 Wilshire Blvd, Los Angeles, CA 90017",12 Month Lease,https://www.apartments.com/1234-wilshire-blvd-los-angeles-ca-unit-237/epe5drp/,800,800 Sq Ft,CA,,Condos,90017
,"$4,200 ",,,Available Now,2 BAs,"[{'bedroom_type': '2 Beds', 'price': '$4,200'}]",Santa Monica,"425 Idaho Ave, Santa Monica, CA 90403",12 Month Lease,https://www.apartments.com/425-idaho-ave-santa-monica-ca-unit-7/vj9sbce/,"1,100","1,100 Sq Ft",CA,,Condos,90403
"$2,500 ",,,,Available Now,1 BA,"[{'bedroom_type': '1 Bed', 'price': '$2,500'}]",Los Angeles,"121 S Hope St, Los Angeles, CA 90012",12 Month Lease,https://www.apartments.com/121-s-hope-st-los-angeles-ca-unit-333/rnqt5k3/,853,853 Sq Ft,CA,,Condos,90012
,"$3,300 ",,,Available Now,2 BAs,"[{'bedroom_type': '2 Beds', 'price': '$3,300'}]",Los Angeles,"2811 Francis Ave, Los Angeles, CA 90005",12 Month Lease,https://www.apartments.com/2811-francis-ave-los-angeles-ca-unit-202/fkbn7lv/,900,900 Sq Ft,CA,,Condos,90005
,,"$15,000 ",,Available Now,2 BAs,"[{'bedroom_type': '3 Beds', 'price': '$15,000'}]",Manhattan Beach,"4214 The Strand, Manhattan Beach, CA 90266",12 Month Lease,https://www.apartments.com/4214-the-strand-manhattan-beach-ca-unit-4214/rmhkk21/,"1,250","1,250 Sq Ft",CA,,Condos,90266
"$2,950 ",,,,Available Now,1 BA,"[{'bedroom_type': '1 Bed', 'price': '$2,950'}]",West Hollywood,"1155 N La Cienega Blvd, West Hollywood, CA 90069",12 Month Lease,https://www.apartments.com/1155-n-la-cienega-blvd-west-hollywood-ca-unit-307/j81bsq6/,770,770 Sq Ft,CA,,Condos,90069
"$2,300 ",,,,Available Now,1 BA,"[{'bedroom_type': '1 Bed', 'price': '$2,300'}]",Los Angeles,"7037 La Tijera Blvd, Los Angeles, CA 90045",12 Month Lease,https://www.apartments.com/7037-la-tijera-blvd-los-angeles-ca-unit-a101/cj4s61d/,699,699 Sq Ft,CA,,Condos,90045
"$3,000 ",,,,Available Now,1 BA,"[{'bedroom_type': '1 Bed', 'price': '$3,000'}]",Los Angeles,"215 W 7th St, Los Angeles, CA 90014",12 Month Lease,https://www.apartments.com/215-w-7th-st-los-angeles-ca-unit-1408/h2czcg3/,"1,290","1,290 Sq Ft",CA,,Condos,90014
,,"$2,825 ",,Available Now,2½ BAs,"[{'bedroom_type': '3 Beds', 'price': '$2,825'}]",Monrovia,"708 W Duarte Rd, Monrovia, CA 91016",12 Month Lease,https://www.apartments.com/708-w-duarte-rd-monrovia-ca-unit-a/lkt76xe/,"1,720","1,720 Sq Ft",CA,,Condos,91016
,,"$3,700 ",,Available Now,2 BAs,"[{'bedroom_type': '3 Beds', 'price': '$3,700'}]",Long Beach,"700 E Ocean Blvd, Long Beach, CA 90802",12 Month Lease,https://www.apartments.com/700-e-ocean-blvd-long-beach-ca-unit-908/x8e0ssp/,"1,260","1,260 Sq Ft",CA,,Condos,90802
,,"$1,750 ",,Available Now,2 BAs,"[{'bedroom_type': '3 Beds', 'price': '$1,750'}]",Palm Springs,"250 E San Jose Rd, Palm Springs, CA 92264",12 Month Lease,https://www.apartments.com/250-e-san-jose-rd-palm-springs-ca-unit-61/hnnkt30/,"1,403","1,403 Sq Ft",CA,,Condos,92264
,,"$2,395 ",,Available Now,1½ BAs,"[{'bedroom_type': '3 Beds', 'price': '$2,395'}]",Los Angeles,"12351 Osborne Pl, Los Angeles, CA 91331",12 Month Lease,https://www.apartments.com/12351-osborne-pl-los-angeles-ca-unit-20/fh9rhjt/,"1,324","1,324 Sq Ft",CA,,Condos,91331
,"$2,995 ",,,1-Nov,2½ BAs,"[{'bedroom_type': '2 Beds', 'price': '$2,995'}]",Torrance,"2559 Plaza del Amo, Torrance, CA 90503",12 Month Lease,https://www.apartments.com/2559-plaza-del-amo-torrance-ca-unit-205/p44fqls/,"1,165","1,165 Sq Ft",CA,,Condos,90503
,"$3,200 ",,,Available Now,2 BAs,"[{'bedroom_type': '2 Beds', 'price': '$3,200'}]",Los Angeles,"7100 Alvern St, Los Angeles, CA 90045",12 Month Lease,https://www.apartments.com/7100-alvern-st-los-angeles-ca-unit-317/db06lqj/,"1,241","1,241 Sq Ft",CA,,Condos,90045
,"$2,900 ",,,Available Now,1 BA,"[{'bedroom_type': '2 Beds', 'price': '$2,900'}]",Los Angeles,"530 N Spaulding Ave, Los Angeles, CA 90036",12 Month Lease,https://www.apartments.com/530-n-spaulding-ave-los-angeles-ca-unit-5305/8sd2hw0/,"1,080","1,080 Sq Ft",CA,,Condos,90036
"$2,000 ",,,,Available Now,1 BA,"[{'bedroom_type': '1 Bed', 'price': '$2,000'}]",Los Angeles,"7301 Vista Del Mar, Los Angeles, CA 90293",6 Month Lease,https://www.apartments.com/7301-vista-del-mar-los-angeles-ca-unit-b-103/fjs7x0s/,"1,600","1,600 Sq Ft",CA,,Condos,90293
,,"$3,750 ",,Available Now,2 BAs,"[{'bedroom_type': '3 Beds', 'price': '$3,750'}]",Los Angeles,"8601 Falmouth Ave, Los Angeles, CA 90293",12 Month Lease,https://www.apartments.com/8601-falmouth-ave-los-angeles-ca-unit-423/swsjcs4/,"1,367","1,367 Sq Ft",CA,,Condos,90293
,,"$4,100 ",,Available Now,2 BAs,"[{'bedroom_type': '3 Beds', 'price': '$4,100'}]",Los Angeles,"1943 Pelham Ave, Los Angeles, CA 90025",12 Month Lease,https://www.apartments.com/1943-pelham-ave-los-angeles-ca-unit-ph2/0fwx152/,"1,344","1,344 Sq Ft",CA,,Condos,90025
,,"$3,200 ",,Available Now,2 BAs,"[{'bedroom_type': '3 Beds', 'price': '$3,200'}]",Fullerton,"846 Glenwood Cir, Fullerton, CA 92832",12 Month Lease,https://www.apartments.com/846-glenwood-cir-fullerton-ca-unit-846/sh5sdq5/,"1,560","1,560 Sq Ft",CA,,Condos,92832
,,"$10,500 ",,Available Now,2½ BAs,"[{'bedroom_type': '3 Beds', 'price': '$10,500'}]",Santa Monica,"201 Ocean Ave, Santa Monica, CA 90402",12 Month Lease,https://www.apartments.com/201-ocean-ave-santa-monica-ca-unit-504b/6nx5zrt/,"1,746","1,746 Sq Ft",CA,,Condos,90402
"$5,500 ",,,,Available Now,1 BA,"[{'bedroom_type': '1 Bed', 'price': '$5,500'}]",Santa Monica,"201 Ocean Ave, Santa Monica, CA 90402",12 Month Lease,https://www.apartments.com/201-ocean-ave-santa-monica-ca-unit-1105p/hdvlff2/,868,868 Sq Ft,CA,,Condos,90402
,"$11,600 ",,,Available Now,2½ BAs,"[{'bedroom_type': '2 Beds', 'price': '$11,600'}]",Los Angeles,"10601 Wilshire Blvd, Los Angeles, CA 90024",12 Month Lease,https://www.apartments.com/10601-wilshire-blvd-los-angeles-ca-unit-1703/lgjdmfg/,"2,500","2,500 Sq Ft",CA,,Condos,90024
,,"$4,300 ",,Available Now,2 BAs,"[{'bedroom_type': '3 Beds', 'price': '$4,300'}]",West Hollywood,"938 Palm Ave, West Hollywood, CA 90069",12 Month Lease,https://www.apartments.com/938-palm-ave-west-hollywood-ca-unit-11/8hepbs1/,"1,500","1,500 Sq Ft",CA,,Condos,90069
,"$4,130 ",,,Available Now,2 BAs,"[{'bedroom_type': '2 Beds', 'price': '$4,130'}]",Los Angeles,"321 S San Vicente Blvd, Los Angeles, CA 90048",12 Month Lease,https://www.apartments.com/321-s-san-vicente-blvd-los-angeles-ca-unit-607/46x7g9h/,"1,236","1,236 Sq Ft",CA,,Condos,90048
,,"$3,200 ",,Available Now,2½ BAs,"[{'bedroom_type': '3 Beds', 'price': '$3,200'}]",Burbank,"1418 N Hollywood Way, Burbank, CA 91505",12 Month Lease,https://www.apartments.com/1418-n-hollywood-way-burbank-ca-unit-0/4vtp3kh/,"1,890","1,890 Sq Ft",CA,,Condos,91505
,,"$2,750 ",,Available Now,2 BAs,"[{'bedroom_type': '3 Beds', 'price': '$2,750'}]",Los Angeles,"18620 Hatteras St, Los Angeles, CA 91356",12 Month Lease,https://www.apartments.com/18620-hatteras-st-los-angeles-ca-unit-206/sfpkjn6/,"1,098","1,098 Sq Ft",CA,,Condos,91356
,,"$6,500 ",,Available Now,3½ BAs,"[{'bedroom_type': '3 Beds', 'price': '$6,500'}]",Los Angeles,"859 S Lucerne Blvd, Los Angeles, CA 90005",12 Month Lease,https://www.apartments.com/859-s-lucerne-blvd-los-angeles-ca-unit-ph-2/nt546fq/,"2,031","2,031 Sq Ft",CA,,Condos,90005
,,"$4,500 ",,Available Now,2 BAs,"[{'bedroom_type': '3 Beds', 'price': '$4,500'}]",Santa Monica,"1007 20th St, Santa Monica, CA 90403",12 Month Lease,https://www.apartments.com/1007-20th-st-santa-monica-ca-unit-5/56tkhvp/,"1,400","1,400 Sq Ft",CA,,Condos,90403
,"$3,450 ",,,Available Now,2 BAs,"[{'bedroom_type': '2 Beds', 'price': '$3,450'}]",Los Angeles,"10535 Wilshire Blvd, Los Angeles, CA 90024",12 Month Lease,https://www.apartments.com/10535-wilshire-blvd-los-angeles-ca-unit-1612/mjhlsjj/,"1,200","1,200 Sq Ft",CA,,Condos,90024
,"$12,000 ",,,Available Now,2 BAs,"[{'bedroom_type': '2 Beds', 'price': '$12,000'}]",Santa Monica,"212 Marine St, Santa Monica, CA 90405",1 Month Lease,https://www.apartments.com/212-marine-st-santa-monica-ca-unit-205/19ns496/,"1,800","1,800 Sq Ft",CA,,Condos,90405
,"$1,900 ",,,Available Now,1 BA,"[{'bedroom_type': '2 Beds', 'price': '$1,900'}]",Los Angeles,"3031 Wellington Rd, Los Angeles, CA 90016",12 Month Lease,https://www.apartments.com/3031-wellington-rd-los-angeles-ca-unit-1/b9r3138/,"1,050","1,050 Sq Ft",CA,,Condos,90016
,,"$5,000 ",,Available Now,3 BAs,"[{'bedroom_type': '3 Beds', 'price': '$5,000'}]",Los Angeles,"7301 Vista Del Mar, Los Angeles, CA 90293",12 Month Lease,https://www.apartments.com/7301-vista-del-mar-los-angeles-ca-unit-b102/05hzj51/,"1,623","1,623 Sq Ft",CA,,Condos,90293
,"$2,999 ",,,Available Now,2 BAs,"[{'bedroom_type': '2 Beds', 'price': '$2,999'}]",Los Angeles,"7320 Hawthorn Ave, Los Angeles, CA 90046",12 Month Lease,https://www.apartments.com/7320-hawthorn-ave-los-angeles-ca-unit-407/r1f1yn2/,"1,060","1,060 Sq Ft",CA,,Condos,90046
,"$3,950 ",,,Available Now,2 BAs,"[{'bedroom_type': '2 Beds', 'price': '$3,950'}]",Newport Beach,"1826 W Balboa Blvd, Newport Beach, CA 92663",7 Month Lease,https://www.apartments.com/1826-w-balboa-blvd-newport-beach-ca-unit-a/e627b3n/,1,1 Sq Ft,CA,,Condos,92663
,"$3,600 ",,,Available Now,2 BAs,"[{'bedroom_type': '2 Beds', 'price': '$3,600'}]",Pasadena,"834 S Orange Grove Blvd, Pasadena, CA 91105",12 Month Lease,https://www.apartments.com/834-s-orange-grove-blvd-pasadena-ca-unit-a/ez7twdq/,"1,500","1,500 Sq Ft",CA,,Condos,91105
"$2,950 ",,,,Available Now,1 BA,"[{'bedroom_type': '1 Bed', 'price': '$2,950'}]",West Hollywood,"1155 N La Cienega Blvd, West Hollywood, CA 90069",12 Month Lease,https://www.apartments.com/1155-n-la-cienega-blvd-west-hollywood-ca-unit-404/10840j7/,800,800 Sq Ft,CA,,Condos,90069
"$2,950 ",,,,Available Now,1 BA,"[{'bedroom_type': '1 Bed', 'price': '$2,950'}]",West Hollywood,"1155 N La Cienega Blvd, West Hollywood, CA 90069",12 Month Lease,https://www.apartments.com/1155-n-la-cienega-blvd-west-hollywood-ca-unit-503/1204216/,800,800 Sq Ft,CA,,Condos,90069
,,"$2,800 ",,Available Now,2½ BAs,"[{'bedroom_type': '3 Beds', 'price': '$2,800'}]",Los Angeles,"9610 Zelzah Ave, Los Angeles, CA 91325",12 Month Lease,https://www.apartments.com/9610-zelzah-ave-los-angeles-ca-unit-212/1d5cw36/,"1,434","1,434 Sq Ft",CA,,Condos,91325
,"$3,974 ",,,Available Now,1 BA,"[{'bedroom_type': '2 Beds', 'price': '$3,974'}]",Beverly Hills,"165 N Swall Dr, Beverly Hills, CA 90211",12 Month Lease,https://www.apartments.com/165-n-swall-dr-beverly-hills-ca-unit-105/hn8htc2/,991,991 Sq Ft,CA,,Condos,90211
,"$2,300 ",,,Available Now,2 BAs,"[{'bedroom_type': '2 Beds', 'price': '$2,300'}]",Los Angeles,"5460 White Oak Ave, Los Angeles, CA 91316",12 Month Lease,https://www.apartments.com/5460-white-oak-ave-los-angeles-ca-unit-e338/74w43jx/,"1,009","1,009 Sq Ft",CA,,Condos,91316
,"$2,200 ",,,Available Now,2 BAs,"[{'bedroom_type': '2 Beds', 'price': '$2,200'}]",Rancho Mirage,"30 Tennis Club Dr, Rancho Mirage, CA 92270",12 Month Lease,https://www.apartments.com/30-tennis-club-dr-rancho-mirage-ca-unit-30/gtm7tpx/,"1,902","1,902 Sq Ft",CA,,Condos,92270
,,"$10,000 ",,Available Now,2½ BAs,"[{'bedroom_type': '3 Beds', 'price': '$10,000'}]",Santa Monica,"947 4th St, Santa Monica, CA 90403",12 Month Lease,https://www.apartments.com/947-4th-st-santa-monica-ca-unit-b/915kk46/,"1,860","1,860 Sq Ft",CA,,Condos,90403
,"$3,250 ",,,1-Nov,1 BA,"[{'bedroom_type': '2 Beds', 'price': '$3,250'}]",Santa Monica,"1950 Cloverfield Blvd, Santa Monica, CA 90404",12 Month Lease,https://www.apartments.com/1950-cloverfield-blvd-santa-monica-ca-unit-9/qdemz3z/,784,784 Sq Ft,CA,,Condos,90404
"$4,750 ",,,,Available Now,1 BA,"[{'bedroom_type': '1 Bed', 'price': '$4,750'}]",Los Angeles,"1645 Vine St, Los Angeles, CA 90028",12 Month Lease,https://www.apartments.com/1645-vine-st-los-angeles-ca-unit-903/jqn4v57/,"1,340","1,340 Sq Ft",CA,,Condos,90028
"$9,800 ",,,,Available Now,1½ BAs,"[{'bedroom_type': '1 Bed', 'price': '$9,800'}]",Santa Monica,"1755 Ocean Ave, Santa Monica, CA 90401",12 Month Lease,https://www.apartments.com/1755-ocean-ave-santa-monica-ca-unit-701/32lmcke/,"1,140","1,140 Sq Ft",CA,,Condos,90401
,"$2,900 ",,,Available Now,2 BAs,"[{'bedroom_type': '2 Beds', 'price': '$2,900'}]",Culver City,"6250 Buckingham Pkwy, Culver City, CA 90230",12 Month Lease,https://www.apartments.com/6250-buckingham-pkwy-culver-city-ca-unit-103/px6fb3v/,"1,074","1,074 Sq Ft",CA,,Condos,90230
,,"$9,500 ",,Available Now,3 BAs,"[{'bedroom_type': '3 Beds', 'price': '$9,500'}]",Los Angeles,"13650 Marina Pointe Dr, Los Angeles, CA 90292",12 Month Lease,https://www.apartments.com/13650-marina-pointe-dr-los-angeles-ca-unit-701/pzt3dbt/,"2,995","2,995 Sq Ft",CA,,Condos,90292
,"$7,250 ",,,Available Now,2 BAs,"[{'bedroom_type': '2 Beds', 'price': '$7,250'}]",Marina del Rey,"4115 Glencoe Ave, Marina del Rey, CA 90292",3 Month Lease,https://www.apartments.com/4115-glencoe-ave-marina-del-rey-ca-unit-301/vj3h2yf/,"1,700","1,700 Sq Ft",CA,,Condos,90292
"$4,500 ",,,,9-Nov,1 BA,"[{'bedroom_type': '1 Bed', 'price': '$4,500'}]",Los Angeles,"1645 Vine St, Los Angeles, CA 90028",12 Month Lease,https://www.apartments.com/1645-vine-st-los-angeles-ca-unit-504/wzpebqk/,"1,510","1,510 Sq Ft",CA,,Condos,90028
"$5,495 ",,,,Available Now,2 BAs,"[{'bedroom_type': '1 Bed', 'price': '$5,495'}]",Los Angeles,"1645 Vine St, Los Angeles, CA 90028",12 Month Lease,https://www.apartments.com/1645-vine-st-los-angeles-ca-unit-802/y0rkzvv/,"1,720","1,720 Sq Ft",CA,,Condos,90028
,,"$2,950 ",,Available Now,2 BAs,"[{'bedroom_type': '3 Beds', 'price': '$2,950'}]",Los Angeles,"19561 Rinaldi St, Los Angeles, CA 91326",12 Month Lease,https://www.apartments.com/19561-rinaldi-st-los-angeles-ca-unit-14/yblzqtv/,"1,430","1,430 Sq Ft",CA,,Condos,91326
,"$2,400 ",,,Available Now,2 BAs,"[{'bedroom_type': '2 Beds', 'price': '$2,400'}]",Los Angeles,"7800 Topanga Canyon Blvd, Los Angeles, CA 91304",12 Month Lease,https://www.apartments.com/7800-topanga-canyon-blvd-los-angeles-ca-unit-303/d01kr1l/,"1,100","1,100 Sq Ft",CA,,Condos,91304
,,,,Available Now,1 BA,"[{'bedroom_type': 'Studio', 'price': '$2,300'}]",West Hollywood,"1355 N Sierra Bonita Ave, West Hollywood, CA 90046",12 Month Lease,https://www.apartments.com/1355-n-sierra-bonita-ave-west-hollywood-ca-unit-414/lzkevff/,600,600 Sq Ft,CA,"$2,300 ",Condos,90046
,"$2,400 ",,,1-Nov,2 BAs,"[{'bedroom_type': '2 Beds', 'price': '$2,400'}]",Long Beach,"535 W 4th St, Long Beach, CA 90802",12 Month Lease,https://www.apartments.com/535-w-4th-st-long-beach-ca-unit-307/rg2p451/,904,904 Sq Ft,CA,,Condos,90802
,"$10,995 ",,,Available Now,2 BAs,"[{'bedroom_type': '2 Beds', 'price': '$10,995'}]",Los Angeles,"1645 Vine St, Los Angeles, CA 90028",12 Month Lease,https://www.apartments.com/1645-vine-st-los-angeles-ca-unit-906/tdx19g9/,"2,080","2,080 Sq Ft",CA,,Condos,90028
"$4,500 ",,,,1-Nov,1 BA,"[{'bedroom_type': '1 Bed', 'price': '$4,500'}]",Los Angeles,"1645 Vine St, Los Angeles, CA 90028",6 Month Lease,https://www.apartments.com/1645-vine-st-los-angeles-ca-unit-603/602dw2t/,"1,380","1,380 Sq Ft",CA,,Condos,90028
"$6,250 ",,,,Available Now,2 BAs,"[{'bedroom_type': '1 Bed', 'price': '$6,250'}]",Santa Monica,"1534 17th St, Santa Monica, CA 90404",12 Month Lease,https://www.apartments.com/1534-17th-st-santa-monica-ca-unit-204/q9m8ypy/,"1,338","1,338 Sq Ft",CA,,Condos,90404
,"$3,000 ",,,Available Now,2 BAs,"[{'bedroom_type': '2 Beds', 'price': '$3,000'}]",Los Angeles,"600 W 9th St, Los Angeles, CA 90015",12 Month Lease,https://www.apartments.com/600-w-9th-st-los-angeles-ca-unit-605/0rx7sv0/,"1,193","1,193 Sq Ft",CA,,Condos,90015
,"$2,750 ",,,Available Now,2 BAs,"[{'bedroom_type': '2 Beds', 'price': '$2,750'}]",Glendale,"121 Sinclair Ave, Glendale, CA 91206",12 Month Lease,https://www.apartments.com/121-sinclair-ave-glendale-ca-unit-246/yd30zgv/,956,956 Sq Ft,CA,,Condos,91206
"$2,450 ",,,,Available Now,1 BA,"[{'bedroom_type': '1 Bed', 'price': '$2,450'}]",Palos Verdes Estates,"2306 Palos Verdes Dr W, Palos Verdes Estates, CA 90274",12 Month Lease,https://www.apartments.com/2306-palos-verdes-dr-w-palos-verdes-estates-ca-unit-304/69wj4sr/,750,750 Sq Ft,CA,,Condos,90274
,,"$4,900 ",,Available Now,2 BAs,"[{'bedroom_type': '3 Beds', 'price': '$4,900'}]",Los Angeles,"170 S Orange Dr, Los Angeles, CA 90036",24 Month Lease,https://www.apartments.com/170-s-orange-dr-los-angeles-ca-unit-1/cmecbvf/,"2,300","2,300 Sq Ft",CA,,Condos,90036
,"$3,750 ",,,Available Now,2 BAs,"[{'bedroom_type': '2 Beds', 'price': '$3,750'}]",Los Angeles,"7062 Hawthorn Ave, Los Angeles, CA 90028",12 Month Lease,https://www.apartments.com/7062-hawthorn-ave-los-angeles-ca-unit-205/rw6y5f0/,"1,200","1,200 Sq Ft",CA,,Condos,90028
,,"$4,050 ",,Available Now,1½ BAs,"[{'bedroom_type': '3 Beds', 'price': '$4,050'}]",Santa Monica,"707 Grant St, Santa Monica, CA 90405",12 Month Lease,https://www.apartments.com/707-grant-st-santa-monica-ca-unit-15/gqmxcfz/,"1,194","1,194 Sq Ft",CA,,Condos,90405
,"$3,595 ",,,Available Now,2 BAs,"[{'bedroom_type': '2 Beds', 'price': '$3,595'}]",Los Angeles,"10345 Almayo Ave, Los Angeles, CA 90064",12 Month Lease,https://www.apartments.com/10345-almayo-ave-los-angeles-ca-unit-301/0fs67r0/,"1,406","1,406 Sq Ft",CA,,Condos,90064
,"$3,750 ",,,Available Now,2 BAs,"[{'bedroom_type': '2 Beds', 'price': '$3,750'}]",Los Angeles,"10982 Roebling Ave, Los Angeles, CA 90024",12 Month Lease,https://www.apartments.com/10982-roebling-ave-los-angeles-ca-unit-533/gxws0sz/,924,924 Sq Ft,CA,,Condos,90024
,,"$6,000 ",,Available Now,3½ BAs,"[{'bedroom_type': '3 Beds', 'price': '$6,000'}]",La Quinta,"80278 Vía Tesoro, La Quinta, CA 92253",1 Month Lease,https://www.apartments.com/80278-via-tesoro-la-quinta-ca-unit-0/tc49zw9/,"2,500","2,500 Sq Ft",CA,,Condos,92253
,,,"$7,500 ",Available Now,4½ BAs,"[{'bedroom_type': '4 Beds', 'price': '$7,500'}]",Redondo Beach,"201 Avenue A, Redondo Beach, CA 90277",12 Month Lease,https://www.apartments.com/201-avenue-a-redondo-beach-ca-unit-d/jpx0xc6/,"2,722","2,722 Sq Ft",CA,,Condos,90277
,"$4,200 ",,,Available Now,2 BAs,"[{'bedroom_type': '2 Beds', 'price': '$4,200'}]",Los Angeles,"2051 S Bentley Ave, Los Angeles, CA 90025",12 Month Lease,https://www.apartments.com/2051-s-bentley-ave-los-angeles-ca-unit-103/7s7pppy/,"1,610","1,610 Sq Ft",CA,,Condos,90025
,"$2,195 ",,,Available Now,2 BAs,"[{'bedroom_type': '2 Beds', 'price': '$2,195'}]",Lawndale,"17217 Grevillea Ave, Lawndale, CA 90260",12 Month Lease,https://www.apartments.com/17217-grevillea-ave-lawndale-ca-unit-4/xn2vjtm/,850,850 Sq Ft,CA,,Condos,90260
"$1,900 ",,,,Available Now,1 BA,"[{'bedroom_type': '1 Bed', 'price': '$1,900'}]",Los Angeles,"215 W 7th St, Los Angeles, CA 90014",12 Month Lease,https://www.apartments.com/215-w-7th-st-los-angeles-ca-unit-500/9w9pgr7/,700,700 Sq Ft,CA,,Condos,90014
,"$2,650 ",,,Available Now,3 BAs,"[{'bedroom_type': '2 Beds', 'price': '$2,650'}]",Pasadena,"111 S Oak Knoll Ave, Pasadena, CA 91101",12 Month Lease,https://www.apartments.com/111-s-oak-knoll-ave-pasadena-ca-unit-212/fm4mcsv/,"1,017","1,017 Sq Ft",CA,,Condos,91101
,"$4,200 ",,,Available Now,2 BAs,"[{'bedroom_type': '2 Beds', 'price': '$4,200'}]",Los Angeles,"450 S Detroit St, Los Angeles, CA 90036",12 Month Lease,https://www.apartments.com/450-s-detroit-st-los-angeles-ca-unit-7/ms5rqqj/,"1,640","1,640 Sq Ft",CA,,Condos,90036
,"$3,700 ",,,Available Now,2½ BAs,"[{'bedroom_type': '2 Beds', 'price': '$3,700'}]",Los Angeles,"4374 Troost Ave, Los Angeles, CA 91604",12 Month Lease,https://www.apartments.com/4374-troost-ave-los-angeles-ca-unit-201/0jrprq0/,"1,588","1,588 Sq Ft",CA,,Condos,91604
,,,"$8,500 ",Available Now,5 BAs,"[{'bedroom_type': '4 Beds', 'price': '$8,500'}]",Redondo Beach,"812 S Catalina Ave, Redondo Beach, CA 90277",12 Month Lease,https://www.apartments.com/812-s-catalina-ave-redondo-beach-ca-unit-a/2ccs8kb/,"3,003","3,003 Sq Ft",CA,,Condos,90277
,,"$6,750 ",,Available Now,3 BAs,"[{'bedroom_type': '3 Beds', 'price': '$6,750'}]",Beverly Hills,"424 S Roxbury Dr, Beverly Hills, CA 90212",12 Month Lease,https://www.apartments.com/424-s-roxbury-dr-beverly-hills-ca-unit-upper/zv1zt9z/,"2,000","2,000 Sq Ft",CA,,Condos,90212
,"$3,975 ",,,Available Now,2 BAs,"[{'bedroom_type': '2 Beds', 'price': '$3,975'}]",Beverly Hills,"9950 Durant Dr, Beverly Hills, CA 90212",12 Month Lease,https://www.apartments.com/9950-durant-dr-beverly-hills-ca-unit-204/t26s9vc/,"1,300","1,300 Sq Ft",CA,,Condos,90212
,"$3,150 ",,,Available Now,2 BAs,"[{'bedroom_type': '2 Beds', 'price': '$3,150'}]",Long Beach,"5400 E The Toledo, Long Beach, CA 90803",12 Month Lease,https://www.apartments.com/5400-e-the-toledo-long-beach-ca-unit-609/1npg7q7/,"1,189","1,189 Sq Ft",CA,,Condos,90803
"$1,395 ",,,,1-Nov,1 BA,"[{'bedroom_type': '1 Bed', 'price': '$1,395'}]",Long Beach,"225 W 6th St, Long Beach, CA 90802",12 Month Lease,https://www.apartments.com/225-w-6th-st-long-beach-ca-unit-306/1jvjrg5/,516,516 Sq Ft,CA,,Condos,90802
,,"$2,300 ",,Available Now,2 BAs,"[{'bedroom_type': '3 Beds', 'price': '$2,300'}]",Port Hueneme,"263 S Ventura Rd, Port Hueneme, CA 93041",12 Month Lease,https://www.apartments.com/263-s-ventura-rd-port-hueneme-ca-unit-256/nlzf2rq/,965,965 Sq Ft,CA,,Condos,93041
,"$2,250 ",,,Available Now,2 BAs,"[{'bedroom_type': '2 Beds', 'price': '$2,250'}]",Los Angeles,"1437 W Lomita Blvd, Los Angeles, CA 90710",12 Month Lease,https://www.apartments.com/1437-w-lomita-blvd-los-angeles-ca-unit-326/we0j7zl/,"1,210","1,210 Sq Ft",CA,,Condos,90710
,,"$5,900 ",,Available Now,2½ BAs,"[{'bedroom_type': '3 Beds', 'price': '$5,900'}]",Santa Monica,"1253 18th St, Santa Monica, CA 90404",12 Month Lease,https://www.apartments.com/1253-18th-st-santa-monica-ca-unit-3/qqlwdsw/,"1,425","1,425 Sq Ft",CA,,Condos,90404
,"$2,400 ",,,Available Now,2 BAs,"[{'bedroom_type': '2 Beds', 'price': '$2,400'}]",Glendale,"251 W Dryden St, Glendale, CA 91202",12 Month Lease,https://www.apartments.com/251-w-dryden-st-glendale-ca-unit-23/fq9hqfs/,917,917 Sq Ft,CA,,Condos,91202
,"$4,500 ",,,Available Now,3 BAs,"[{'bedroom_type': '2 Beds', 'price': '$4,500'}]",Los Angeles,"11500 Tennessee Ave, Los Angeles, CA 90064",12 Month Lease,https://www.apartments.com/11500-tennessee-ave-los-angeles-ca-unit-315/7w2hsdw/,"1,610","1,610 Sq Ft",CA,,Condos,90064
,,"$5,100 ",,Available Now,3 BAs,"[{'bedroom_type': '3 Beds', 'price': '$5,100'}]",Santa Monica,"813 15th St, Santa Monica, CA 90403",1 Month Lease,https://www.apartments.com/813-15th-st-santa-monica-ca-unit-d/ptj3k1t/,"1,500","1,500 Sq Ft",CA,,Condos,90403
,"$4,500 ",,,Available Now,1½ BAs,"[{'bedroom_type': '2 Beds', 'price': '$4,500'}]",Los Angeles,"11645 Montana Ave, Los Angeles, CA 90049",12 Month Lease,https://www.apartments.com/11645-montana-ave-los-angeles-ca-unit/z7q3l9y/,1,1 Sq Ft,CA,,Condos,90049
,,"$9,995 ",,Available Now,3 BAs,"[{'bedroom_type': '3 Beds', 'price': '$9,995'}]",Santa Monica,"914 5th St, Santa Monica, CA 90403",12 Month Lease,https://www.apartments.com/914-5th-st-santa-monica-ca-unit-d/9wp9vg7/,"2,000","2,000 Sq Ft",CA,,Condos,90403
,"$4,595 ",,,Available Now,2 BAs,"[{'bedroom_type': '2 Beds', 'price': '$4,595'}]",West Hollywood,"8455 Fountain Ave, West Hollywood, CA 90069",12 Month Lease,https://www.apartments.com/8455-fountain-ave-west-hollywood-ca-unit-525/rmw9t01/,"1,600","1,600 Sq Ft",CA,,Condos,90069
"$2,795 ",,,,Available Now,1 BA,"[{'bedroom_type': '1 Bed', 'price': '$2,795'}]",Los Angeles,"1345 N Fuller Ave, Los Angeles, CA 90046",12 Month Lease,https://www.apartments.com/1345-n-fuller-ave-los-angeles-ca-unit-104/ff9xslt/,811,811 Sq Ft,CA,,Condos,90046
,"$5,500 ",,,Available Now,2½ BAs,"[{'bedroom_type': '2 Beds', 'price': '$5,500'}]",Malibu,"26668 Seagull Way, Malibu, CA 90265",12 Month Lease,https://www.apartments.com/26668-seagull-way-malibu-ca-unit-a205/xyzwsmn/,"1,200","1,200 Sq Ft",CA,,Condos,90265
,,"$3,500 ",,15-Nov,2 BAs,"[{'bedroom_type': '3 Beds', 'price': '$3,500'}]",Culver City,"4921 Indianwood Rd, Culver City, CA 90230",12 Month Lease,https://www.apartments.com/4921-indianwood-rd-culver-city-ca-unit-484/g5prhhw/,"1,000","1,000 Sq Ft",CA,,Condos,90230
"$1,850 ",,,,Available Now,1 BA,"[{'bedroom_type': '1 Bed', 'price': '$1,850'}]",Glendale,"748 W Dryden St, Glendale, CA 91202",12 Month Lease,https://www.apartments.com/748-w-dryden-st-glendale-ca-unit-back/mhmz3gh/,500,500 Sq Ft,CA,,Condos,91202
,"$2,950 ",,,Available Now,2 BAs,"[{'bedroom_type': '2 Beds', 'price': '$2,950'}]",Burbank,"620 E Angeleno Ave, Burbank, CA 91501",12 Month Lease,https://www.apartments.com/620-e-angeleno-ave-burbank-ca-unit-s/wlqte7h/,"1,757","1,757 Sq Ft",CA,,Condos,91501
"$2,990 ",,,,Available Now,1 BA,"[{'bedroom_type': '1 Bed', 'price': '$2,990'}]",West Hollywood,"1155 N La Cienega Blvd, West Hollywood, CA 90069",12 Month Lease,https://www.apartments.com/1155-n-la-cienega-blvd-west-hollywood-ca-unit-404/hyll971/,880,880 Sq Ft,CA,,Condos,90069
,"$1,650 ",,,Available Now,2 BAs,"[{'bedroom_type': '2 Beds', 'price': '$1,650'}]",Desert Hot Springs,"66735 12th St, Desert Hot Springs, CA 92240",12 Month Lease,https://www.apartments.com/66735-12th-st-desert-hot-springs-ca-unit-b2/kf2ncxb/,"1,048","1,048 Sq Ft",CA,,Condos,92240
"$3,100 ",,,,Available Now,1½ BAs,"[{'bedroom_type': '1 Bed', 'price': '$3,100'}]",Los Angeles,"1130 S Flower St, Los Angeles, CA 90015",12 Month Lease,https://www.apartments.com/1130-s-flower-st-los-angeles-ca-unit-211/lynq26f/,"1,400","1,400 Sq Ft",CA,,Condos,90015
"$1,500 ",,,,Available Now,1 BA,"[{'bedroom_type': '1 Bed', 'price': '$1,500'}]",Santa Monica,"2002 4th St, Santa Monica, CA 90405",12 Month Lease,https://www.apartments.com/2002-4th-st-santa-monica-ca-unit-000/2998db8/,"1,050","1,050 Sq Ft",CA,,Condos,90405
,,"$3,295 ",,Available Now,3 BAs,"[{'bedroom_type': '3 Beds', 'price': '$3,295'}]",Los Angeles,"906 S Serrano Ave, Los Angeles, CA 90006",12 Month Lease,https://www.apartments.com/906-s-serrano-ave-los-angeles-ca-unit-403/4rjwcpk/,"1,230","1,230 Sq Ft",CA,,Condos,90006
"$4,499 ",,,,1-Dec,1 BA,"[{'bedroom_type': '1 Bed', 'price': '$4,499'}]",Santa Monica,"817 6th St, Santa Monica, CA 90403",1 Month Lease,https://www.apartments.com/817-6th-st-santa-monica-ca-unit-e/7npl79y/,750,750 Sq Ft,CA,,Condos,90403
,"$3,000 ",,,Available Now,2 BAs,"[{'bedroom_type': '2 Beds', 'price': '$3,000'}]",West Hollywood,"6611 Lindenhurst Ave, West Hollywood, CA 90048",,https://www.apartments.com/6611-lindenhurst-ave-west-hollywood-ca/0l38fj0/,"1,600","1,600 Sq Ft",CA,,Condos,90048
,"$1,925 ",,,1-Nov,2 BAs,"[{'bedroom_type': '2 Beds', 'price': '$1,925'}]",Winnetka,"20327 Saticoy St, Winnetka, CA 91306",12 Month Lease,https://www.apartments.com/20327-saticoy-st-winnetka-ca-unit-308/0p5xd60/,850,850 Sq Ft,CA,,Condos,91306
,,"$5,600 ",,Available Now,2 BAs,"[{'bedroom_type': '3 Beds', 'price': '$5,600'}]",Woodland Hills,"5530 Owensmouth Ave, Woodland Hills, CA 91367",1 Month Lease,https://www.apartments.com/5530-owensmouth-ave-woodland-hills-ca-unit-126/txcrrcb/,"1,047","1,047 Sq Ft",CA,,Condos,91367
"$1,750 ",,,,1-Dec,1 BA,"[{'bedroom_type': '1 Bed', 'price': '$1,750'}]",Palm Springs,"1655 E Palm Canyon Dr, Palm Springs, CA 92264",1 Month Lease,https://www.apartments.com/1655-e-palm-canyon-dr-palm-springs-ca-unit-103/qym1g6w/,700,700 Sq Ft,CA,,Condos,92264
"$2,750 ",,,,1-Nov,1 BA,"[{'bedroom_type': '1 Bed', 'price': '$2,750'}]",West Hollywood,"1145 Larrabee St, West Hollywood, CA 90069",12 Month Lease,https://www.apartments.com/1145-larrabee-st-west-hollywood-ca-unit-1/nb0006n/,725,725 Sq Ft,CA,,Condos,90069
,"$2,995 ",,,Available Now,2½ BAs,"[{'bedroom_type': '2 Beds', 'price': '$2,995'}]",Los Angeles,"5753 White Oak Ave, Los Angeles, CA 91316",12 Month Lease,https://www.apartments.com/5753-white-oak-ave-los-angeles-ca-unit-20/d5rfzdj/,"1,300","1,300 Sq Ft",CA,,Condos,91316
,,"$4,500 ",,Available Now,3 BAs,"[{'bedroom_type': '3 Beds', 'price': '$4,500'}]",Los Angeles,"2819 Alsace Ave, Los Angeles, CA 90016",12 Month Lease,https://www.apartments.com/2819-alsace-ave-los-angeles-ca-unit-1-4/mpwm6ck/,"1,317","1,317 Sq Ft",CA,,Condos,90016
,"$4,000 ",,,1-Nov,2 BAs,"[{'bedroom_type': '2 Beds', 'price': '$4,000'}]",Los Angeles,"1616 Granville Ave, Los Angeles, CA 90025",12 Month Lease,https://www.apartments.com/1616-granville-ave-los-angeles-ca-unit-104/ll6gqde/,"1,376","1,376 Sq Ft",CA,,Condos,90025
,"$3,200 ",,,Available Now,2 BAs,"[{'bedroom_type': '2 Beds', 'price': '$3,200'}]",Long Beach,"400 W Ocean Blvd, Long Beach, CA 90802",12 Month Lease,https://www.apartments.com/400-w-ocean-blvd-long-beach-ca-unit-605/sm4hgg4/,"1,360","1,360 Sq Ft",CA,,Condos,90802
,"$6,500 ",,,Available Now,2½ BAs,"[{'bedroom_type': '2 Beds', 'price': '$6,500'}]",Beverly Hills,"9233 Burton Way, Beverly Hills, CA 90210",12 Month Lease,https://www.apartments.com/9233-burton-way-beverly-hills-ca-unit-406/lexf52g/,"1,588","1,588 Sq Ft",CA,,Condos,90210
,"$3,100 ",,,Available Now,3 BAs,"[{'bedroom_type': '2 Beds', 'price': '$3,100'}]",Los Angeles,"1957 N Bronson Ave, Los Angeles, CA 90068",6 Month Lease,https://www.apartments.com/1957-n-bronson-ave-los-angeles-ca-unit-112/3crcn4e/,"1,500","1,500 Sq Ft",CA,,Condos,90068
,"$3,400 ",,,Available Now,2 BAs,"[{'bedroom_type': '2 Beds', 'price': '$3,400'}]",Los Angeles,"11820 Mayfield Ave, Los Angeles, CA 90049",12 Month Lease,https://www.apartments.com/11820-mayfield-ave-los-angeles-ca-unit-212/8vyv3m0/,"1,473","1,473 Sq Ft",CA,,Condos,90049
"$6,250 ",,,,Available Now,1 BA,"[{'bedroom_type': '1 Bed', 'price': '$6,250'}]",Los Angeles,"615 Hampton Dr, Los Angeles, CA 90291",12 Month Lease,https://www.apartments.com/615-hampton-dr-los-angeles-ca-unit-b306/z8d8jxy/,"1,075","1,075 Sq Ft",CA,,Condos,90291
,"$3,995 ",,,Available Now,2 BAs,"[{'bedroom_type': '2 Beds', 'price': '$3,995'}]",Los Angeles,"2175 S Beverly Glen Blvd, Los Angeles, CA 90025",12 Month Lease,https://www.apartments.com/2175-s-beverly-glen-blvd-los-angeles-ca-unit-209/h9vzhs2/,"1,400","1,400 Sq Ft",CA,,Condos,90025
,"$3,450 ",,,Available Now,2 BAs,"[{'bedroom_type': '2 Beds', 'price': '$3,450'}]",Santa Monica,"2308 Schader Dr, Santa Monica, CA 90404",12 Month Lease,https://www.apartments.com/2308-schader-dr-santa-monica-ca-unit-101/w17ceml/,868,868 Sq Ft,CA,,Condos,90404
,"$2,600 ",,,Available Now,1½ BAs,"[{'bedroom_type': '2 Beds', 'price': '$2,600'}]",Redondo Beach,"1906 Rockefeller Ln, Redondo Beach, CA 90278",12 Month Lease,https://www.apartments.com/1906-rockefeller-ln-redondo-beach-ca-unit-d/2rrpxp8/,900,900 Sq Ft,CA,,Condos,90278
"$4,050 ",,,,7-Mar,1 BA,"[{'bedroom_type': '1 Bed', 'price': '$4,050'}]",Redondo Beach,"565 Esplanade, Redondo Beach, CA 90277",1 Month Lease,https://www.apartments.com/565-esplanade-redondo-beach-ca-unit-308/fvpe86v/,717,717 Sq Ft,CA,,Condos,90277
"$4,800 ",,,,7-Jan,1 BA,"[{'bedroom_type': '1 Bed', 'price': '$4,800'}]",Redondo Beach,"565 Esplanade, Redondo Beach, CA 90277",1 Month Lease,https://www.apartments.com/565-esplanade-redondo-beach-ca-unit-216/xndmx6n/,862,862 Sq Ft,CA,,Condos,90277
,,,"$5,500 ",Available Now,3 BAs,"[{'bedroom_type': '4 Beds', 'price': '$5,500'}]",Redondo Beach,"215 S Irena Ave, Redondo Beach, CA 90277",12 Month Lease,https://www.apartments.com/215-s-irena-ave-redondo-beach-ca-unit-b/n2220lq/,"2,607","2,607 Sq Ft",CA,,Condos,90277
,,"$5,900 ",,2-Nov,2 BAs,"[{'bedroom_type': '3 Beds', 'price': '$5,900'}]",Los Angeles,"20 Wavecrest Ave, Los Angeles, CA 90291",12 Month Lease,https://www.apartments.com/20-wavecrest-ave-los-angeles-ca-unit/q20sc2x/,"1,500","1,500 Sq Ft",CA,,Condos,90291
,"$2,950 ",,,Available Now,2 BAs,"[{'bedroom_type': '2 Beds', 'price': '$2,950'}]",Carlsbad,"140 Hemlock Ave, Carlsbad, CA 92008",6 Month Lease,https://www.apartments.com/140-hemlock-ave-carlsbad-ca-unit-a/wn7kg9k/,"1,600","1,600 Sq Ft",CA,,Condos,92008
,,,,1-Nov,1 BA,"[{'bedroom_type': 'Studio', 'price': '$4,900'}]",Santa Monica,"201 Ocean Ave, Santa Monica, CA 90402",6 Month Lease,https://www.apartments.com/201-ocean-ave-santa-monica-ca-unit-602/entslep/,500,500 Sq Ft,CA,"$4,900 ",Condos,90402
,"$2,450 ",,,Available Now,1½ BAs,"[{'bedroom_type': '2 Beds', 'price': '$2,450'}]",Los Angeles,"25577 Pine Creek Ln, Los Angeles, CA 90744",12 Month Lease,https://www.apartments.com/25577-pine-creek-ln-los-angeles-ca-unit-a/43wt8dj/,"1,170","1,170 Sq Ft",CA,,Condos,90744
,"$2,995 ",,,Available Now,2 BAs,"[{'bedroom_type': '2 Beds', 'price': '$2,995'}]",Los Angeles,"1551 S Sherbourne Dr, Los Angeles, CA 90035",12 Month Lease,https://www.apartments.com/1551-s-sherbourne-dr-los-angeles-ca-unit-101/5n1ee4m/,"1,450","1,450 Sq Ft",CA,,Condos,90035
,,"$4,200 ",,Available Now,3 BAs,"[{'bedroom_type': '3 Beds', 'price': '$4,200'}]",Los Angeles,"1830 Kelton Ave, Los Angeles, CA 90025",12 Month Lease,https://www.apartments.com/1830-kelton-ave-los-angeles-ca-unit-1/xcvzp2m/,"1,539","1,539 Sq Ft",CA,,Condos,90025
,,"$3,900 ",,5-Nov,2 BAs,"[{'bedroom_type': '3 Beds', 'price': '$3,900'}]",Redondo Beach,"2312 Ruhland Ave, Redondo Beach, CA 90278",12 Month Lease,https://www.apartments.com/2312-ruhland-ave-redondo-beach-ca-unit-2/v8lzsfe/,"1,700","1,700 Sq Ft",CA,,Condos,90278
,,"$2,900 ",,Available Now,2½ BAs,"[{'bedroom_type': '3 Beds', 'price': '$2,900'}]",Calabasas,"4255 Las Virgenes Rd, Calabasas, CA 91302",12 Month Lease,https://www.apartments.com/4255-las-virgenes-rd-calabasas-ca-unit-6/p0jel3s/,"1,241","1,241 Sq Ft",CA,,Condos,91302
,,,"$6,950 ",Available Now,2½ BAs,"[{'bedroom_type': '4 Beds', 'price': '$6,950'}]",Santa Monica,"918 9th St, Santa Monica, CA 90403",12 Month Lease,https://www.apartments.com/918-9th-st-santa-monica-ca-unit-1/y7gx57r/,"2,800","2,800 Sq Ft",CA,,Condos,90403
"$3,500 ",,,,Available Now,1 BA,"[{'bedroom_type': '1 Bed', 'price': '$3,500'}]",Santa Monica,"3101 3rd St, Santa Monica, CA 90405",6 Month Lease,https://www.apartments.com/3101-3rd-st-santa-monica-ca-unit-g/1t5hxs7/,500,500 Sq Ft,CA,,Condos,90405
,,"$6,499 ",,Available Now,3 BAs,"[{'bedroom_type': '3 Beds', 'price': '$6,499'}]",Los Angeles,"10787 Wilshire Blvd, Los Angeles, CA 90024",,https://www.apartments.com/10787-wilshire-blvd-los-angeles-ca/vxl60ef/,,,CA,,Condos,90024
,,"$4,295 ",,1-Nov,2½ BAs,"[{'bedroom_type': '3 Beds', 'price': '$4,295'}]",Beverly Hills,"125 N Gale Dr, Beverly Hills, CA 90211",12 Month Lease,https://www.apartments.com/125-n-gale-dr-beverly-hills-ca-unit-207/90lf8k6/,"1,762","1,762 Sq Ft",CA,,Condos,90211
"$2,400 ",,,,Available Now,1 BA,"[{'bedroom_type': '1 Bed', 'price': '$2,400'}]",Los Angeles,"21520 Burbank Blvd, Los Angeles, CA 91367",12 Month Lease,https://www.apartments.com/21520-burbank-blvd-los-angeles-ca-unit-308/zpyycqw/,660,660 Sq Ft,CA,,Condos,91367
,,"$6,950 ",,Available Now,3½ BAs,"[{'bedroom_type': '3 Beds', 'price': '$6,950'}]",Redondo Beach,"1110 Esplanade, Redondo Beach, CA 90277",12 Month Lease,https://www.apartments.com/1110-esplanade-redondo-beach-ca-unit-9/hct69e3/,"2,500","2,500 Sq Ft",CA,,Condos,90277
,"$3,395 ",,,Available Now,2 BAs,"[{'bedroom_type': '2 Beds', 'price': '$3,395'}]",Los Angeles,"1522 S Saltair Ave, Los Angeles, CA 90025",12 Month Lease,https://www.apartments.com/1522-s-saltair-ave-los-angeles-ca-unit-204/jmh8gd5/,"1,115","1,115 Sq Ft",CA,,Condos,90025
,"$4,375 ",,,Available Now,2 BAs,"[{'bedroom_type': '2 Beds', 'price': '$4,375'}]",Santa Monica,"1131 California Ave, Santa Monica, CA 90403",12 Month Lease,https://www.apartments.com/1131-california-ave-santa-monica-ca-unit-205/erfnzjm/,"1,250","1,250 Sq Ft",CA,,Condos,90403
,,"$2,650 ",,1-Nov,2 BAs,"[{'bedroom_type': '3 Beds', 'price': '$2,650'}]",Los Angeles,"370 Miraleste Dr, Los Angeles, CA 90732",12 Month Lease,https://www.apartments.com/370-miraleste-dr-los-angeles-ca-unit-389/tn2lhjb/,"1,272","1,272 Sq Ft",CA,,Condos,90732
,"$3,900 ",,,Available Now,2 BAs,"[{'bedroom_type': '2 Beds', 'price': '$3,900'}]",Los Angeles,"320 S Willaman Dr, Los Angeles, CA 90048",12 Month Lease,https://www.apartments.com/320-s-willaman-dr-los-angeles-ca-unit-301/j659jn4/,"1,400","1,400 Sq Ft",CA,,Condos,90048
"$2,375 ",,,,26-Nov,1 BA,"[{'bedroom_type': '1 Bed', 'price': '$2,375'}]",Fountain Valley,"17200 Newhope St, Fountain Valley, CA 92708",1 Month Lease,https://www.apartments.com/17200-newhope-st-fountain-valley-ca-unit-116/qg17e5z/,600,600 Sq Ft,CA,,Condos,92708
"$1,975 ",,,,22-Nov,1 BA,"[{'bedroom_type': '1 Bed', 'price': '$1,975'}]",Fountain Valley,"17200 Newhope St, Fountain Valley, CA 92708",1 Month Lease,https://www.apartments.com/17200-newhope-st-fountain-valley-ca-unit-105/1539jy6/,600,600 Sq Ft,CA,,Condos,92708
,"$8,500 ",,,Available Now,2½ BAs,"[{'bedroom_type': '2 Beds', 'price': '$8,500'}]",Beverly Hills,"200 N Swall Dr, Beverly Hills, CA 90211",12 Month Lease,https://www.apartments.com/200-n-swall-dr-beverly-hills-ca-unit-56/6f0359v/,"1,800","1,800 Sq Ft",CA,,Condos,90211
"$2,100 ",,,,Available Now,1 BA,"[{'bedroom_type': '1 Bed', 'price': '$2,100'}]",Long Beach,"525 E Seaside Way, Long Beach, CA 90802",12 Month Lease,https://www.apartments.com/525-e-seaside-way-long-beach-ca-unit-210/pjbytct/,625,625 Sq Ft,CA,,Condos,90802
,"$3,595 ",,,Available Now,2 BAs,"[{'bedroom_type': '2 Beds', 'price': '$3,595'}]",Los Angeles,"1706 Colby Ave, Los Angeles, CA 90025",12 Month Lease,https://www.apartments.com/1706-colby-ave-los-angeles-ca-unit-301/nl874vm/,"1,359","1,359 Sq Ft",CA,,Condos,90025
,,"$1,800 ",,Available Now,1½ BAs,"[{'bedroom_type': '3 Beds', 'price': '$1,800'}]",Ontario,"1401 E Nocta St, Ontario, CA 91764",12 Month Lease,https://www.apartments.com/1401-e-nocta-st-ontario-ca-unit-d/fjt4wcv/,"1,000","1,000 Sq Ft",CA,,Condos,91764
,"$4,200 ",,,Available Now,2 BAs,"[{'bedroom_type': '2 Beds', 'price': '$4,200'}]",Los Angeles,"10535 Wilshire Blvd, Los Angeles, CA 90024",12 Month Lease,https://www.apartments.com/10535-wilshire-blvd-los-angeles-ca-unit-1203/zpf26rx/,"1,400","1,400 Sq Ft",CA,,Condos,90024
,,"$4,200 ",,1-Nov,2 BAs,"[{'bedroom_type': '3 Beds', 'price': '$4,200'}]",Hermosa Beach,"1600 Ardmore Ave, Hermosa Beach, CA 90254",12 Month Lease,https://www.apartments.com/1600-ardmore-ave-hermosa-beach-ca-unit-420/0gh8es0/,"1,450","1,450 Sq Ft",CA,,Condos,90254
"$2,690 ",,,,Available Now,1 BA,"[{'bedroom_type': '1 Bed', 'price': '$2,690'}]",Huntington Beach,"1400 Pacific Coast Hwy, Huntington Beach, CA 92648",12 Month Lease,https://www.apartments.com/1400-pacific-coast-hwy-huntington-beach-ca-unit-000/2j376zb/,"1,000","1,000 Sq Ft",CA,,Condos,92648
,"$2,425 ",,,Available Now,2 BAs,"[{'bedroom_type': '2 Beds', 'price': '$2,425'}]",Los Angeles,"5525 Canoga Ave, Los Angeles, CA 91367",12 Month Lease,https://www.apartments.com/5525-canoga-ave-los-angeles-ca-unit-203/tfj4pfb/,920,920 Sq Ft,CA,,Condos,91367
,"$3,100 ",,,Available Now,2 BAs,"[{'bedroom_type': '2 Beds', 'price': '$3,100'}]",Los Angeles,"1535 S Bentley Ave, Los Angeles, CA 90025",12 Month Lease,https://www.apartments.com/1535-s-bentley-ave-los-angeles-ca-unit-105/10wzms7/,"1,165","1,165 Sq Ft",CA,,Condos,90025
"$1,750 ",,,,Available Now,1 BA,"[{'bedroom_type': '1 Bed', 'price': '$1,750'}]",Los Angeles,"5460 White Oak Ave, Los Angeles, CA 91316",12 Month Lease,https://www.apartments.com/5460-white-oak-ave-los-angeles-ca-unit-a201/3cw37jf/,700,700 Sq Ft,CA,,Condos,91316
,,"$2,350 ",,Available Now,2 BAs,"[{'bedroom_type': '3 Beds', 'price': '$2,350'}]",Los Angeles,"510 San Juan Ave, Los Angeles, CA 90291",12 Month Lease,https://www.apartments.com/510-san-juan-ave-los-angeles-ca-unit-1-2/t7hz919/,"1,500","1,500 Sq Ft",CA,,Condos,90291
,"$2,200 ",,,Available Now,2 BAs,"[{'bedroom_type': '2 Beds', 'price': '$2,200'}]",Los Angeles,"22100 W Burbank Blvd, Los Angeles, CA 91367",12 Month Lease,https://www.apartments.com/22100-w-burbank-blvd-los-angeles-ca-unit-100/9rm9px4/,900,900 Sq Ft,CA,,Condos,91367
"$2,300 ",,,,Available Now,1 BA,"[{'bedroom_type': '1 Bed', 'price': '$2,300'}]",San Diego,"2510 Torrey Pines Rd, San Diego, CA 92037",12 Month Lease,https://www.apartments.com/2510-torrey-pines-rd-san-diego-ca-unit-214/bnm1qpc/,750,750 Sq Ft,CA,,Condos,92037
,"$7,500 ",,,Available Now,2½ BAs,"[{'bedroom_type': '2 Beds', 'price': '$7,500'}]",Beverly Hills,"430 N Maple Dr, Beverly Hills, CA 90210",12 Month Lease,https://www.apartments.com/430-n-maple-dr-beverly-hills-ca-unit-306/mjqlswj/,"2,100","2,100 Sq Ft",CA,,Condos,90210
,"$6,400 ",,,Available Now,2 BAs,"[{'bedroom_type': '2 Beds', 'price': '$6,400'}]",Beverly Hills,"430 N Maple Dr, Beverly Hills, CA 90210",12 Month Lease,https://www.apartments.com/430-n-maple-dr-beverly-hills-ca-unit-304/1cywl56/,"2,000","2,000 Sq Ft",CA,,Condos,90210
,,"$4,950 ",,Available Now,3½ BAs,"[{'bedroom_type': '3 Beds', 'price': '$4,950'}]",San Diego,"329 Bonair St, San Diego, CA 92037",12 Month Lease,https://www.apartments.com/329-bonair-st-san-diego-ca-unit-8/4sqcrwl/,"1,600","1,600 Sq Ft",CA,,Condos,92037
,"$2,350 ",,,Available Now,2 BAs,"[{'bedroom_type': '2 Beds', 'price': '$2,350'}]",Arcadia,"630 W Huntington Dr, Arcadia, CA 91007",12 Month Lease,https://www.apartments.com/630-w-huntington-dr-arcadia-ca-unit-215/xrvjlhn/,"1,400","1,400 Sq Ft",CA,,Condos,91007
,,,,1-Nov,1 BA,"[{'bedroom_type': 'Studio', 'price': '$1,900'}]",Redondo Beach,"250 The Vlg, Redondo Beach, CA 90277",12 Month Lease,https://www.apartments.com/250-the-vlg-redondo-beach-ca-unit-206/zfjfy2x/,577,577 Sq Ft,CA,"$1,900 ",Condos,90277
"$3,400 ",,,,Available Now,1 BA,"[{'bedroom_type': '1 Bed', 'price': '$3,400'}]",Santa Monica,"1033 9th St, Santa Monica, CA 90403",12 Month Lease,https://www.apartments.com/1033-9th-st-santa-monica-ca-unit-c/l3vqtff/,766,766 Sq Ft,CA,,Condos,90403
,,"$7,450 ",,Available Now,3 BAs,"[{'bedroom_type': '3 Beds', 'price': '$7,450'}]",Redondo Beach,"520 Esplanade, Redondo Beach, CA 90277",1 Month Lease,https://www.apartments.com/520-esplanade-redondo-beach-ca-unit-b/x1ql7hp/,"2,000","2,000 Sq Ft",CA,,Condos,90277
,"$2,400 ",,,Available Now,2 BAs,"[{'bedroom_type': '2 Beds', 'price': '$2,400'}]",Santa Clarita,"18205 Flynn Dr, Santa Clarita, CA 91387",12 Month Lease,https://www.apartments.com/18205-flynn-dr-santa-clarita-ca-unit-5104/s4737c6/,"1,245","1,245 Sq Ft",CA,,Condos,91387
,"$2,150 ",,,1-Nov,1 BA,"[{'bedroom_type': '2 Beds', 'price': '$2,150'}]",Ventura,"255 Limoneira Ave, Ventura, CA 93003",1 Month Lease,https://www.apartments.com/255-limoneira-ave-ventura-ca-unit-a/v79rd6e/,"1,200","1,200 Sq Ft",CA,,Condos,93003
,,"$7,300 ",,Available Now,2 BAs,"[{'bedroom_type': '3 Beds', 'price': '$7,300'}]",Santa Monica,"535 Ocean Ave, Santa Monica, CA 90402",12 Month Lease,https://www.apartments.com/535-ocean-ave-santa-monica-ca-unit-6a/nww64kq/,"1,781","1,781 Sq Ft",CA,,Condos,90402
,"$5,500 ",,,Available Now,2 BAs,"[{'bedroom_type': '2 Beds', 'price': '$5,500'}]",Pacific Palisades,"17350 W Sunset Blvd, Pacific Palisades, CA 90272",12 Month Lease,https://www.apartments.com/17350-w-sunset-blvd-pacific-palisades-ca-unit-706/82p2hg2/,"1,279","1,279 Sq Ft",CA,,Condos,90272
,,"$12,000 ",,Available Now,3 BAs,"[{'bedroom_type': '3 Beds', 'price': '$12,000'}]",Santa Monica,"201 Ocean Ave, Santa Monica, CA 90402",,https://www.apartments.com/201-ocean-ave-santa-monica-ca-unit-ph4/gsxfw7y/,,,CA,,Condos,90402
"$6,500 ",,,,Available Now,1 BA,"[{'bedroom_type': '1 Bed', 'price': '$6,500'}]",Santa Monica,"201 Ocean Ave, Santa Monica, CA 90402",12 Month Lease,https://www.apartments.com/201-ocean-ave-santa-monica-ca-unit-b1105/ng0x11p/,900,900 Sq Ft,CA,,Condos,90402
,"$7,500 ",,,1-Jan,2 BAs,"[{'bedroom_type': '2 Beds', 'price': '$7,500'}]",Santa Monica,"222 7th St, Santa Monica, CA 90402",12 Month Lease,https://www.apartments.com/222-7th-st-santa-monica-ca-unit-114/h9br6s0/,"1,300","1,300 Sq Ft",CA,,Condos,90402
