1 Bed,2 Beds,3 Beds,4 Beds,4+ Beds,Availability_check,Bath_Info,Bedroom_Info,City_Rent,Full_Address,Lease_length,Rent_link,Square_Feet,Square_Feet_Data,State_Rent,Studio,Type,Zip_code
,"$2,750",,,,Apr 9,2 BAs,"[{'bedroom_type': '2 Beds', 'price': '$2,750'}]",Laguna Niguel,"Laguna Niguel, CA 92677",1 Month Lease,https://www.apartments.com/30902-club-house-dr-laguna-niguel-ca-unit-25c/wte51mh/,"1,150","1,150 Sq Ft",CA,,Condos,92677
,"$2,700",,,,Available Now,2½ BAs,"[{'bedroom_type': '2 Beds', 'price': '$2,700'}]",Irvine,"Irvine, CA 92612",12 Month Lease,https://www.apartments.com/14-exeter-irvine-ca-unit-9/t1skld8/,"1,344","1,344 Sq Ft",CA,,Condos,92612
,"$2,700",,,,Available Now,2½ BAs,"[{'bedroom_type': '2 Beds', 'price': '$2,700'}]",Irvine,"Irvine, CA 92612",12 Month Lease,https://www.apartments.com/53-exeter-irvine-ca-unit-28/t10st79/,"1,344","1,344 Sq Ft",CA,,Condos,92612
,"$1,900",,,,May 8,1 BA,"[{'bedroom_type': '2 Beds', 'price': '$1,900'}]",Santa Ana,"Santa Ana, CA 92707",12 Month Lease,https://www.apartments.com/1000-w-macarthur-blvd-santa-ana-ca-unit-50/q28411y/,"1,000","1,000 Sq Ft",CA,,Condos,92707
"$1,995",,,,,Available Now,1 BA,"[{'bedroom_type': '1 Bed', 'price': '$1,995'}]",Glendale,"1935 Alpha Rd, Glendale, CA 91208",12 Month Lease,https://www.apartments.com/1935-alpha-rd-glendale-ca-unit-341/l8ghtqd/,700,700 Sq Ft,CA,,Condos,91208
,"$2,000",,,,Available Now,2 BAs,"[{'bedroom_type': '2 Beds', 'price': '$2,000'}]",Los Angeles,"13903 Sherman Way, Los Angeles, CA 91405",12 Month Lease,https://www.apartments.com/13903-sherman-way-los-angeles-ca-unit-10/mzy04xj/,"1,200","1,200 Sq Ft",CA,,Condos,91405
"$2,525",,,,,Available Now,1 BA,"[{'bedroom_type': '1 Bed', 'price': '$2,525'}]",Redondo Beach,"Redondo Beach, CA 90277",12 Month Lease,https://www.apartments.com/610-the-village-redondo-beach-ca-unit-307/wbff15l/,619,619 Sq Ft,CA,,Condos,90277
,,"$2,500",,,Available Now,1½ BAs,"[{'bedroom_type': '3 Beds', 'price': '$2,500'}]",Los Angeles,"17155 Roscoe Blvd, Los Angeles, CA 91325",12 Month Lease,https://www.apartments.com/17155-roscoe-blvd-los-angeles-ca-unit-4/wrd3zml/,"1,497","1,497 Sq Ft",CA,,Condos,91325
"$2,950",,,,,May 1,1 BA,"[{'bedroom_type': '1 Bed', 'price': '$2,950'}]",Los Angeles,"Los Angeles, CA 90046",6 Month Lease,https://www.apartments.com/7320-hawthorn-ave-los-angeles-ca-unit-425/22dbwxc/,640,640 Sq Ft,CA,,Condos,90046
,,,"$4,700",,Available Now,2½ BAs,"[{'bedroom_type': '4 Beds', 'price': '$4,700'}]",Redondo Beach,"Redondo Beach, CA 90277",12 Month Lease,https://www.apartments.com/315-garnet-st-redondo-beach-ca-unit-c/5nm9ykn/,"2,439","2,439 Sq Ft",CA,,Condos,90277
,"$2,650",,,,Available Now,2 BAs,"[{'bedroom_type': '2 Beds', 'price': '$2,650'}]",Los Angeles,"Los Angeles, CA 91316",12 Month Lease,https://www.apartments.com/5343-yarmouth-ave-los-angeles-ca-unit-105/28zmx8c/,"1,405","1,405 Sq Ft",CA,,Condos,91316
,"$2,300",,,,Available Now,2 BAs,"[{'bedroom_type': '2 Beds', 'price': '$2,300'}]",South Pasadena,"South Pasadena, CA 91030",12 Month Lease,https://www.apartments.com/507-magnolia-st-south-pasadena-ca-unit-a/hp7wwy1/,800,800 Sq Ft,CA,,Condos,91030
,,"$8,250",,,May 1,2½ BAs,"[{'bedroom_type': '3 Beds', 'price': '$8,250'}]",West Hollywood,"612 N Croft Ave, West Hollywood, CA 90048",6 Month Lease,https://www.apartments.com/612-n-croft-ave-west-hollywood-ca-unit-ph-10/3fhqdwe/,"1,797","1,797 Sq Ft",CA,,Condos,90048
"$2,650",,,,,Available Now,1 BA,"[{'bedroom_type': '1 Bed', 'price': '$2,650'}]",Emeryville,"Emeryville, CA 94608",12 Month Lease,https://www.apartments.com/6363-christie-ave-emeryville-ca-unit-2711/wk8b28l/,634,634 Sq Ft,CA,,Condos,94608
,,"$1,900",,,Available Now,2 BAs,"[{'bedroom_type': '3 Beds', 'price': '$1,900'}]",Highland,"Highland, CA 92346",12 Month Lease,https://www.apartments.com/7001-church-ave-highland-ca-unit-37/krew53b/,"1,062","1,062 Sq Ft",CA,,Condos,92346
"$2,000",,,,,Available Now,1 BA,"[{'bedroom_type': '1 Bed', 'price': '$2,000'}]",Pasadena,"Pasadena, CA 91101",12 Month Lease,https://www.apartments.com/355-s-madison-ave-pasadena-ca-unit-319/1ybebw5/,694,694 Sq Ft,CA,,Condos,91101
"$2,800",,,,,Available Now,1 BA,"[{'bedroom_type': '1 Bed', 'price': '$2,800'}]",Santa Monica,"Santa Monica, CA 90403",12 Month Lease,https://www.apartments.com/1319-11th-ct-santa-monica-ca-unit-5/jg07w97/,565,565 Sq Ft,CA,,Condos,90403
,,"$3,450",,,May 1,2½ BAs,"[{'bedroom_type': '3 Beds', 'price': '$3,450'}]",Lawndale,"4315 W 145th St, Lawndale, CA 90260",12 Month Lease,https://www.apartments.com/4315-w-145th-st-lawndale-ca-unit-03/7bcct9z/,"1,228","1,228 Sq Ft",CA,,Condos,90260
,,"$2,750",,,Available Now,2½ BAs,"[{'bedroom_type': '3 Beds', 'price': '$2,750'}]",Los Angeles,"Los Angeles, CA 91367",12 Month Lease,https://www.apartments.com/21620-burbank-blvd-los-angeles-ca-unit-8/tykxnv9/,"1,600","1,600 Sq Ft",CA,,Condos,91367
,,"$5,995",,,Available Now,2 BAs,"[{'bedroom_type': '3 Beds', 'price': '$5,995'}]",Los Angeles,"Los Angeles, CA 90291",1 Month Lease,https://www.apartments.com/668-westminster-ave-los-angeles-ca-unit-668/9ec44t6/,"2,030","2,030 Sq Ft",CA,,Condos,90291
,"$3,400",,,,Available Now,2½ BAs,"[{'bedroom_type': '2 Beds', 'price': '$3,400'}]",Los Angeles,"Los Angeles, CA 90066",12 Month Lease,https://www.apartments.com/12616-pacific-ave-los-angeles-ca-unit-3/3lwt9jf/,"1,267","1,267 Sq Ft",CA,,Condos,90066
,"$2,700",,,,Available Now,2 BAs,"[{'bedroom_type': '2 Beds', 'price': '$2,700'}]",San Diego,"San Diego, CA 92108",12 Month Lease,https://www.apartments.com/2150-camino-de-la-reina-san-diego-ca-unit-202/dhsbf3j/,"1,025","1,025 Sq Ft",CA,,Condos,92108
,"$6,200",,,,Available Now,2 BAs,"[{'bedroom_type': '2 Beds', 'price': '$6,200'}]",Santa Monica,"122 Ocean Park Blvd, Santa Monica, CA 90405",12 Month Lease,https://www.apartments.com/122-ocean-park-blvd-santa-monica-ca-unit-410/3gdbkdd/,"1,502","1,502 Sq Ft",CA,,Condos,90405
"$2,500",,,,,Available Now,1 BA,"[{'bedroom_type': '1 Bed', 'price': '$2,500'}]",Culver City,"Culver City, CA 90230",12 Month Lease,https://www.apartments.com/6275-canterbury-dr-culver-city-ca-unit-304/3q6hz8f/,807,807 Sq Ft,CA,,Condos,90230
,,,,,Available Now,1 BA,"[{'bedroom_type': 'Studio', 'price': '$3,000'}]",San Jose,"San Jose, CA 95128",12 Month Lease,https://www.apartments.com/334-santana-row-san-jose-ca-unit-242/58gf98n/,734,734 Sq Ft,CA,"$3,000",Condos,95128
,"$2,895",,,,Available Now,2 BAs,"[{'bedroom_type': '2 Beds', 'price': '$2,895'}]",Santa Monica,"1744 10th St, Santa Monica, CA 90404",12 Month Lease,https://www.apartments.com/1744-10th-st-santa-monica-ca-unit-4/cp47h3g/,"1,100","1,100 Sq Ft",CA,,Condos,90404
,"$3,250",,,,Available Now,2 BAs,"[{'bedroom_type': '2 Beds', 'price': '$3,250'}]",Los Angeles,"8145 Redlands St, Los Angeles, CA 90293",12 Month Lease,https://www.apartments.com/8145-redlands-st-los-angeles-ca-unit-104/9w20ez5/,"1,336","1,336 Sq Ft",CA,,Condos,90293
,"$2,985",,,,Available Now,2 BAs,"[{'bedroom_type': '2 Beds', 'price': '$2,985'}]",Sherman Oaks,"14530 Benefit St, Sherman Oaks, CA 91403",12 Month Lease,https://www.apartments.com/14530-benefit-st-sherman-oaks-ca-unit-102/9p1h955/,"1,500","1,500 Sq Ft",CA,,Condos,91403
,,"$3,495",,,Available Now,2 BAs,"[{'bedroom_type': '3 Beds', 'price': '$3,495'}]",San Diego,"San Diego, CA 92106",12 Month Lease,https://www.apartments.com/1150-anchorage-ln-san-diego-ca-unit-205/bygg969/,"1,658","1,658 Sq Ft",CA,,Condos,92106
,"$2,495",,,,Jul 1,2 BAs,"[{'bedroom_type': '2 Beds', 'price': '$2,495'}]",Davis,"Davis, CA 95618",12 Month Lease,https://www.apartments.com/5042-glide-dr-davis-ca-unit-8/cb4yb4e/,"1,108","1,108 Sq Ft",CA,,Condos,95618
,"$3,200",,,,Available Now,2 BAs,"[{'bedroom_type': '2 Beds', 'price': '$3,200'}]",West Hollywood,"1010 Palm Ave, West Hollywood, CA 90069",12 Month Lease,https://www.apartments.com/1010-palm-ave-west-hollywood-ca-unit-306/c3epe4e/,"1,000","1,000 Sq Ft",CA,,Condos,90069
"$2,050",,,,,Available Now,1 BA,"[{'bedroom_type': '1 Bed', 'price': '$2,050'}]",San Ramon,"San Ramon, CA 94583",12 Month Lease,https://www.apartments.com/265-reflections-dr-san-ramon-ca-unit-21/0fqs863/,624,624 Sq Ft,CA,,Condos,94583
,"$1,050",,,,Available Now,1 BA,"[{'bedroom_type': '2 Beds', 'price': '$1,050'}]",Oakhurst,"Oakhurst, CA 93644",12 Month Lease,https://www.apartments.com/49400-river-park-rd-oakhurst-ca-unit-57/n6ysdjm/,"1,064","1,064 Sq Ft",CA,,Condos,93644
,,"$5,800",,,Apr 24,2½ BAs,"[{'bedroom_type': '3 Beds', 'price': '$5,800'}]",Los Angeles,"907 S Shenandoah St, Los Angeles, CA 90035",12 Month Lease,https://www.apartments.com/907-s-shenandoah-st-los-angeles-ca-unit-ph-401/b1h9l9c/,"1,800","1,800 Sq Ft",CA,,Condos,90035
"$2,498",,,,,Available Now,1 BA,"[{'bedroom_type': '1 Bed', 'price': '$2,498'}]",Los Angeles,"Los Angeles, CA 90027",12 Month Lease,https://www.apartments.com/1537-n-serrano-ave-los-angeles-ca-unit-1531/pgnxlst/,800,800 Sq Ft,CA,,Condos,90027
,,"$3,300",,,Jul 1,2½ BAs,"[{'bedroom_type': '3 Beds', 'price': '$3,300'}]",Walnut Creek,"Walnut Creek, CA 94597",12 Month Lease,https://www.apartments.com/576-pimlico-ct-walnut-creek-ca-unit/04jmmy3/,"1,480","1,480 Sq Ft",CA,,Condos,94597
,"$2,800",,,,Available Now,2 BAs,"[{'bedroom_type': '2 Beds', 'price': '$2,800'}]",Oceanside,"Oceanside, CA 92054",12 Month Lease,https://www.apartments.com/104-wisconsin-ave-oceanside-ca-unit-7/rddxgl0/,996,996 Sq Ft,CA,,Condos,92054
,"$4,995",,,,Available Now,2 BAs,"[{'bedroom_type': '2 Beds', 'price': '$4,995'}]",San Diego,"San Diego, CA 92101",12 Month Lease,https://www.apartments.com/1388-kettner-blvd-san-diego-ca-unit-701/dn7s9nh/,"1,448","1,448 Sq Ft",CA,,Condos,92101
"$1,950",,,,,Available Now,1 BA,"[{'bedroom_type': '1 Bed', 'price': '$1,950'}]",Los Angeles,"Los Angeles, CA 91607",12 Month Lease,https://www.apartments.com/5437-corteen-pl-los-angeles-ca-unit-215/hj96tq0/,850,850 Sq Ft,CA,,Condos,91607
"$2,295",,,,,Available Now,1 BA,"[{'bedroom_type': '1 Bed', 'price': '$2,295'}]",Emeryville,"Emeryville, CA 94608",12 Month Lease,https://www.apartments.com/8-captain-dr-emeryville-ca-unit-355/4p6zfdh/,687,687 Sq Ft,CA,,Condos,94608
,,"$2,450",,,Available Now,2 BAs,"[{'bedroom_type': '3 Beds', 'price': '$2,450'}]",Santa Ana,"3635 W Camile St, Santa Ana, CA 92704",12 Month Lease,https://www.apartments.com/3635-w-camile-st-santa-ana-ca-unit-c/xw222sp/,"1,300","1,300 Sq Ft",CA,,Condos,92704
,,,"$5,400",,Available Now,4 BAs,"[{'bedroom_type': '4 Beds', 'price': '$5,400'}]",Los Angeles,"Los Angeles, CA 90049",12 Month Lease,https://www.apartments.com/12000-goshen-ave-los-angeles-ca-unit-106/x72lssm/,"1,910","1,910 Sq Ft",CA,,Condos,90049
,"$2,100",,,,Available Now,1½ BAs,"[{'bedroom_type': '2 Beds', 'price': '$2,100'}]",Santa Ana,"Santa Ana, CA 92706",24 Month Lease,https://www.apartments.com/2227-n-broadway-santa-ana-ca-unit-e/2426kg8/,"1,000","1,000 Sq Ft",CA,,Condos,92706
,"$5,550",,,,Available Now,2 BAs,"[{'bedroom_type': '2 Beds', 'price': '$5,550'}]",Marina del Rey,"Marina del Rey, CA 90292",6 Month Lease,https://www.apartments.com/4215-glencoe-ave-marina-del-rey-ca-unit-115/lnf9xdf/,"1,440","1,440 Sq Ft",CA,,Condos,90292
"$2,200",,,,,Available Now,1 BA,"[{'bedroom_type': '1 Bed', 'price': '$2,200'}]",Irvine,"Irvine, CA 92612",12 Month Lease,https://www.apartments.com/3151-watermarke-pl-irvine-ca-unit-3151/9fz07s7/,854,854 Sq Ft,CA,,Condos,92612
,"$1,575",,,,Available Now,2 BAs,"[{'bedroom_type': '2 Beds', 'price': '$1,575'}]",Palm Springs,"Palm Springs, CA 92264",12 Month Lease,https://www.apartments.com/2601-s-broadmoor-dr-palm-springs-ca-unit-48/hhefn42/,"1,200","1,200 Sq Ft",CA,,Condos,92264
,"$2,695",,,,Available Now,2 BAs,"[{'bedroom_type': '2 Beds', 'price': '$2,695'}]",San Diego,"San Diego, CA 92101",12 Month Lease,https://www.apartments.com/700-w-e-st-san-diego-ca-unit-107/0p6v6b0/,"1,000","1,000 Sq Ft",CA,,Condos,92101
,"$4,650",,,,May 1,3 BAs,"[{'bedroom_type': '2 Beds', 'price': '$4,650'}]",Los Angeles,"11830 Mayfield Ave, Los Angeles, CA 90049",12 Month Lease,https://www.apartments.com/11830-mayfield-ave-los-angeles-ca-unit-102/hn139b3/,"1,800","1,800 Sq Ft",CA,,Condos,90049
,"$2,800",,,,May 1,2½ BAs,"[{'bedroom_type': '2 Beds', 'price': '$2,800'}]",Los Angeles,"10817 Whipple St, Los Angeles, CA 91602",12 Month Lease,https://www.apartments.com/10817-whipple-st-los-angeles-ca-unit-4/3qfzyzd/,"1,840","1,840 Sq Ft",CA,,Condos,91602
,,"$3,500",,,Available Now,2½ BAs,"[{'bedroom_type': '3 Beds', 'price': '$3,500'}]",Ontario,"Ontario, CA 91761",12 Month Lease,https://www.apartments.com/2785-e-berry-loop-privado-ontario-ca-unit-8/qfdwqgz/,"1,746","1,746 Sq Ft",CA,,Condos,91761
,"$4,500",,,,Available Now,2 BAs,"[{'bedroom_type': '2 Beds', 'price': '$4,500'}]",San Francisco,"San Francisco, CA 94107",12 Month Lease,https://www.apartments.com/555-4th-st-san-francisco-ca-unit-523/1nxcfm6/,"1,000","1,000 Sq Ft",CA,,Condos,94107
,,"$4,000",,,May 15,2 BAs,"[{'bedroom_type': '3 Beds', 'price': '$4,000'}]",Long Beach,"1400 E Ocean Blvd, Long Beach, CA 90802",12 Month Lease,https://www.apartments.com/1400-e-ocean-blvd-long-beach-ca-unit-2410/4ftmcwk/,"1,400","1,400 Sq Ft",CA,,Condos,90802
"$1,500",,,,,Available Now,1 BA,"[{'bedroom_type': '1 Bed', 'price': '$1,500'}]",San Jose,"San Jose, CA 95116",6 Month Lease,https://www.apartments.com/283-mccreery-ave-san-jose-ca-unit-suit-a/5s6cs3p/,250,250 Sq Ft,CA,,Condos,95116
,,"$1,995",,,Available Now,3 BAs,"[{'bedroom_type': '3 Beds', 'price': '$1,995'}]",Rancho Cucamonga,"Rancho Cucamonga, CA 91730",12 Month Lease,https://www.apartments.com/7319-belpine-pl-rancho-cucamonga-ca-unit-15/xyppykm/,"1,275","1,275 Sq Ft",CA,,Condos,91730
,"$1,500",,,,Available Now,1 BA,"[{'bedroom_type': '2 Beds', 'price': '$1,500'}]",Sacramento,"Sacramento, CA 95841",12 Month Lease,https://www.apartments.com/5061-rhode-island-dr-sacramento-ca-unit-3/6mdxp6r/,840,840 Sq Ft,CA,,Condos,95841
,"$2,395",,,,Available Now,1 BA,"[{'bedroom_type': '2 Beds', 'price': '$2,395'}]",Orange,"Orange, CA 92865",12 Month Lease,https://www.apartments.com/16591-e-buena-vista-ave-orange-ca-unit-a/z5b4hlz/,"1,189","1,189 Sq Ft",CA,,Condos,92865
,,"$4,500",,,Available Now,2½ BAs,"[{'bedroom_type': '3 Beds', 'price': '$4,500'}]",Los Angeles,"Los Angeles, CA 90064",12 Month Lease,https://www.apartments.com/2340-fox-hills-dr-los-angeles-ca-unit-ph2/5y3ddpp/,"1,701","1,701 Sq Ft",CA,,Condos,90064
,"$5,000",,,,Available Now,1½ BAs,"[{'bedroom_type': '2 Beds', 'price': '$5,000'}]",Santa Monica,"3003 2nd St, Santa Monica, CA 90405",12 Month Lease,https://www.apartments.com/3003-2nd-st-santa-monica-ca-unit-2/33sv92d/,"1,050","1,050 Sq Ft",CA,,Condos,90405
"$1,950",,,,,Available Now,1 BA,"[{'bedroom_type': '1 Bed', 'price': '$1,950'}]",Manhattan Beach,"Manhattan Beach, CA 90266",12 Month Lease,https://www.apartments.com/1505-crest-dr-manhattan-beach-ca-unit-1505/psfe7jr/,400,400 Sq Ft,CA,,Condos,90266
"$3,000",,,,,Jun 12,1 BA,"[{'bedroom_type': '1 Bed', 'price': '$3,000'}]",Santa Clara,"Santa Clara, CA 95051",12 Month Lease,https://www.apartments.com/1720-halford-ave-santa-clara-ca-unit-133/jdpd416/,700,700 Sq Ft,CA,,Condos,95051
,"$4,500",,,,Available Now,2 BAs,"[{'bedroom_type': '2 Beds', 'price': '$4,500'}]",Los Angeles,"Los Angeles, CA 90293",12 Month Lease,https://www.apartments.com/6400-pacific-ave-los-angeles-ca-unit-314/5n79mfm/,"1,117","1,117 Sq Ft",CA,,Condos,90293
,"$5,500",,,,May 4,2 BAs,"[{'bedroom_type': '2 Beds', 'price': '$5,500'}]",San Francisco,"San Francisco, CA 94158",12 Month Lease,https://www.apartments.com/435-china-basin-st-san-francisco-ca-unit-623/ky98x8c/,"1,100","1,100 Sq Ft",CA,,Condos,94158
"$2,599",,,,,Available Now,1 BA,"[{'bedroom_type': '1 Bed', 'price': '$2,599'}]",San Francisco,"San Francisco, CA 94103",1 Month Lease,https://www.apartments.com/1655-mission-st-san-francisco-ca-unit-1129/lbm3b9d/,"1,200","1,200 Sq Ft",CA,,Condos,94103
,"$2,000",,,,Apr 10,2 BAs,"[{'bedroom_type': '2 Beds', 'price': '$2,000'}]",San Diego,"San Diego, CA 92119",12 Month Lease,https://www.apartments.com/6930-hyde-park-dr-san-diego-ca-unit-205/vtbz6bg/,"1,016","1,016 Sq Ft",CA,,Condos,92119
,"$2,500",,,,Apr 15,2 BAs,"[{'bedroom_type': '2 Beds', 'price': '$2,500'}]",Palm Springs,"Palm Springs, CA 92264",6 Month Lease,https://www.apartments.com/505-s-farrell-dr-palm-springs-ca-unit-p95/wz10h5l/,"1,175","1,175 Sq Ft",CA,,Condos,92264
"$1,975",,,,,Available Now,1 BA,"[{'bedroom_type': '1 Bed', 'price': '$1,975'}]",Dana Point,"Dana Point, CA 92629",12 Month Lease,https://www.apartments.com/25611-quail-run-dana-point-ca-unit-70/j67c9t5/,650,650 Sq Ft,CA,,Condos,92629
,,"$6,500",,,Available Now,2 BAs,"[{'bedroom_type': '3 Beds', 'price': '$6,500'}]",Santa Cruz,"Santa Cruz, CA 95062",12 Month Lease,https://www.apartments.com/1148-e-cliff-dr-santa-cruz-ca-unit-a/mz2egek/,"2,500","2,500 Sq Ft",CA,,Condos,95062
"$6,250",,,,,Apr 15,1½ BAs,"[{'bedroom_type': '1 Bed', 'price': '$6,250'}]",Los Angeles,"660 Rose Ave, Los Angeles, CA 90291",12 Month Lease,https://www.apartments.com/660-rose-ave-los-angeles-ca-unit-5/99r6nl7/,"1,700","1,700 Sq Ft",CA,,Condos,90291
,"$3,750",,,,Available Now,2 BAs,"[{'bedroom_type': '2 Beds', 'price': '$3,750'}]",Redondo Beach,"Redondo Beach, CA 90277",12 Month Lease,https://www.apartments.com/565-esplanade-redondo-beach-ca-unit-403/sb4smq4/,"1,008","1,008 Sq Ft",CA,,Condos,90277
,"$2,650",,,,Available Now,1 BA,"[{'bedroom_type': '2 Beds', 'price': '$2,650'}]",Santa Cruz,"Santa Cruz, CA 95062",12 Month Lease,https://www.apartments.com/755-14th-ave-santa-cruz-ca-unit-710/kg4fes8/,800,800 Sq Ft,CA,,Condos,95062
,"$3,800",,,,Available Now,2 BAs,"[{'bedroom_type': '2 Beds', 'price': '$3,800'}]",Aptos,"Aptos, CA 95003",12 Month Lease,https://www.apartments.com/154-aptos-village-way-aptos-ca-unit-2/wchtlxj/,"1,457","1,457 Sq Ft",CA,,Condos,95003
,"$2,095",,,,Available Now,2 BAs,"[{'bedroom_type': '2 Beds', 'price': '$2,095'}]",Pasadena,"372 Ashtabula St, Pasadena, CA 91104",12 Month Lease,https://www.apartments.com/372-ashtabula-st-pasadena-ca-unit-204/z4nb62z/,890,890 Sq Ft,CA,,Condos,91104
,"$2,100",,,,Available Now,2 BAs,"[{'bedroom_type': '2 Beds', 'price': '$2,100'}]",San Diego,"San Diego, CA 92129",12 Month Lease,https://www.apartments.com/9409-fairgrove-ln-san-diego-ca-unit-203/n6plb1m/,927,927 Sq Ft,CA,,Condos,92129
,,"$2,425",,,Available Now,2 BAs,"[{'bedroom_type': '3 Beds', 'price': '$2,425'}]",Monterey Park,"Monterey Park, CA 91755",12 Month Lease,https://www.apartments.com/211-n-nicholson-ave-monterey-park-ca-unit-e/typzb78/,"1,300","1,300 Sq Ft",CA,,Condos,91755
"$2,100",,,,,Available Now,1 BA,"[{'bedroom_type': '1 Bed', 'price': '$2,100'}]",Los Angeles,"Los Angeles, CA 90013",12 Month Lease,https://www.apartments.com/420-san-pedro-st-los-angeles-ca-unit-429/1ksxcg6/,830,830 Sq Ft,CA,,Condos,90013
,"$2,500",,,,Available Now,2 BAs,"[{'bedroom_type': '2 Beds', 'price': '$2,500'}]",Los Angeles,"10861 Moorpark St, Los Angeles, CA 91602",6 Month Lease,https://www.apartments.com/10861-moorpark-st-los-angeles-ca-unit-116/q0ts6rz/,"1,150","1,150 Sq Ft",CA,,Condos,91602
,,"$3,200",,,Available Now,2½ BAs,"[{'bedroom_type': '3 Beds', 'price': '$3,200'}]",Pasadena,"175 S Allen Ave, Pasadena, CA 91106",1 Month Lease,https://www.apartments.com/175-s-allen-ave-pasadena-ca-unit-1/0tyg2t2/,"1,790","1,790 Sq Ft",CA,,Condos,91106
,"$2,800",,,,Available Now,2½ BAs,"[{'bedroom_type': '2 Beds', 'price': '$2,800'}]",Pasadena,"175 S Allen Ave, Pasadena, CA 91106",1 Month Lease,https://www.apartments.com/175-s-allen-ave-pasadena-ca-unit-2/tzkzcz8/,"1,300","1,300 Sq Ft",CA,,Condos,91106
,"$5,800",,,,Available Now,2½ BAs,"[{'bedroom_type': '2 Beds', 'price': '$5,800'}]",San Francisco,"San Francisco, CA 94107",12 Month Lease,https://www.apartments.com/2546-3rd-st-san-francisco-ca-unit-3/6by3e3t/,"1,587","1,587 Sq Ft",CA,,Condos,94107
,"$2,800",,,,Available Now,2 BAs,"[{'bedroom_type': '2 Beds', 'price': '$2,800'}]",Long Beach,"388 E Ocean Blvd, Long Beach, CA 90802",6 Month Lease,https://www.apartments.com/388-e-ocean-blvd-long-beach-ca-unit-410/fqjpllt/,990,990 Sq Ft,CA,,Condos,90802
,"$4,800",,,,Available Now,2 BAs,"[{'bedroom_type': '2 Beds', 'price': '$4,800'}]",Santa Monica,"813 15th St, Santa Monica, CA 90403",1 Month Lease,https://www.apartments.com/813-15th-st-santa-monica-ca-unit-f/8cfnbf1/,"1,150","1,150 Sq Ft",CA,,Condos,90403
"$3,395",,,,,Available Now,1½ BAs,"[{'bedroom_type': '1 Bed', 'price': '$3,395'}]",Santa Monica,"Santa Monica, CA 90404",12 Month Lease,https://www.apartments.com/1511-16th-st-santa-monica-ca-unit-202/x9q024m/,600,600 Sq Ft,CA,,Condos,90404
,,"$3,550",,,Available Now,2 BAs,"[{'bedroom_type': '3 Beds', 'price': '$3,550'}]",Morgan Hill,"Morgan Hill, CA 95037",3 Month Lease,https://www.apartments.com/5770-croy-rd-morgan-hill-ca-unit-h/019zx23/,"1,800","1,800 Sq Ft",CA,,Condos,95037
,"$2,400",,,,Jun 1,1 BA,"[{'bedroom_type': '2 Beds', 'price': '$2,400'}]",Los Angeles,"5874 Bowcroft St, Los Angeles, CA 90016",12 Month Lease,https://www.apartments.com/5874-bowcroft-st-los-angeles-ca-unit-2/0jp9wx0/,906,906 Sq Ft,CA,,Condos,90016
"$1,895",,,,,Available Now,1 BA,"[{'bedroom_type': '1 Bed', 'price': '$1,895'}]",Camarillo,"Camarillo, CA 93010",12 Month Lease,https://www.apartments.com/2533-antonio-dr-camarillo-ca-unit-102/fxge70v/,700,700 Sq Ft,CA,,Condos,93010
"$2,475",,,,,Available Now,1 BA,"[{'bedroom_type': '1 Bed', 'price': '$2,475'}]",Hermosa Beach,"1720 Ardmore Ave, Hermosa Beach, CA 90254",12 Month Lease,https://www.apartments.com/1720-ardmore-ave-hermosa-beach-ca-unit-228/21bg3k8/,700,700 Sq Ft,CA,,Condos,90254
,"$3,400",,,,Available Now,2 BAs,"[{'bedroom_type': '2 Beds', 'price': '$3,400'}]",El Segundo,"215 W Palm Ave, El Segundo, CA 90245",12 Month Lease,https://www.apartments.com/215-w-palm-ave-el-segundo-ca-unit-208/r3nlm10/,"1,150","1,150 Sq Ft",CA,,Condos,90245
,"$4,799",,,,Apr 16,2 BAs,"[{'bedroom_type': '2 Beds', 'price': '$4,799'}]",Los Angeles,"Los Angeles, CA 90094",1 Month Lease,https://www.apartments.com/13020-pacific-promenade-los-angeles-ca-unit-413/f6hkwls/,"1,060","1,060 Sq Ft",CA,,Condos,90094
"$1,788",,,,,Jul 8,1 BA,"[{'bedroom_type': '1 Bed', 'price': '$1,788'}]",San Diego,"San Diego, CA 92037",12 Month Lease,https://www.apartments.com/3141-via-alicante-san-diego-ca-unit-113/d40mlzh/,506,506 Sq Ft,CA,,Condos,92037
,,"$3,800",,,Available Now,2 BAs,"[{'bedroom_type': '3 Beds', 'price': '$3,800'}]",Culver City,"4903 Indian Wood Rd, Culver City, CA 90230",12 Month Lease,https://www.apartments.com/4903-indian-wood-rd-culver-city-ca-unit-108/jym0b27/,"1,100","1,100 Sq Ft",CA,,Condos,90230
,,"$7,500",,,May 1,2½ BAs,"[{'bedroom_type': '3 Beds', 'price': '$7,500'}]",Los Angeles,"Los Angeles, CA 90094",12 Month Lease,https://www.apartments.com/12534-fielding-cir-los-angeles-ca-unit-4/blwgm99/,"1,865","1,865 Sq Ft",CA,,Condos,90094
"$1,700",,,,,Available Now,1 BA,"[{'bedroom_type': '1 Bed', 'price': '$1,700'}]",San Diego,"San Diego, CA 92037",12 Month Lease,https://www.apartments.com/8644-via-mallorca-san-diego-ca-unit-x/rzbf080/,504,504 Sq Ft,CA,,Condos,92037
"$2,350",,,,,Available Now,1 BA,"[{'bedroom_type': '1 Bed', 'price': '$2,350'}]",Los Angeles,"Los Angeles, CA 90049",12 Month Lease,https://www.apartments.com/11670-sunset-blvd-los-angeles-ca-unit-214/tw9zhe9/,700,700 Sq Ft,CA,,Condos,90049
,,"$3,500",,,Available Now,2½ BAs,"[{'bedroom_type': '3 Beds', 'price': '$3,500'}]",Gardena,"1560 W Artesia Square, Gardena, CA 90248",12 Month Lease,https://www.apartments.com/1560-w-artesia-square-gardena-ca-unit-g/6tfk1ns/,"2,400","2,400 Sq Ft",CA,,Condos,90248
,"$3,500",,,,May 1,2 BAs,"[{'bedroom_type': '2 Beds', 'price': '$3,500'}]",Los Angeles,"5625 Crescent Park W, Los Angeles, CA 90094",12 Month Lease,https://www.apartments.com/5625-crescent-park-w-los-angeles-ca-unit-306/7n534gy/,"1,310","1,310 Sq Ft",CA,,Condos,90094
,"$3,150",,,,Apr 6,2½ BAs,"[{'bedroom_type': '2 Beds', 'price': '$3,150'}]",Los Angeles,"929 S St Andrews Pl, Los Angeles, CA 90019",12 Month Lease,https://www.apartments.com/929-s-st-andrews-pl-los-angeles-ca-unit-306/lqf83le/,"1,510","1,510 Sq Ft",CA,,Condos,90019
"$2,350",,,,,Available Now,1 BA,"[{'bedroom_type': '1 Bed', 'price': '$2,350'}]",Los Angeles,"Los Angeles, CA 90035",12 Month Lease,https://www.apartments.com/1515-s-beverly-dr-los-angeles-ca-unit-405/6sz4qys/,681,681 Sq Ft,CA,,Condos,90035
"$3,100",,,,,Available Now,1 BA,"[{'bedroom_type': '1 Bed', 'price': '$3,100'}]",Hermosa Beach,"1720 Ardmore Ave, Hermosa Beach, CA 90254",12 Month Lease,https://www.apartments.com/1720-ardmore-ave-hermosa-beach-ca-unit-305/dpc372j/,774,774 Sq Ft,CA,,Condos,90254
,"$4,000",,,,Available Now,2 BAs,"[{'bedroom_type': '2 Beds', 'price': '$4,000'}]",Oceanside,"Oceanside, CA 92054",12 Month Lease,https://www.apartments.com/1302-s-pacific-st-oceanside-ca-unit-a/0fvvkv0/,"1,826","1,826 Sq Ft",CA,,Condos,92054
"$1,900",,,,,Available Now,1 BA,"[{'bedroom_type': '1 Bed', 'price': '$1,900'}]",Valley Village,"5805 Whitsett Ave, Valley Village, CA 91607",12 Month Lease,https://www.apartments.com/5805-whitsett-ave-valley-village-ca-unit-108/nydmt8m/,795,795 Sq Ft,CA,,Condos,91607
,"$2,100",,,,Available Now,2 BAs,"[{'bedroom_type': '2 Beds', 'price': '$2,100'}]",Oceanside,"Oceanside, CA 92058",12 Month Lease,https://www.apartments.com/555-lands-end-way-oceanside-ca-unit-209/6gxvq0r/,"1,102","1,102 Sq Ft",CA,,Condos,92058
,"$3,500",,,,Available Now,3 BAs,"[{'bedroom_type': '2 Beds', 'price': '$3,500'}]",Carlsbad,"Carlsbad, CA 92008",6 Month Lease,https://www.apartments.com/4525-cove-dr-carlsbad-ca-unit-12/yyyrnds/,"1,694","1,694 Sq Ft",CA,,Condos,92008
,"$3,550",,,,Available Now,2 BAs,"[{'bedroom_type': '2 Beds', 'price': '$3,550'}]",Los Angeles,"8349 Blackburn Ave, Los Angeles, CA 90048",12 Month Lease,https://www.apartments.com/8349-blackburn-ave-los-angeles-ca-unit-103/v31ve4d/,"1,200","1,200 Sq Ft",CA,,Condos,90048
,"$2,750",,,,Available Now,2 BAs,"[{'bedroom_type': '2 Beds', 'price': '$2,750'}]",Los Angeles,"4807 Woodley Ave, Los Angeles, CA 91436",12 Month Lease,https://www.apartments.com/4807-woodley-ave-los-angeles-ca-unit-105/g6qytbz/,"1,342","1,342 Sq Ft",CA,,Condos,91436
,"$3,700",,,,Available Now,2 BAs,"[{'bedroom_type': '2 Beds', 'price': '$3,700'}]",Los Angeles,"451 S Barrington Ave, Los Angeles, CA 90049",12 Month Lease,https://www.apartments.com/451-s-barrington-ave-los-angeles-ca-unit-201/411pj9k/,"1,439","1,439 Sq Ft",CA,,Condos,90049
,,,,,Apr 15,1 BA,"[{'bedroom_type': 'Studio', 'price': '$1,950'}]",Redondo Beach,"660 The Village, Redondo Beach, CA 90277",12 Month Lease,https://www.apartments.com/660-the-village-redondo-beach-ca-unit-201/bsq2w89/,410,410 Sq Ft,CA,"$1,950",Condos,90277
,"$4,700",,,,Available Now,2½ BAs,"[{'bedroom_type': '2 Beds', 'price': '$4,700'}]",Los Angeles,"1636 S Beverly Glen Blvd, Los Angeles, CA 90024",12 Month Lease,https://www.apartments.com/1636-s-beverly-glen-blvd-los-angeles-ca-unit-203/3f05wvf/,"1,850","1,850 Sq Ft",CA,,Condos,90024
,,,,,Available Now,1 BA,"[{'bedroom_type': 'Studio', 'price': '$2,200'}]",Los Angeles,"Los Angeles, CA 90049",12 Month Lease,https://www.apartments.com/239-s-barrington-ave-los-angeles-ca-unit-f2/qd2z1dx/,340,340 Sq Ft,CA,"$2,200",Condos,90049
,"$2,350",,,,Available Now,2 BAs,"[{'bedroom_type': '2 Beds', 'price': '$2,350'}]",Arcadia,"Arcadia, CA 91007",12 Month Lease,https://www.apartments.com/630-w-huntington-dr-arcadia-ca-unit-132/gv8qbfx/,"1,363","1,363 Sq Ft",CA,,Condos,91007
"$2,450",,,,,Available Now,1 BA,"[{'bedroom_type': '1 Bed', 'price': '$2,450'}]",San Diego,"San Diego, CA 92101",1 Month Lease,https://www.apartments.com/1240-india-st-san-diego-ca-unit-2004/nrx1t2m/,724,724 Sq Ft,CA,,Condos,92101
"$1,395",,,,,Available Now,1 BA,"[{'bedroom_type': '1 Bed', 'price': '$1,395'}]",Palm Springs,"Palm Springs, CA 92264",12 Month Lease,https://www.apartments.com/1655-e-palm-canyon-dr-palm-springs-ca-unit-101/erlc89n/,755,755 Sq Ft,CA,,Condos,92264
,"$3,100",,,,Available Now,2 BAs,"[{'bedroom_type': '2 Beds', 'price': '$3,100'}]",Los Angeles,"Los Angeles, CA 90293",12 Month Lease,https://www.apartments.com/7740-redlands-st-los-angeles-ca-unit-m1071/0tvend3/,"1,050","1,050 Sq Ft",CA,,Condos,90293
"$2,750",,,,,Jun 17,1 BA,"[{'bedroom_type': '1 Bed', 'price': '$2,750'}]",Santa Monica,"1222 Princeton St, Santa Monica, CA 90404",1 Month Lease,https://www.apartments.com/1222-princeton-st-santa-monica-ca-unit-3/ednfkqm/,829,829 Sq Ft,CA,,Condos,90404
,"$2,170",,,,Available Now,2 BAs,"[{'bedroom_type': '2 Beds', 'price': '$2,170'}]",Del Mar,"Del Mar, CA 92014",12 Month Lease,https://www.apartments.com/13754-mango-dr-del-mar-ca-unit-232/9kx65q7/,804,804 Sq Ft,CA,,Condos,92014
,"$2,195",,,,Available Now,1½ BAs,"[{'bedroom_type': '2 Beds', 'price': '$2,195'}]",San Diego,"San Diego, CA 92108",12 Month Lease,https://www.apartments.com/7958-mission-center-ct-san-diego-ca-unit-k/2wthbc8/,"1,020","1,020 Sq Ft",CA,,Condos,92108
,"$2,350",,,,Available Now,1 BA,"[{'bedroom_type': '2 Beds', 'price': '$2,350'}]",San Ramon,"San Ramon, CA 94583",12 Month Lease,https://www.apartments.com/9085-alcosta-blvd-san-ramon-ca-unit-337/805rls2/,"1,039","1,039 Sq Ft",CA,,Condos,94583
,,"$4,900",,,Available Now,2½ BAs,"[{'bedroom_type': '3 Beds', 'price': '$4,900'}]",Los Angeles,"907 S Shenandoah St, Los Angeles, CA 90035",12 Month Lease,https://www.apartments.com/907-s-shenandoah-st-los-angeles-ca-unit-101/lb2b74e/,"1,500","1,500 Sq Ft",CA,,Condos,90035
,"$1,525",,,,Available Now,2 BAs,"[{'bedroom_type': '2 Beds', 'price': '$1,525'}]",Rancho Mirage,"Rancho Mirage, CA 92270",12 Month Lease,https://www.apartments.com/39920-view-rd-rancho-mirage-ca-unit-b/y55pe1v/,"1,200","1,200 Sq Ft",CA,,Condos,92270
,,"$7,488",,,Jun 15,2½ BAs,"[{'bedroom_type': '3 Beds', 'price': '$7,488'}]",Redondo Beach,"555 Esplanade, Redondo Beach, CA 90277",12 Month Lease,https://www.apartments.com/555-esplanade-redondo-beach-ca-unit-0/kgtnce9/,"1,700","1,700 Sq Ft",CA,,Condos,90277
"$2,495",,,,,Available Now,1 BA,"[{'bedroom_type': '1 Bed', 'price': '$2,495'}]",Los Angeles,"Los Angeles, CA 90017",12 Month Lease,https://www.apartments.com/630-w-6th-st-los-angeles-ca-unit-612/jc4w0j6/,610,610 Sq Ft,CA,,Condos,90017
"$1,444",,,,,Available Now,1 BA,"[{'bedroom_type': '1 Bed', 'price': '$1,444'}]",San Diego,"San Diego, CA 92104",12 Month Lease,https://www.apartments.com/3796-alabama-st-san-diego-ca-unit-a-123/z7hk2wz/,378,378 Sq Ft,CA,,Condos,92104
"$3,000",,,,,Available Now,1 BA,"[{'bedroom_type': '1 Bed', 'price': '$3,000'}]",Huntington Beach,"19123 Alexa Ln, Huntington Beach, CA 92648",12 Month Lease,https://www.apartments.com/19123-alexa-ln-huntington-beach-ca-unit-4/xqmjd6p/,"1,507","1,507 Sq Ft",CA,,Condos,92648
,"$3,850",,,,May 1,2 BAs,"[{'bedroom_type': '2 Beds', 'price': '$3,850'}]",Oceanside,"1324 S Pacific St, Oceanside, CA 92054",12 Month Lease,https://www.apartments.com/1324-s-pacific-st-oceanside-ca-unit-6/x7rdv2n/,"1,785","1,785 Sq Ft",CA,,Condos,92054
,,"$3,000",,,Available Now,2 BAs,"[{'bedroom_type': '3 Beds', 'price': '$3,000'}]",Calabasas,"4708 Park Granada, Calabasas, CA 91302",12 Month Lease,https://www.apartments.com/4708-park-granada-calabasas-ca-unit-191/rrfjy60/,"1,300","1,300 Sq Ft",CA,,Condos,91302
,"$4,800",,,,Available Now,2 BAs,"[{'bedroom_type': '2 Beds', 'price': '$4,800'}]",Mountain View,"Mountain View, CA 94040",12 Month Lease,https://www.apartments.com/1101-w-el-camino-real-mountain-view-ca-unit-315/zclw3tx/,"1,200","1,200 Sq Ft",CA,,Condos,94040
,"$4,700",,,,Available Now,2½ BAs,"[{'bedroom_type': '2 Beds', 'price': '$4,700'}]",Los Angeles,"12011 Goshen Ave, Los Angeles, CA 90049",12 Month Lease,https://www.apartments.com/12011-goshen-ave-los-angeles-ca-unit-202/fb9jj6t/,"1,652","1,652 Sq Ft",CA,,Condos,90049
,"$2,250",,,,Available Now,1 BA,"[{'bedroom_type': '2 Beds', 'price': '$2,250'}]",Oceanside,"Oceanside, CA 92054",1 Month Lease,https://www.apartments.com/1724-broadway-st-oceanside-ca-unit-a/hsxnvb3/,900,900 Sq Ft,CA,,Condos,92054
,"$2,500",,,,Available Now,1 BA,"[{'bedroom_type': '2 Beds', 'price': '$2,500'}]",Los Angeles,"Los Angeles, CA 91367",12 Month Lease,https://www.apartments.com/6275-canoga-ave-los-angeles-ca-unit-87/zps6f3x/,900,900 Sq Ft,CA,,Condos,91367
,"$2,999",,,,Available Now,1 BA,"[{'bedroom_type': '2 Beds', 'price': '$2,999'}]",Santa Monica,"1950 Cloverfield Blvd, Santa Monica, CA 90404",12 Month Lease,https://www.apartments.com/1950-cloverfield-blvd-santa-monica-ca-unit-9/qdemz3z/,784,784 Sq Ft,CA,,Condos,90404
"$1,950",,,,,Available Now,1 BA,"[{'bedroom_type': '1 Bed', 'price': '$1,950'}]",Los Angeles,"5328 Newcastle Ave, Los Angeles, CA 91316",12 Month Lease,https://www.apartments.com/5328-newcastle-ave-los-angeles-ca-unit-41/79mg08z/,802,802 Sq Ft,CA,,Condos,91316
,"$2,300",,,,Available Now,2 BAs,"[{'bedroom_type': '2 Beds', 'price': '$2,300'}]",Los Angeles,"18530 Hatteras St, Los Angeles, CA 91356",12 Month Lease,https://www.apartments.com/18530-hatteras-st-los-angeles-ca-unit-310/tgphq2c/,"1,009","1,009 Sq Ft",CA,,Condos,91356
,"$2,495",,,,Available Now,2 BAs,"[{'bedroom_type': '2 Beds', 'price': '$2,495'}]",Los Angeles,"5520 Owensmouth Ave, Los Angeles, CA 91367",12 Month Lease,https://www.apartments.com/5520-owensmouth-ave-los-angeles-ca-unit-313/9c6pbs6/,"1,030","1,030 Sq Ft",CA,,Condos,91367
,,"$2,900",,,Available Now,2 BAs,"[{'bedroom_type': '3 Beds', 'price': '$2,900'}]",Long Beach,"235 W 5th St, Long Beach, CA 90802",36 Month Lease,https://www.apartments.com/235-w-5th-st-long-beach-ca-unit-1/4109j3h/,"1,200","1,200 Sq Ft",CA,,Condos,90802
"$1,550",,,,,Available Now,1 BA,"[{'bedroom_type': '1 Bed', 'price': '$1,550'}]",Long Beach,"Long Beach, CA 90802",12 Month Lease,https://www.apartments.com/1633-e-1st-st-long-beach-ca-unit-7/r8m3ld1/,700,700 Sq Ft,CA,,Condos,90802
,"$2,090",,,,Available Now,2 BAs,"[{'bedroom_type': '2 Beds', 'price': '$2,090'}]",Los Angeles,"7826 Topanga Canyon Blvd, Los Angeles, CA 91304",12 Month Lease,https://www.apartments.com/7826-topanga-canyon-blvd-los-angeles-ca-unit-309/cjfwryf/,920,920 Sq Ft,CA,,Condos,91304
,"$1,950",,,,Available Now,1½ BAs,"[{'bedroom_type': '2 Beds', 'price': '$1,950'}]",Los Angeles,"7924 Woodman Ave, Los Angeles, CA 91402",12 Month Lease,https://www.apartments.com/7924-woodman-ave-los-angeles-ca-unit-43/dyxj0dk/,"1,127","1,127 Sq Ft",CA,,Condos,91402
,,"$3,700",,,May 1,2½ BAs,"[{'bedroom_type': '3 Beds', 'price': '$3,700'}]",Redondo Beach,"1800 S Pacific Coast Hwy, Redondo Beach, CA 90277",12 Month Lease,https://www.apartments.com/1800-s-pacific-coast-hwy-redondo-beach-ca-unit-49/s939437/,"1,497","1,497 Sq Ft",CA,,Condos,90277
,"$2,350",,,,Available Now,1 BA,"[{'bedroom_type': '2 Beds', 'price': '$2,350'}]",Los Angeles,"5931 Corbin Ave, Los Angeles, CA 91356",12 Month Lease,https://www.apartments.com/5931-corbin-ave-los-angeles-ca-unit-middle-uni/vppdqef/,"1,000","1,000 Sq Ft",CA,,Condos,91356
,,"$4,495",,,Available Now,2½ BAs,"[{'bedroom_type': '3 Beds', 'price': '$4,495'}]",Los Angeles,"859 S Holt Ave, Los Angeles, CA 90035",12 Month Lease,https://www.apartments.com/859-s-holt-ave-los-angeles-ca-unit-0/smw99b6/,"1,681","1,681 Sq Ft",CA,,Condos,90035
,"$2,350",,,,Available Now,2½ BAs,"[{'bedroom_type': '2 Beds', 'price': '$2,350'}]",Monrovia,"Monrovia, CA 91016",12 Month Lease,https://www.apartments.com/1814-s-eighth-ave-monrovia-ca-unit-b/r4ptjq1/,"1,023","1,023 Sq Ft",CA,,Condos,91016
,,"$2,495",,,Available Now,2 BAs,"[{'bedroom_type': '3 Beds', 'price': '$2,495'}]",Los Angeles,"Los Angeles, CA 91356",12 Month Lease,https://www.apartments.com/5700-etiwanda-ave-los-angeles-ca-unit-132/znze4mx/,"1,050","1,050 Sq Ft",CA,,Condos,91356
,"$1,890",,,,Available Now,2 BAs,"[{'bedroom_type': '2 Beds', 'price': '$1,890'}]",Cathedral City,"Cathedral City, CA 92234",6 Month Lease,https://www.apartments.com/67847-n-portales-dr-cathedral-city-ca-unit-243/p3mtmgr/,"1,212","1,212 Sq Ft",CA,,Condos,92234
,,"$4,500",,,Available Now,2½ BAs,"[{'bedroom_type': '3 Beds', 'price': '$4,500'}]",Los Angeles,"Los Angeles, CA 90025",12 Month Lease,https://www.apartments.com/1529-s-westgate-ave-los-angeles-ca-unit-301/xdt5zgp/,"1,832","1,832 Sq Ft",CA,,Condos,90025
,,"$4,350",,,Available Now,3 BAs,"[{'bedroom_type': '3 Beds', 'price': '$4,350'}]",San Diego,"San Diego, CA 92109",3 Month Lease,https://www.apartments.com/919-agate-st-san-diego-ca-unit-2/rzwr7e1/,"1,875","1,875 Sq Ft",CA,,Condos,92109
,"$3,450",,,,Available Now,2 BAs,"[{'bedroom_type': '2 Beds', 'price': '$3,450'}]",Los Angeles,"20134 Leadwell St, Los Angeles, CA 91306",3 Month Lease,https://www.apartments.com/20134-leadwell-st-los-angeles-ca-unit-371/7ch11cy/,900,900 Sq Ft,CA,,Condos,91306
,"$3,300",,,,Available Now,1 BA,"[{'bedroom_type': '2 Beds', 'price': '$3,300'}]",Mountain View,"Mountain View, CA 94043",12 Month Lease,https://www.apartments.com/88-flynn-ave-mountain-view-ca-unit-d/h3802t1/,"1,000","1,000 Sq Ft",CA,,Condos,94043
,,"$4,900",,,Apr 15,3 BAs,"[{'bedroom_type': '3 Beds', 'price': '$4,900'}]",Santa Barbara,"Santa Barbara, CA 93105",12 Month Lease,https://www.apartments.com/3732-state-st-santa-barbara-ca-unit-117/bdzc8w9/,"2,034","2,034 Sq Ft",CA,,Condos,93105
"$2,350",,,,,Available Now,1 BA,"[{'bedroom_type': '1 Bed', 'price': '$2,350'}]",West Hollywood,"West Hollywood, CA 90069",12 Month Lease,https://www.apartments.com/976-larrabee-st-west-hollywood-ca-unit-129/d60tfkk/,583,583 Sq Ft,CA,,Condos,90069
,,"$2,875",,,Available Now,1½ BAs,"[{'bedroom_type': '3 Beds', 'price': '$2,875'}]",Torrance,"23202 Sesame St, Torrance, CA 90502",12 Month Lease,https://www.apartments.com/23202-sesame-st-torrance-ca-unit-a/8pfqxy1/,"1,064","1,064 Sq Ft",CA,,Condos,90502
,"$2,500",,,,Available Now,2 BAs,"[{'bedroom_type': '2 Beds', 'price': '$2,500'}]",Huntington Beach,"Huntington Beach, CA 92646",12 Month Lease,https://www.apartments.com/8933-biscayne-ct-huntington-beach-ca-unit-223h/zlkr96w/,"1,056","1,056 Sq Ft",CA,,Condos,92646
,,"$4,200",,,Available Now,2 BAs,"[{'bedroom_type': '3 Beds', 'price': '$4,200'}]",West Hollywood,"1400 N Sweetzer Ave, West Hollywood, CA 90069",12 Month Lease,https://www.apartments.com/1400-n-sweetzer-ave-west-hollywood-ca-unit-102/gdeby1y/,"1,600","1,600 Sq Ft",CA,,Condos,90069
,"$2,300",,,,Available Now,2 BAs,"[{'bedroom_type': '2 Beds', 'price': '$2,300'}]",San Diego,"San Diego, CA 92103",12 Month Lease,https://www.apartments.com/1756-essex-st-san-diego-ca-unit-108/efbzj5q/,900,900 Sq Ft,CA,,Condos,92103
,,"$3,000",,,Aug 1,2½ BAs,"[{'bedroom_type': '3 Beds', 'price': '$3,000'}]",Chula Vista,"Chula Vista, CA 91913",12 Month Lease,https://www.apartments.com/1524-san-borja-st-chula-vista-ca-unit-2/pdl75bs/,"1,500","1,500 Sq Ft",CA,,Condos,91913
,"$3,300",,,,Available Now,1 BA,"[{'bedroom_type': '2 Beds', 'price': '$3,300'}]",Santa Monica,"Santa Monica, CA 90405",12 Month Lease,https://www.apartments.com/2427-s-centinela-ave-santa-monica-ca-unit-b/vpg9gfe/,875,875 Sq Ft,CA,,Condos,90405
"$2,800",,,,,May 4,1 BA,"[{'bedroom_type': '1 Bed', 'price': '$2,800'}]",Santa Monica,"2025 4th St, Santa Monica, CA 90405",12 Month Lease,https://www.apartments.com/2025-4th-st-santa-monica-ca/95sh094/,700,700 Sq Ft,CA,,Condos,90405
"$2,690",,,,,Available Now,1 BA,"[{'bedroom_type': '1 Bed', 'price': '$2,690'}]",Huntington Beach,"1400 Pacific Coast Hwy, Huntington Beach, CA 92648",12 Month Lease,https://www.apartments.com/1400-pacific-coast-hwy-huntington-beach-ca-unit-000/2j376zb/,"1,000","1,000 Sq Ft",CA,,Condos,92648
"$2,599",,,,,Apr 12,1 BA,"[{'bedroom_type': '1 Bed', 'price': '$2,599'}]",Oakland,"Oakland, CA 94612",12 Month Lease,https://www.apartments.com/607-18th-st-oakland-ca-unit-607/n4y9efp/,550,550 Sq Ft,CA,,Condos,94612
,"$2,600",,,,Available Now,2 BAs,"[{'bedroom_type': '2 Beds', 'price': '$2,600'}]",Garden Grove,"Garden Grove, CA 92840",12 Month Lease,https://www.apartments.com/12664-chapman-ave-garden-grove-ca-unit-1107/jzhdj04/,"1,120","1,120 Sq Ft",CA,,Condos,92840
"$1,350",,,,,Available Now,1 BA,"[{'bedroom_type': '1 Bed', 'price': '$1,350'}]",Fullerton,"Fullerton, CA 92833",12 Month Lease,https://www.apartments.com/3632-w-oak-ave-fullerton-ca-unit-b/r1scbt2/,600,600 Sq Ft,CA,,Condos,92833
,,,"$5,000",,Available Now,3 BAs,"[{'bedroom_type': '4 Beds', 'price': '$5,000'}]",Los Angeles,"12001 Ocean Park Blvd, Los Angeles, CA 90064",12 Month Lease,https://www.apartments.com/12001-ocean-park-blvd-los-angeles-ca-unit-2/07hcdc1/,"2,111","2,111 Sq Ft",CA,,Condos,90064
"$2,950",,,,,Available Now,1 BA,"[{'bedroom_type': '1 Bed', 'price': '$2,950'}]",Los Angeles,"Los Angeles, CA 90013",12 Month Lease,https://www.apartments.com/527-molino-st-los-angeles-ca-unit-123/myv6pdk/,860,860 Sq Ft,CA,,Condos,90013
,,"$4,999",,,Available Now,3 BAs,"[{'bedroom_type': '3 Beds', 'price': '$4,999'}]",Rancho Mirage,"Rancho Mirage, CA 92270",12 Month Lease,https://www.apartments.com/192-n-kavenish-dr-rancho-mirage-ca-unit-192/dy4t3zh/,"2,500","2,500 Sq Ft",CA,,Condos,92270
,,,"$12,000",,Available Now,2½ BAs,"[{'bedroom_type': '4 Beds', 'price': '$12,000'}]",San Francisco,"San Francisco, CA 94115",2 Month Lease,https://www.apartments.com/2402-divisadero-st-san-francisco-ca-unit-2402/mwfgezl/,"2,026","2,026 Sq Ft",CA,,Condos,94115
,"$2,500",,,,Available Now,2 BAs,"[{'bedroom_type': '2 Beds', 'price': '$2,500'}]",Los Angeles,"11639 Chenault St, Los Angeles, CA 90049",12 Month Lease,https://www.apartments.com/11639-chenault-st-los-angeles-ca-unit-306/pgbh3ys/,921,921 Sq Ft,CA,,Condos,90049
,,,"$6,800",,Available Now,3 BAs,"[{'bedroom_type': '4 Beds', 'price': '$6,800'}]",Los Angeles,"907 S Shenandoah St, Los Angeles, CA 90035",12 Month Lease,https://www.apartments.com/907-s-shenandoah-st-los-angeles-ca-unit-302/80bp8s0/,"1,952","1,952 Sq Ft",CA,,Condos,90035
,"$3,500",,,,Available Now,2 BAs,"[{'bedroom_type': '2 Beds', 'price': '$3,500'}]",Los Angeles,"12655 Bluff Creek Dr, Los Angeles, CA 90094",12 Month Lease,https://www.apartments.com/12655-bluff-creek-dr-los-angeles-ca-unit-3/hxm86h1/,853,853 Sq Ft,CA,,Condos,90094
"$1,675",,,,,Available Now,1 BA,"[{'bedroom_type': '1 Bed', 'price': '$1,675'}]",Long Beach,"Long Beach, CA 90802",12 Month Lease,https://www.apartments.com/1329-e-1st-st-long-beach-ca-unit-25/fp704wt/,603,603 Sq Ft,CA,,Condos,90802
,"$2,700",,,,Available Now,1 BA,"[{'bedroom_type': '2 Beds', 'price': '$2,700'}]",Long Beach,"Long Beach, CA 90802",12 Month Lease,https://www.apartments.com/1100-e-ocean-blvd-long-beach-ca-unit-13/19zt7e4/,916,916 Sq Ft,CA,,Condos,90802
,"$2,650",,,,Available Now,2 BAs,"[{'bedroom_type': '2 Beds', 'price': '$2,650'}]",Los Angeles,"Los Angeles, CA 91316",12 Month Lease,https://www.apartments.com/5412-lindley-ave-los-angeles-ca-unit-323/6nqqe4s/,"1,161","1,161 Sq Ft",CA,,Condos,91316
,"$3,595",,,,Available Now,2 BAs,"[{'bedroom_type': '2 Beds', 'price': '$3,595'}]",Los Angeles,"121 N Croft Ave, Los Angeles, CA 90048",12 Month Lease,https://www.apartments.com/121-n-croft-ave-los-angeles-ca-unit-310/8fxt550/,"1,524","1,524 Sq Ft",CA,,Condos,90048
"$2,750",,,,,Available Now,1 BA,"[{'bedroom_type': '1 Bed', 'price': '$2,750'}]",Santa Monica,"Santa Monica, CA 90405",12 Month Lease,https://www.apartments.com/2311-4th-st-santa-monica-ca-unit-119/pqsl6xr/,700,700 Sq Ft,CA,,Condos,90405
,"$2,500",,,,Available Now,1½ BAs,"[{'bedroom_type': '2 Beds', 'price': '$2,500'}]",Los Angeles,"19545 Sherman Way, Los Angeles, CA 91335",12 Month Lease,https://www.apartments.com/19545-sherman-way-los-angeles-ca-unit-79/rmzht41/,"1,319","1,319 Sq Ft",CA,,Condos,91335
"$1,600",,,,,Available Now,1 BA,"[{'bedroom_type': '1 Bed', 'price': '$1,600'}]",Los Angeles,"6815 Remmet Ave, Los Angeles, CA 91303",12 Month Lease,https://www.apartments.com/6815-remmet-ave-los-angeles-ca-unit-109/2ytx6fc/,619,619 Sq Ft,CA,,Condos,91303
,"$3,900",,,,Available Now,2 BAs,"[{'bedroom_type': '2 Beds', 'price': '$3,900'}]",Los Angeles,"Los Angeles, CA 90094",12 Month Lease,https://www.apartments.com/13044-pacific-promenade-los-angeles-ca-unit-305/wc6e0th/,"1,093","1,093 Sq Ft",CA,,Condos,90094
,"$2,500",,,,Available Now,2 BAs,"[{'bedroom_type': '2 Beds', 'price': '$2,500'}]",Long Beach,"Long Beach, CA 90814",12 Month Lease,https://www.apartments.com/552-n-bellflower-blvd-long-beach-ca-unit-209/wxc1xbj/,"1,028","1,028 Sq Ft",CA,,Condos,90814
,"$2,999",,,,Available Now,2½ BAs,"[{'bedroom_type': '2 Beds', 'price': '$2,999'}]",Los Angeles,"11112 La Maida St, Los Angeles, CA 91601",4 Month Lease,https://www.apartments.com/11112-la-maida-st-los-angeles-ca-unit-11/bth6nq9/,"1,156","1,156 Sq Ft",CA,,Condos,91601
"$2,675",,,,,Available Now,1 BA,"[{'bedroom_type': '1 Bed', 'price': '$2,675'}]",Los Angeles,"11750 W Sunset Blvd, Los Angeles, CA 90049",12 Month Lease,https://www.apartments.com/11750-w-sunset-blvd-los-angeles-ca-unit-105/5bwp5wn/,775,775 Sq Ft,CA,,Condos,90049
,"$3,840",,,,Available Now,2 BAs,"[{'bedroom_type': '2 Beds', 'price': '$3,840'}]",Sacramento,"Sacramento, CA 95822",6 Month Lease,https://www.apartments.com/1127-15th-ave-sacramento-ca-unit-306/mqjrz6j/,"1,360","1,360 Sq Ft",CA,,Condos,95822
,"$2,250",,,,Available Now,2 BAs,"[{'bedroom_type': '2 Beds', 'price': '$2,250'}]",Los Angeles,"5400 Newcastle Ave, Los Angeles, CA 91316",12 Month Lease,https://www.apartments.com/5400-newcastle-ave-los-angeles-ca-unit-29/jjtw865/,958,958 Sq Ft,CA,,Condos,91316
"$1,495",,,,,Available Now,1 BA,"[{'bedroom_type': '1 Bed', 'price': '$1,495'}]",Vacaville,"Vacaville, CA 95687",12 Month Lease,https://www.apartments.com/530-arcadia-dr-vacaville-ca-unit-none/tysn5pc/,700,700 Sq Ft,CA,,Condos,95687
,"$3,550",,,,Available Now,2 BAs,"[{'bedroom_type': '2 Beds', 'price': '$3,550'}]",Culver City,"Culver City, CA 90230",12 Month Lease,https://www.apartments.com/6250-buckingham-pkwy-culver-city-ca-unit-310/njb8p9n/,"1,200","1,200 Sq Ft",CA,,Condos,90230
,,"$1,875",,,Available Now,2 BAs,"[{'bedroom_type': '3 Beds', 'price': '$1,875'}]",Desert Hot Springs,"Desert Hot Springs, CA 92240",6 Month Lease,https://www.apartments.com/13098-ocotillo-rd-desert-hot-springs-ca-unit-abc/cqxdb6e/,"1,400","1,400 Sq Ft",CA,,Condos,92240
,,,,"$4,500",Available Now,5½ BAs,"[{'bedroom_type': '4+ Beds', 'price': '$4,500'}]",Los Angeles,"236 N Park View St, Los Angeles, CA 90026",12 Month Lease,https://www.apartments.com/236-n-park-view-st-los-angeles-ca-unit-4/gy7ltky/,"2,200","2,200 Sq Ft",CA,,Condos,90026
,"$1,900",,,,Available Now,2 BAs,"[{'bedroom_type': '2 Beds', 'price': '$1,900'}]",Long Beach,"Long Beach, CA 90802",12 Month Lease,https://www.apartments.com/545-chestnut-ave-long-beach-ca-unit-307/gmqjyww/,944,944 Sq Ft,CA,,Condos,90802
"$1,649",,,,,Available Now,1 BA,"[{'bedroom_type': '1 Bed', 'price': '$1,649'}]",San Diego,"San Diego, CA 92104",12 Month Lease,https://www.apartments.com/4146-hamilton-st-san-diego-ca-unit-8/tkz8d69/,620,620 Sq Ft,CA,,Condos,92104
,,"$4,595",,,Available Now,2½ BAs,"[{'bedroom_type': '3 Beds', 'price': '$4,595'}]",Los Angeles,"Los Angeles, CA 90025",12 Month Lease,https://www.apartments.com/1726-stoner-ave-los-angeles-ca-unit-105/xwxzz4q/,"1,760","1,760 Sq Ft",CA,,Condos,90025
,,"$4,350",,,Available Now,2 BAs,"[{'bedroom_type': '3 Beds', 'price': '$4,350'}]",Culver City,"4825 Maytime Ln, Culver City, CA 90230",12 Month Lease,https://www.apartments.com/4825-maytime-ln-culver-city-ca-unit-4825/2n7n6pb/,"1,222","1,222 Sq Ft",CA,,Condos,90230
,,"$3,800",,,Available Now,2 BAs,"[{'bedroom_type': '3 Beds', 'price': '$3,800'}]",Beverly Hills,"344 S Spalding Dr, Beverly Hills, CA 90212",24 Month Lease,https://www.apartments.com/344-s-spalding-dr-beverly-hills-ca-unit-2/bs1hcwb/,"1,800","1,800 Sq Ft",CA,,Condos,90212
"$1,645",,,,,Available Now,1 BA,"[{'bedroom_type': '1 Bed', 'price': '$1,645'}]",Los Angeles,"5525 Canoga Ave, Los Angeles, CA 91367",12 Month Lease,https://www.apartments.com/5525-canoga-ave-los-angeles-ca-unit-106/5r2fzdp/,610,610 Sq Ft,CA,,Condos,91367
,,"$6,000",,,Available Now,2½ BAs,"[{'bedroom_type': '3 Beds', 'price': '$6,000'}]",Glendale,"Glendale, CA 91201",12 Month Lease,https://www.apartments.com/1158-thompson-ave-glendale-ca-unit-b/m71n4hl/,"1,891","1,891 Sq Ft",CA,,Condos,91201
,"$4,200",,,,Available Now,2 BAs,"[{'bedroom_type': '2 Beds', 'price': '$4,200'}]",Marina Del Rey,"4140 Glencoe Ave, Marina Del Rey, CA 90292",12 Month Lease,https://www.apartments.com/4140-glencoe-ave-marina-del-rey-ca-unit-515/5rb3n9n/,"1,178","1,178 Sq Ft",CA,,Condos,90292
,"$3,000",,,,Available Now,2 BAs,"[{'bedroom_type': '2 Beds', 'price': '$3,000'}]",Glendale,"Glendale, CA 91202",12 Month Lease,https://www.apartments.com/1325-valley-view-rd-glendale-ca-unit-104/te8wwd9/,"1,698","1,698 Sq Ft",CA,,Condos,91202
,"$2,100",,,,Available Now,1½ BAs,"[{'bedroom_type': '2 Beds', 'price': '$2,100'}]",San Luis Obispo,"San Luis Obispo, CA 93401",12 Month Lease,https://www.apartments.com/2230-exposition-dr-san-luis-obispo-ca-unit-31/zseskry/,"1,100","1,100 Sq Ft",CA,,Condos,93401
,,"$3,200",,,Available Now,2 BAs,"[{'bedroom_type': '3 Beds', 'price': '$3,200'}]",Inglewood,"Inglewood, CA 90305",12 Month Lease,https://www.apartments.com/3500-w-manchester-blvd-inglewood-ca-unit-102/h787lm1/,"1,595","1,595 Sq Ft",CA,,Condos,90305
,,"$4,100",,,Available Now,2½ BAs,"[{'bedroom_type': '3 Beds', 'price': '$4,100'}]",Los Angeles,"1537 S Wooster St, Los Angeles, CA 90035",12 Month Lease,https://www.apartments.com/1537-s-wooster-st-los-angeles-ca-unit-201/hzkwl93/,"1,438","1,438 Sq Ft",CA,,Condos,90035
,"$2,200",,,,Available Now,2 BAs,"[{'bedroom_type': '2 Beds', 'price': '$2,200'}]",Diamond Bar,"Diamond Bar, CA 91765",12 Month Lease,https://www.apartments.com/24326-sylvan-glen-rd-diamond-bar-ca-unit-g/v97x07g/,"1,000","1,000 Sq Ft",CA,,Condos,91765
,"$3,200",,,,Available Now,2 BAs,"[{'bedroom_type': '2 Beds', 'price': '$3,200'}]",Los Angeles,"725 S Barrington Ave, Los Angeles, CA 90049",12 Month Lease,https://www.apartments.com/725-s-barrington-ave-los-angeles-ca-unit-110/wsxlwjk/,"1,400","1,400 Sq Ft",CA,,Condos,90049
,"$3,300",,,,Jul 1,1½ BAs,"[{'bedroom_type': '2 Beds', 'price': '$3,300'}]",Los Angeles,"10747 Wilshire Blvd, Los Angeles, CA 90024",12 Month Lease,https://www.apartments.com/10747-wilshire-blvd-los-angeles-ca-unit-808/b04vgt8/,"1,006","1,006 Sq Ft",CA,,Condos,90024
,"$7,000",,,,Available Now,2 BAs,"[{'bedroom_type': '2 Beds', 'price': '$7,000'}]",Los Angeles,"Los Angeles, CA 90049",6 Month Lease,https://www.apartments.com/831-s-gretna-green-way-los-angeles-ca-unit-302/92v7s76/,"1,400","1,400 Sq Ft",CA,,Condos,90049
,"$2,050",,,,Available Now,1½ BAs,"[{'bedroom_type': '2 Beds', 'price': '$2,050'}]",Los Angeles,"Los Angeles, CA 91607",12 Month Lease,https://www.apartments.com/12553-chandler-blvd-los-angeles-ca-unit-4/9z6g4m5/,950,950 Sq Ft,CA,,Condos,91607
,"$4,500",,,,Available Now,1½ BAs,"[{'bedroom_type': '2 Beds', 'price': '$4,500'}]",Venice,"Venice, CA 90291",12 Month Lease,https://www.apartments.com/59-navy-st-venice-ca-unit-1/9vtj1s6/,"1,200","1,200 Sq Ft",CA,,Condos,90291
,"$2,550",,,,Available Now,2 BAs,"[{'bedroom_type': '2 Beds', 'price': '$2,550'}]",Calabasas,"23401 Park Sorrento, Calabasas, CA 91302",12 Month Lease,https://www.apartments.com/23401-park-sorrento-calabasas-ca-unit-39/djtedqk/,"1,011","1,011 Sq Ft",CA,,Condos,91302
"$2,400",,,,,Available Now,1 BA,"[{'bedroom_type': '1 Bed', 'price': '$2,400'}]",Encinitas,"Encinitas, CA 92024",1 Month Lease,https://www.apartments.com/151-w-glaucus-st-encinitas-ca-unit-a/2dh2wkc/,635,635 Sq Ft,CA,,Condos,92024
,,"$2,000",,,Available Now,2 BAs,"[{'bedroom_type': '3 Beds', 'price': '$2,000'}]",Rancho Mirage,"Rancho Mirage, CA 92270",12 Month Lease,https://www.apartments.com/30-tennis-club-dr-rancho-mirage-ca-unit-30/eej3rcp/,"1,862","1,862 Sq Ft",CA,,Condos,92270
,,"$2,995",,,Available Now,2 BAs,"[{'bedroom_type': '3 Beds', 'price': '$2,995'}]",Monterey,"Monterey, CA 93940",12 Month Lease,https://www.apartments.com/441-reeside-ave-monterey-ca-unit-a/m9j154l/,"1,500","1,500 Sq Ft",CA,,Condos,93940
,"$3,100",,,,Jun 1,2 BAs,"[{'bedroom_type': '2 Beds', 'price': '$3,100'}]",Mission Viejo,"Mission Viejo, CA 92692",12 Month Lease,https://www.apartments.com/22366-manacor-mission-viejo-ca-unit-1/b53qk4b/,"1,454","1,454 Sq Ft",CA,,Condos,92692
,"$7,000",,,,Apr 15,2½ BAs,"[{'bedroom_type': '2 Beds', 'price': '$7,000'}]",Marina del Rey,"11 Buccaneer St, Marina del Rey, CA 90292",12 Month Lease,https://www.apartments.com/11-buccaneer-st-marina-del-rey-ca-unit-3/jkkn055/,"1,400","1,400 Sq Ft",CA,,Condos,90292
,"$3,800",,,,Available Now,2 BAs,"[{'bedroom_type': '2 Beds', 'price': '$3,800'}]",Half Moon Bay,"Half Moon Bay, CA 94019",6 Month Lease,https://www.apartments.com/215-troon-way-half-moon-bay-ca-unit-215/kdx9dg9/,"1,115","1,115 Sq Ft",CA,,Condos,94019
,"$3,950",,,,Available Now,2½ BAs,"[{'bedroom_type': '2 Beds', 'price': '$3,950'}]",Newport Beach,"Newport Beach, CA 92663",12 Month Lease,https://www.apartments.com/602-1-2-36th-st-newport-beach-ca-unit-6025/glcqfqx/,"1,200","1,200 Sq Ft",CA,,Condos,92663
"$3,300",,,,,Jun 8,1 BA,"[{'bedroom_type': '1 Bed', 'price': '$3,300'}]",San Diego,"San Diego, CA 92109",1 Month Lease,https://www.apartments.com/1855-diamond-st-san-diego-ca-unit-5-330/r57bzf2/,670,670 Sq Ft,CA,,Condos,92109
,"$1,975",,,,Available Now,2 BAs,"[{'bedroom_type': '2 Beds', 'price': '$1,975'}]",Los Angeles,"Los Angeles, CA 91316",12 Month Lease,https://www.apartments.com/5349-newcastle-ave-los-angeles-ca-unit-22/5z2cycn/,950,950 Sq Ft,CA,,Condos,91316
,"$1,500",,,,Available Now,1½ BAs,"[{'bedroom_type': '2 Beds', 'price': '$1,500'}]",Fresno,"Fresno, CA 93721",1 Month Lease,https://www.apartments.com/2881-e-huntington-blvd-fresno-ca-unit-110/qk4vwvw/,900,900 Sq Ft,CA,,Condos,93721
,"$1,200",,,,Available Now,2½ BAs,"[{'bedroom_type': '2 Beds', 'price': '$1,200'}]",Los Angeles,"7320 Independence Ave, Los Angeles, CA 91303",6 Month Lease,https://www.apartments.com/7320-independence-ave-los-angeles-ca-unit-2/42lc7pk/,"1,203","1,203 Sq Ft",CA,,Condos,91303
,,"$2,400",,,Available Now,2 BAs,"[{'bedroom_type': '3 Beds', 'price': '$2,400'}]",San Diego,"San Diego, CA 92111",12 Month Lease,https://www.apartments.com/6321-caminito-juanico-san-diego-ca-unit-0/tfhprd9/,"1,300","1,300 Sq Ft",CA,,Condos,92111
,"$3,495",,,,Available Now,2 BAs,"[{'bedroom_type': '2 Beds', 'price': '$3,495'}]",Los Angeles,"2160 Century Park E, Los Angeles, CA 90067",12 Month Lease,https://www.apartments.com/2160-century-park-e-los-angeles-ca-unit-1405/8l1l0f2/,"1,018","1,018 Sq Ft",CA,,Condos,90067
"$2,200",,,,,Available Now,1 BA,"[{'bedroom_type': '1 Bed', 'price': '$2,200'}]",Long Beach,"325 W 3rd St, Long Beach, CA 90802",12 Month Lease,https://www.apartments.com/325-w-3rd-st-long-beach-ca-unit-402/rvmf7p1/,712,712 Sq Ft,CA,,Condos,90802
,"$4,600",,,,Available Now,2 BAs,"[{'bedroom_type': '2 Beds', 'price': '$4,600'}]",Los Angeles,"Los Angeles, CA 90024",12 Month Lease,https://www.apartments.com/1300-midvale-ave-los-angeles-ca-unit-201/zmzpb7x/,"1,038","1,038 Sq Ft",CA,,Condos,90024
,,"$3,500",,,Available Now,3½ BAs,"[{'bedroom_type': '3 Beds', 'price': '$3,500'}]",Los Angeles,"3947 Carpenter Ave, Los Angeles, CA 91604",12 Month Lease,https://www.apartments.com/3947-carpenter-ave-los-angeles-ca-unit-103/j8r9t74/,"1,720","1,720 Sq Ft",CA,,Condos,91604
,"$3,500",,,,Available Now,2 BAs,"[{'bedroom_type': '2 Beds', 'price': '$3,500'}]",Los Angeles,"530 S Barrington Ave, Los Angeles, CA 90049",12 Month Lease,https://www.apartments.com/530-s-barrington-ave-los-angeles-ca-unit-307/mv0q7hh/,"1,345","1,345 Sq Ft",CA,,Condos,90049
"$2,600",,,,,Available Now,1 BA,"[{'bedroom_type': '1 Bed', 'price': '$2,600'}]",Los Angeles,"645 W 9th St, Los Angeles, CA 90015",12 Month Lease,https://www.apartments.com/645-w-9th-st-los-angeles-ca-unit-609/ppd3zfs/,660,660 Sq Ft,CA,,Condos,90015
"$3,000",,,,,Available Now,1 BA,"[{'bedroom_type': '1 Bed', 'price': '$3,000'}]",San Diego,"San Diego, CA 92101",6 Month Lease,https://www.apartments.com/450-j-st-san-diego-ca-unit-3081/y5ptlgv/,778,778 Sq Ft,CA,,Condos,92101
"$3,650",,,,,Available Now,1 BA,"[{'bedroom_type': '1 Bed', 'price': '$3,650'}]",San Francisco,"San Francisco, CA 94108",12 Month Lease,https://www.apartments.com/1177-california-st-san-francisco-ca-unit-805/xxs7hjn/,650,650 Sq Ft,CA,,Condos,94108
,"$1,870",,,,Available Now,2 BAs,"[{'bedroom_type': '2 Beds', 'price': '$1,870'}]",Diamond Bar,"Diamond Bar, CA 91765",12 Month Lease,https://www.apartments.com/901-golden-springs-dr-diamond-bar-ca-unit-f12/f8mx4lv/,926,926 Sq Ft,CA,,Condos,91765
"$1,175",,,,,Available Now,1 BA,"[{'bedroom_type': '1 Bed', 'price': '$1,175'}]",Modesto,"Modesto, CA 95350",12 Month Lease,https://www.apartments.com/2700-mac-dougal-st-modesto-ca-unit-23/3f26zke/,658,658 Sq Ft,CA,,Condos,95350
,"$5,500",,,,Available Now,3 BAs,"[{'bedroom_type': '2 Beds', 'price': '$5,500'}]",West Hollywood,"West Hollywood, CA 90046",12 Month Lease,https://www.apartments.com/1220-n-orange-grove-ave-west-hollywood-ca-unit-5/8mz8bk3/,"1,830","1,830 Sq Ft",CA,,Condos,90046
,,,,,Available Now,1 BA,"[{'bedroom_type': 'Studio', 'price': '$1,750'}]",San Diego,"San Diego, CA 92101",12 Month Lease,https://www.apartments.com/1643-sixth-ave-san-diego-ca-unit-414/b65q5rc/,450,450 Sq Ft,CA,"$1,750",Condos,92101
,,,,,Available Now,1 BA,"[{'bedroom_type': 'Studio', 'price': '$1,950'}]",Los Angeles,"Los Angeles, CA 90013",12 Month Lease,https://www.apartments.com/420-san-pedro-st-los-angeles-ca-unit-0/5em1etp/,650,650 Sq Ft,CA,"$1,950",Condos,90013
,"$4,200",,,,May 1,2 BAs,"[{'bedroom_type': '2 Beds', 'price': '$4,200'}]",Marina del Rey,"Marina del Rey, CA 90292",12 Month Lease,https://www.apartments.com/4080-glencoe-ave-marina-del-rey-ca-unit-323/tfr4k9c/,"1,340","1,340 Sq Ft",CA,,Condos,90292
,"$2,200",,,,Available Now,2 BAs,"[{'bedroom_type': '2 Beds', 'price': '$2,200'}]",Los Angeles,"Los Angeles, CA 91402",12 Month Lease,https://www.apartments.com/8355-willis-ave-los-angeles-ca-unit-23/c7l2kee/,"1,029","1,029 Sq Ft",CA,,Condos,91402
,"$2,290",,,,Available Now,2 BAs,"[{'bedroom_type': '2 Beds', 'price': '$2,290'}]",Los Angeles,"Los Angeles, CA 91316",24 Month Lease,https://www.apartments.com/5353-yarmouth-ave-los-angeles-ca-unit-307/yk0k2xr/,"1,200","1,200 Sq Ft",CA,,Condos,91316
,"$2,300",,,,Available Now,2 BAs,"[{'bedroom_type': '2 Beds', 'price': '$2,300'}]",Woodland Hills,"5540 Owensmouth Ave, Woodland Hills, CA 91367",12 Month Lease,https://www.apartments.com/5540-owensmouth-ave-woodland-hills-ca-unit-1/18yrpq6/,"1,050","1,050 Sq Ft",CA,,Condos,91367
"$2,500",,,,,Available Now,1 BA,"[{'bedroom_type': '1 Bed', 'price': '$2,500'}]",West Hollywood,"1275 Havenhurst Dr, West Hollywood, CA 90046",12 Month Lease,https://www.apartments.com/1275-havenhurst-dr-west-hollywood-ca-unit-8/j3eclc7/,725,725 Sq Ft,CA,,Condos,90046
"$1,300",,,,,Available Now,1 BA,"[{'bedroom_type': '1 Bed', 'price': '$1,300'}]",Los Angeles,"747 Micheltorena St, Los Angeles, CA 90026",12 Month Lease,https://www.apartments.com/747-micheltorena-st-los-angeles-ca-unit-d/jb71dy7/,200,200 Sq Ft,CA,,Condos,90026
,"$2,700",,,,Available Now,2 BAs,"[{'bedroom_type': '2 Beds', 'price': '$2,700'}]",Irvine,"Irvine, CA 92612",12 Month Lease,https://www.apartments.com/2105-watermarke-pl-irvine-ca-unit-2105/sp9vb87/,"1,122","1,122 Sq Ft",CA,,Condos,92612
,"$3,800",,,,Available Now,2 BAs,"[{'bedroom_type': '2 Beds', 'price': '$3,800'}]",Los Angeles,"Los Angeles, CA 90025",12 Month Lease,https://www.apartments.com/1633-s-bentley-ave-los-angeles-ca-unit-202/b8rll7c/,"1,060","1,060 Sq Ft",CA,,Condos,90025
,"$1,900",,,,Available Now,2 BAs,"[{'bedroom_type': '2 Beds', 'price': '$1,900'}]",Laguna Woods,"Laguna Woods, CA 92637",12 Month Lease,https://www.apartments.com/828-via-alhambra-laguna-woods-ca-unit-n/fvx47xt/,"1,109","1,109 Sq Ft",CA,,Condos,92637
"$1,680",,,,,May 1,1 BA,"[{'bedroom_type': '1 Bed', 'price': '$1,680'}]",Montebello,"Montebello, CA 90640",12 Month Lease,https://www.apartments.com/1610-neil-armstrong-st-montebello-ca-unit-313/54k2r5p/,670,670 Sq Ft,CA,,Condos,90640
,,,"$2,350",,Available Now,3 BAs,"[{'bedroom_type': '4 Beds', 'price': '$2,350'}]",Ontario,"Ontario, CA 91764",12 Month Lease,https://www.apartments.com/1741-e-flora-st-ontario-ca-unit-0/7c8wlzx/,"2,118","2,118 Sq Ft",CA,,Condos,91764
,"$3,900",,,,Available Now,2 BAs,"[{'bedroom_type': '2 Beds', 'price': '$3,900'}]",San Francisco,"San Francisco, CA 94109",12 Month Lease,https://www.apartments.com/900-bush-st-san-francisco-ca-unit-615/xtdzqcq/,800,800 Sq Ft,CA,,Condos,94109
,,,"$2,700",,Available Now,2½ BAs,"[{'bedroom_type': '4 Beds', 'price': '$2,700'}]",Anaheim,"Anaheim, CA 92801",12 Month Lease,https://www.apartments.com/1974-glenoaks-ave-anaheim-ca-unit-g/xckc6km/,"1,800","1,800 Sq Ft",CA,,Condos,92801
"$1,580",,,,,Available Now,1 BA,"[{'bedroom_type': '1 Bed', 'price': '$1,580'}]",Glendale,"515 E Maple St, Glendale, CA 91205",12 Month Lease,https://www.apartments.com/515-e-maple-st-glendale-ca-unit-2/djx3vtj/,620,620 Sq Ft,CA,,Condos,91205
,,"$2,999",,,Apr 15,2 BAs,"[{'bedroom_type': '3 Beds', 'price': '$2,999'}]",Long Beach,"3707 E Livingston Dr, Long Beach, CA 90803",12 Month Lease,https://www.apartments.com/3707-e-livingston-dr-long-beach-ca-unit-401/1s0nwx5/,"1,270","1,270 Sq Ft",CA,,Condos,90803
,"$5,400",,,,Apr 15,2½ BAs,"[{'bedroom_type': '2 Beds', 'price': '$5,400'}]",Santa Monica,"Santa Monica, CA 90403",12 Month Lease,https://www.apartments.com/1027-10th-st-santa-monica-ca-unit-5/q4vq1ny/,"1,500","1,500 Sq Ft",CA,,Condos,90403
,"$3,150",,,,Available Now,2½ BAs,"[{'bedroom_type': '2 Beds', 'price': '$3,150'}]",Torrance,"Torrance, CA 90505",24 Month Lease,https://www.apartments.com/3759-w-244th-st-torrance-ca-unit-3759/bwn8bj8/,"1,320","1,320 Sq Ft",CA,,Condos,90505
"$2,775",,,,,Available Now,1 BA,"[{'bedroom_type': '1 Bed', 'price': '$2,775'}]",Los Angeles,"1440 Veteran Ave, Los Angeles, CA 90024",12 Month Lease,https://www.apartments.com/1440-veteran-ave-los-angeles-ca-unit-265/fstp81r/,693,693 Sq Ft,CA,,Condos,90024
,,"$3,000",,,Available Now,2½ BAs,"[{'bedroom_type': '3 Beds', 'price': '$3,000'}]",Los Angeles,"21555 Burbank Blvd, Los Angeles, CA 91367",12 Month Lease,https://www.apartments.com/21555-burbank-blvd-los-angeles-ca-unit-46/c7s6swg/,"1,390","1,390 Sq Ft",CA,,Condos,91367
,"$2,500",,,,Available Now,2 BAs,"[{'bedroom_type': '2 Beds', 'price': '$2,500'}]",Glendale,"Glendale, CA 91205",6 Month Lease,https://www.apartments.com/1517-e-garfield-ave-glendale-ca-unit-53/5zdx0rn/,"1,080","1,080 Sq Ft",CA,,Condos,91205
"$2,550",,,,,Apr 7,1 BA,"[{'bedroom_type': '1 Bed', 'price': '$2,550'}]",San Diego,"San Diego, CA 92109",1 Month Lease,https://www.apartments.com/1801-diamond-st-san-diego-ca-unit-3-124/d102evh/,653,653 Sq Ft,CA,,Condos,92109
,"$2,100",,,,Available Now,2 BAs,"[{'bedroom_type': '2 Beds', 'price': '$2,100'}]",San Diego,"San Diego, CA 92108",12 Month Lease,https://www.apartments.com/6151-rancho-mission-rd-san-diego-ca-unit-208/92dt1c7/,878,878 Sq Ft,CA,,Condos,92108
,"$3,950",,,,Available Now,2 BAs,"[{'bedroom_type': '2 Beds', 'price': '$3,950'}]",Malibu,"Malibu, CA 90265",12 Month Lease,https://www.apartments.com/11956-oceanaire-ln-malibu-ca-unit-11956/tpmsplb/,986,986 Sq Ft,CA,,Condos,90265
,"$1,700",,,,Available Now,1½ BAs,"[{'bedroom_type': '2 Beds', 'price': '$1,700'}]",Sacramento,"Sacramento, CA 95831",12 Month Lease,https://www.apartments.com/6241-riverside-blvd-sacramento-ca-unit-118/6nb6ktt/,925,925 Sq Ft,CA,,Condos,95831
,,"$2,500",,,Available Now,2 BAs,"[{'bedroom_type': '3 Beds', 'price': '$2,500'}]",Los Angeles,"7804 Laurel Canyon Blvd, Los Angeles, CA 91605",12 Month Lease,https://www.apartments.com/7804-laurel-canyon-blvd-los-angeles-ca-unit-1/1ggyls5/,"1,200","1,200 Sq Ft",CA,,Condos,91605
,"$2,900",,,,Available Now,2 BAs,"[{'bedroom_type': '2 Beds', 'price': '$2,900'}]",Fremont,"Fremont, CA 94536",12 Month Lease,https://www.apartments.com/38740-tyson-ln-fremont-ca-unit-111/e41melm/,"1,178","1,178 Sq Ft",CA,,Condos,94536
,"$1,950",,,,Apr 10,1½ BAs,"[{'bedroom_type': '2 Beds', 'price': '$1,950'}]",Long Beach,"Long Beach, CA 90802",12 Month Lease,https://www.apartments.com/645-chestnut-ave-long-beach-ca-unit-212/404shxh/,870,870 Sq Ft,CA,,Condos,90802
,"$2,200",,,,Available Now,1 BA,"[{'bedroom_type': '2 Beds', 'price': '$2,200'}]",San Diego,"San Diego, CA 92122",12 Month Lease,https://www.apartments.com/7849-camino-huerta-san-diego-ca-unit-na/dwct66h/,864,864 Sq Ft,CA,,Condos,92122
,"$2,080",,,,May 5,2 BAs,"[{'bedroom_type': '2 Beds', 'price': '$2,080'}]",Pasadena,"Pasadena, CA 91106",12 Month Lease,https://www.apartments.com/64-mar-vista-ave-pasadena-ca-unit-229/lmwl47g/,900,900 Sq Ft,CA,,Condos,91106
,,"$3,250",,,Apr 4,3 BAs,"[{'bedroom_type': '3 Beds', 'price': '$3,250'}]",Inglewood,"820 N Acacia St, Inglewood, CA 90302",12 Month Lease,https://www.apartments.com/820-n-acacia-st-inglewood-ca-unit-126/z9bz67y/,"1,273","1,273 Sq Ft",CA,,Condos,90302
"$1,850",,,,,May 1,1 BA,"[{'bedroom_type': '1 Bed', 'price': '$1,850'}]",Palos Verdes Peninsula,"3604 W Estates Ln, Palos Verdes Peninsula, CA 90274",12 Month Lease,https://www.apartments.com/3604-w-estates-ln-palos-verdes-peninsula-ca-unit-105/sjeswh5/,659,659 Sq Ft,CA,,Condos,90274
"$2,900",,,,,Available Now,1½ BAs,"[{'bedroom_type': '1 Bed', 'price': '$2,900'}]",San Diego,"San Diego, CA 92101",12 Month Lease,https://www.apartments.com/1608-india-st-san-diego-ca-unit-204/6ep0ryv/,"1,005","1,005 Sq Ft",CA,,Condos,92101
"$2,650",,,,,Available Now,1 BA,"[{'bedroom_type': '1 Bed', 'price': '$2,650'}]",Culver City,"Culver City, CA 90230",12 Month Lease,https://www.apartments.com/6174-buckingham-pkwy-culver-city-ca-unit-105/kwe755b/,837,837 Sq Ft,CA,,Condos,90230
,"$2,600",,,,Available Now,2 BAs,"[{'bedroom_type': '2 Beds', 'price': '$2,600'}]",Inglewood,"Inglewood, CA 90305",12 Month Lease,https://www.apartments.com/3859-thorncroft-ln-inglewood-ca-unit-l/hxwzfy2/,"1,045","1,045 Sq Ft",CA,,Condos,90305
"$2,695",,,,,Available Now,1 BA,"[{'bedroom_type': '1 Bed', 'price': '$2,695'}]",Santa Monica,"924 5th St, Santa Monica, CA 90403",12 Month Lease,https://www.apartments.com/924-5th-st-santa-monica-ca-unit-7/rjnjkg0/,600,600 Sq Ft,CA,,Condos,90403
,"$5,995",,,,Available Now,2 BAs,"[{'bedroom_type': '2 Beds', 'price': '$5,995'}]",Los Angeles,"10445 Wilshire Blvd, Los Angeles, CA 90024",12 Month Lease,https://www.apartments.com/10445-wilshire-blvd-los-angeles-ca-unit-304/h564f30/,"2,000","2,000 Sq Ft",CA,,Condos,90024
,"$3,400",,,,Jul 1,1½ BAs,"[{'bedroom_type': '2 Beds', 'price': '$3,400'}]",Santa Monica,"Santa Monica, CA 90404",12 Month Lease,https://www.apartments.com/1437-stanford-st-santa-monica-ca-unit-e/gp8wc2y/,"1,100","1,100 Sq Ft",CA,,Condos,90404
,"$6,900",,,,Available Now,2½ BAs,"[{'bedroom_type': '2 Beds', 'price': '$6,900'}]",Los Angeles,"Los Angeles, CA 90049",12 Month Lease,https://www.apartments.com/441-s-barrington-ave-los-angeles-ca-unit-202/smr8b24/,"1,611","1,611 Sq Ft",CA,,Condos,90049
,"$5,000",,,,Apr 10,2 BAs,"[{'bedroom_type': '2 Beds', 'price': '$5,000'}]",Laguna Beach,"31423 Coast Hwy, Laguna Beach, CA 92651",12 Month Lease,https://www.apartments.com/31423-coast-hwy-laguna-beach-ca-unit-54/vsbj55f/,"1,150","1,150 Sq Ft",CA,,Condos,92651
,"$2,200",,,,Available Now,2½ BAs,"[{'bedroom_type': '2 Beds', 'price': '$2,200'}]",La Mesa,"La Mesa, CA 91942",12 Month Lease,https://www.apartments.com/5707-baltimore-dr-la-mesa-ca-unit-33/lvbl85g/,"1,105","1,105 Sq Ft",CA,,Condos,91942
,"$2,999",,,,Available Now,2 BAs,"[{'bedroom_type': '2 Beds', 'price': '$2,999'}]",Los Angeles,"7320 Hawthorn Ave, Los Angeles, CA 90046",12 Month Lease,https://www.apartments.com/7320-hawthorn-ave-los-angeles-ca-unit-213/e923e4p/,"1,060","1,060 Sq Ft",CA,,Condos,90046
,"$2,595",,,,Available Now,2 BAs,"[{'bedroom_type': '2 Beds', 'price': '$2,595'}]",Los Angeles,"5440 Lindley Ave, Los Angeles, CA 91316",12 Month Lease,https://www.apartments.com/5440-lindley-ave-los-angeles-ca-unit-203/0etced2/,"1,582","1,582 Sq Ft",CA,,Condos,91316
"$3,200",,,,,Jul 10,1 BA,"[{'bedroom_type': '1 Bed', 'price': '$3,200'}]",Los Angeles,"Los Angeles, CA 90066",,https://www.apartments.com/5000-s-centinela-ave-los-angeles-ca-unit-334/z4tfvgy/,940,940 Sq Ft,CA,,Condos,90066
,"$2,250",,,,Available Now,2 BAs,"[{'bedroom_type': '2 Beds', 'price': '$2,250'}]",Los Angeles,"5500 Owensmouth Ave, Los Angeles, CA 91367",12 Month Lease,https://www.apartments.com/5500-owensmouth-ave-los-angeles-ca-unit-125/ytdpn1v/,900,900 Sq Ft,CA,,Condos,91367
,"$2,799",,,,Available Now,2 BAs,"[{'bedroom_type': '2 Beds', 'price': '$2,799'}]",Pasadena,"Pasadena, CA 91101",12 Month Lease,https://www.apartments.com/230-s-madison-ave-pasadena-ca-unit-305/xe2rnjq/,"1,181","1,181 Sq Ft",CA,,Condos,91101
,"$4,350",,,,May 1,2 BAs,"[{'bedroom_type': '2 Beds', 'price': '$4,350'}]",Marina Del Rey,"4350 Via Dolce, Marina Del Rey, CA 90292",12 Month Lease,https://www.apartments.com/4350-via-dolce-marina-del-rey-ca-unit-1-fl/cp701sg/,"1,532","1,532 Sq Ft",CA,,Condos,90292
,"$2,700",,,,Available Now,2 BAs,"[{'bedroom_type': '2 Beds', 'price': '$2,700'}]",Alhambra,"Alhambra, CA 91801",12 Month Lease,https://www.apartments.com/1008-n-monterey-st-alhambra-ca-unit-207/6z4hkft/,"1,060","1,060 Sq Ft",CA,,Condos,91801
,"$2,200",,,,Available Now,2 BAs,"[{'bedroom_type': '2 Beds', 'price': '$2,200'}]",Los Angeles,"1691 261st St, Los Angeles, CA 90710",12 Month Lease,https://www.apartments.com/1691-261st-st-los-angeles-ca-unit-4/qelxc5x/,"1,175","1,175 Sq Ft",CA,,Condos,90710
