1 Bed,2 Beds,3 Beds,4 Beds,4+ Beds,Availability_check,Bath_Info,Bedroom_Info,City_Rent,Full_Address,Lease_length,Rent_link,Square_Feet,Square_Feet_Data,State_Rent,Type,Zip_code
,"$4,000",,,,Apr 6,1 BA,"[{'bedroom_type': '2 Beds', 'price': '$4,000'}]",Santa Monica,"1034 Bay St, Santa Monica, CA 90405",1 Month Lease,https://www.apartments.com/1034-bay-st-santa-monica-ca/46m4ppk/,900,900 Sq Ft,CA,Houses,90405
"$2,200",,,,,Available Now,1 BA,"[{'bedroom_type': '1 Bed', 'price': '$2,200'}]",Burbank,"Burbank, CA 91501",12 Month Lease,https://www.apartments.com/521-e-fairmount-rd-burbank-ca/p31bqys/,500,500 Sq Ft,CA,Houses,91501
"$2,650",,,,,Available Now,1 BA,"[{'bedroom_type': '1 Bed', 'price': '$2,650'}]",Los Angeles,"Los Angeles, CA 90046",1 Month Lease,https://www.apartments.com/8260-gould-ave-los-angeles-ca/8jc4y40/,675,675 Sq Ft,CA,Houses,90046
,,"$3,100",,,Available Now,2 BAs,"[{'bedroom_type': '3 Beds', 'price': '$3,100'}]",Buena Park,"Buena Park, CA 90621",12 Month Lease,https://www.apartments.com/6443-verdi-dr-buena-park-ca/w53nnzh/,"1,353","1,353 Sq Ft",CA,Houses,90621
,"$2,150",,,,Apr 12,2 BAs,"[{'bedroom_type': '2 Beds', 'price': '$2,150'}]",Roseville,"Roseville, CA 95661",,https://www.apartments.com/1623-woodhill-dr-roseville-ca/gdxx9jx/,"1,299","1,299 Sq Ft",CA,Houses,95661
,,"$25,000",,,May 4,4 BAs,"[{'bedroom_type': '3 Beds', 'price': '$25,000'}]",Los Angeles,"Los Angeles, CA 90069",1 Month Lease,https://www.apartments.com/1271-st-ives-pl-los-angeles-ca/lvhf7md/,"4,401","4,401 Sq Ft",CA,Houses,90069
,,"$2,750",,,Apr 30,1 BA,"[{'bedroom_type': '3 Beds', 'price': '$2,750'}]",Los Angeles,"7330 Rhea Ave, Los Angeles, CA 91335",12 Month Lease,https://www.apartments.com/7330-rhea-ave-los-angeles-ca/sp1ts37/,"1,100","1,100 Sq Ft",CA,Houses,91335
,"$5,850",,,,May 1,1½ BAs,"[{'bedroom_type': '2 Beds', 'price': '$5,850'}]",Los Angeles,"2415 Meadow Valley Ter, Los Angeles, CA 90039",12 Month Lease,https://www.apartments.com/2415-meadow-valley-ter-los-angeles-ca/l2xwq8e/,"1,456","1,456 Sq Ft",CA,Houses,90039
,,"$4,950",,,Available Now,2 BAs,"[{'bedroom_type': '3 Beds', 'price': '$4,950'}]",Los Angeles,"2241 N Beachwood Dr, Los Angeles, CA 90068",,https://www.apartments.com/2241-n-beachwood-dr-los-angeles-ca/tnzmmbb/,"2,007","2,007 Sq Ft",CA,Houses,90068
,,,,"$19,995",Available Now,6½ BAs,"[{'bedroom_type': '4+ Beds', 'price': '$19,995'}]",Santa Monica,"1126 Yale St, Santa Monica, CA 90403",,https://www.apartments.com/1126-yale-st-santa-monica-ca/vv3l8ef/,"4,700","4,700 Sq Ft",CA,Houses,90403
"$2,595",,,,,Available Now,1 BA,"[{'bedroom_type': '1 Bed', 'price': '$2,595'}]",Santa Monica,"1543 11th St, Santa Monica, CA 90401",,https://www.apartments.com/1543-11th-st-santa-monica-ca/4rrv28h/,695,695 Sq Ft,CA,Houses,90401
,,,"$3,100",,Available Now,2 BAs,"[{'bedroom_type': '4 Beds', 'price': '$3,100'}]",Pasadena,"3832 Mountain View Ave, Pasadena, CA 91107",12 Month Lease,https://www.apartments.com/3832-mountain-view-ave-pasadena-ca/gdtcy9w/,"1,500","1,500 Sq Ft",CA,Houses,91107
,,"$1,050",,,Available Now,2 BAs,"[{'bedroom_type': '3 Beds', 'price': '$1,050'}]",Bakersfield,"Bakersfield, CA 93304",12 Month Lease,https://www.apartments.com/2920-dore-dr-bakersfield-ca/3dlqs6g/,"1,400","1,400 Sq Ft",CA,Houses,93304
"$1,800",,,,,Available Now,1 BA,"[{'bedroom_type': '1 Bed', 'price': '$1,800'}]",Pasadena,"750 E Orange Grove Blvd, Pasadena, CA 91104",12 Month Lease,https://www.apartments.com/750-e-orange-grove-blvd-pasadena-ca/qkn8l0z/,1,1 Sq Ft,CA,Houses,91104
,,,"$4,200",,Available Now,2 BAs,"[{'bedroom_type': '4 Beds', 'price': '$4,200'}]",Los Angeles,"24246 Hatteras St, Los Angeles, CA 91367",12 Month Lease,https://www.apartments.com/24246-hatteras-st-los-angeles-ca/6kqdxxt/,"2,016","2,016 Sq Ft",CA,Houses,91367
,,"$3,500",,,Available Now,2 BAs,"[{'bedroom_type': '3 Beds', 'price': '$3,500'}]",Los Angeles,"Los Angeles, CA 91405",12 Month Lease,https://www.apartments.com/6929-burnet-ave-los-angeles-ca/s4mzmz4/,"1,772","1,772 Sq Ft",CA,Houses,91405
,,"$4,300",,,Available Now,2½ BAs,"[{'bedroom_type': '3 Beds', 'price': '$4,300'}]",Los Angeles,"2210 Polyscope Pl, Los Angeles, CA 90026",12 Month Lease,https://www.apartments.com/2210-polyscope-pl-los-angeles-ca/yn0z25s/,"1,407","1,407 Sq Ft",CA,Houses,90026
,,"$3,995",,,Available Now,2½ BAs,"[{'bedroom_type': '3 Beds', 'price': '$3,995'}]",Santa Monica,"Santa Monica, CA 90404",1 Month Lease,https://www.apartments.com/3027-urban-ave-santa-monica-ca/8cpxzc2/,"2,100","2,100 Sq Ft",CA,Houses,90404
,"$2,200",,,,Available Now,2 BAs,"[{'bedroom_type': '2 Beds', 'price': '$2,200'}]",Los Angeles,"10444 Oneida Ave, Los Angeles, CA 91331",12 Month Lease,https://www.apartments.com/10444-oneida-ave-los-angeles-ca/yxh731t/,820,820 Sq Ft,CA,Houses,91331
"$1,800",,,,,Available Now,1 BA,"[{'bedroom_type': '1 Bed', 'price': '$1,800'}]",Los Angeles,"Los Angeles, CA 91040",12 Month Lease,https://www.apartments.com/8247-owens-st-los-angeles-ca/z3t8dmz/,650,650 Sq Ft,CA,Houses,91040
,,,"$5,795",,Available Now,3 BAs,"[{'bedroom_type': '4 Beds', 'price': '$5,795'}]",Los Angeles,"5152 Balboa Blvd, Los Angeles, CA 91316",12 Month Lease,https://www.apartments.com/5152-balboa-blvd-los-angeles-ca/j5vchx4/,"2,500","2,500 Sq Ft",CA,Houses,91316
,"$2,650",,,,May 1,1 BA,"[{'bedroom_type': '2 Beds', 'price': '$2,650'}]",Los Angeles,"3730 Cazador St, Los Angeles, CA 90065",12 Month Lease,https://www.apartments.com/3730-cazador-st-los-angeles-ca/wt9qtfk/,950,950 Sq Ft,CA,Houses,90065
,,"$2,850",,,Available Now,2 BAs,"[{'bedroom_type': '3 Beds', 'price': '$2,850'}]",Los Angeles,"Los Angeles, CA 90012",12 Month Lease,https://www.apartments.com/723-bernard-st-los-angeles-ca/vy5w0je/,"1,100","1,100 Sq Ft",CA,Houses,90012
,"$2,750",,,,Available Now,1 BA,"[{'bedroom_type': '2 Beds', 'price': '$2,750'}]",Los Angeles,"23017 Victory Blvd, Los Angeles, CA 91307",12 Month Lease,https://www.apartments.com/23017-victory-blvd-los-angeles-ca/jdv05p5/,"1,000","1,000 Sq Ft",CA,Houses,91307
,,"$3,795",,,Available Now,1½ BAs,"[{'bedroom_type': '3 Beds', 'price': '$3,795'}]",Pasadena,"1740 Bellford Ave, Pasadena, CA 91104",12 Month Lease,https://www.apartments.com/1740-bellford-ave-pasadena-ca/pksp4vs/,"1,230","1,230 Sq Ft",CA,Houses,91104
"$3,145",,,,,Available Now,1 BA,"[{'bedroom_type': '1 Bed', 'price': '$3,145'}]",Mountain View,"Mountain View, CA 94040",12 Month Lease,https://www.apartments.com/135-carmelita-dr-mountain-view-ca/fsvbj3r/,875,875 Sq Ft,CA,Houses,94040
,"$3,850",,,,Apr 13,1 BA,"[{'bedroom_type': '2 Beds', 'price': '$3,850'}]",Campbell,"Campbell, CA 95008",12 Month Lease,https://www.apartments.com/255-everett-ave-campbell-ca/53cvjpq/,800,800 Sq Ft,CA,Houses,95008
,,"$2,850",,,Available Now,2 BAs,"[{'bedroom_type': '3 Beds', 'price': '$2,850'}]",Los Angeles,"Los Angeles, CA 91606",12 Month Lease,https://www.apartments.com/6454-troost-ave-los-angeles-ca/c1q2w9e/,"1,100","1,100 Sq Ft",CA,Houses,91606
,,,"$16,950",,Available Now,4½ BAs,"[{'bedroom_type': '4 Beds', 'price': '$16,950'}]",Los Angeles,"1416 Comstock Ave, Los Angeles, CA 90024",12 Month Lease,https://www.apartments.com/1416-comstock-ave-los-angeles-ca/fj9efpt/,1,1 Sq Ft,CA,Houses,90024
"$2,695",,,,,Available Now,1 BA,"[{'bedroom_type': '1 Bed', 'price': '$2,695'}]",Los Angeles,"133 E Ave 42, Los Angeles, CA 90031",12 Month Lease,https://www.apartments.com/133-e-ave-42-los-angeles-ca/80fvpg0/,600,600 Sq Ft,CA,Houses,90031
,"$1,995",,,,Available Now,1 BA,"[{'bedroom_type': '2 Beds', 'price': '$1,995'}]",Lawndale,"Lawndale, CA 90260",6 Month Lease,https://www.apartments.com/4212-154th-st-lawndale-ca/pvsvgzr/,865,865 Sq Ft,CA,Houses,90260
,"$5,995",,,,Available Now,1½ BAs,"[{'bedroom_type': '2 Beds', 'price': '$5,995'}]",Los Angeles,"Los Angeles, CA 90046",1 Month Lease,https://www.apartments.com/8255-kirkwood-dr-los-angeles-ca/mt9j4fj/,"1,495","1,495 Sq Ft",CA,Houses,90046
,"$3,950",,,,Apr 22,2½ BAs,"[{'bedroom_type': '2 Beds', 'price': '$3,950'}]",Los Angeles,"Los Angeles, CA 90291",1 Month Lease,https://www.apartments.com/1722-penmar-ave-los-angeles-ca/0eg41s0/,"1,200","1,200 Sq Ft",CA,Houses,90291
,"$2,395",,,,Jun 3,1 BA,"[{'bedroom_type': '2 Beds', 'price': '$2,395'}]",Monrovia,"Monrovia, CA 91016",,https://www.apartments.com/633-w-maple-ave-monrovia-ca/pkhqppt/,950,950 Sq Ft,CA,Houses,91016
,,"$3,150",,,Available Now,2 BAs,"[{'bedroom_type': '3 Beds', 'price': '$3,150'}]",Concord,"Concord, CA 94521",12 Month Lease,https://www.apartments.com/4375-dorset-ct-concord-ca/nwhvwqn/,"1,600","1,600 Sq Ft",CA,Houses,94521
,,,,"$5,500",Available Now,4 BAs,"[{'bedroom_type': '4+ Beds', 'price': '$5,500'}]",Los Angeles,"1751 N Normandie Ave, Los Angeles, CA 90027",12 Month Lease,https://www.apartments.com/1751-n-normandie-ave-los-angeles-ca/sk4ygs5/,"3,300","3,300 Sq Ft",CA,Houses,90027
,,,"$4,500",,Available Now,2 BAs,"[{'bedroom_type': '4 Beds', 'price': '$4,500'}]",Long Beach,"Long Beach, CA 90814",12 Month Lease,https://www.apartments.com/3646-e-vermont-st-long-beach-ca/flf3vpv/,"2,000","2,000 Sq Ft",CA,Houses,90814
,"$4,000",,,,Apr 6,1 BA,"[{'bedroom_type': '2 Beds', 'price': '$4,000'}]",Santa Monica,"1034 Bay St, Santa Monica, CA 90405",1 Month Lease,https://www.apartments.com/1034-bay-st-santa-monica-ca/46m4ppk/,900,900 Sq Ft,CA,Houses,90405
,"$4,300",,,,Available Now,1 BA,"[{'bedroom_type': '2 Beds', 'price': '$4,300'}]",San Francisco,"San Francisco, CA 94107",,https://www.apartments.com/2337-25th-st-san-francisco-ca/mlytbch/,900,900 Sq Ft,CA,Houses,94107
"$1,100",,,,,May 15,1 BA,"[{'bedroom_type': '1 Bed', 'price': '$1,100'}]",Twentynine Palms,"Twentynine Palms, CA 92277",,https://www.apartments.com/74768-sunset-dr-twentynine-palms-ca/kbyp1k8/,950,950 Sq Ft,CA,Houses,92277
,,"$3,500",,,Available Now,3 BAs,"[{'bedroom_type': '3 Beds', 'price': '$3,500'}]",Los Gatos,"Los Gatos, CA 95032",12 Month Lease,https://www.apartments.com/652-vasona-ave-los-gatos-ca/k4rgyy9/,"1,200","1,200 Sq Ft",CA,Houses,95032
,,"$3,000",,,Available Now,2½ BAs,"[{'bedroom_type': '3 Beds', 'price': '$3,000'}]",Lomita,"Lomita, CA 90717",,https://www.apartments.com/25904-hillworth-ave-lomita-ca/cv97s1g/,"1,388","1,388 Sq Ft",CA,Houses,90717
,"$2,595",,,,Available Now,2 BAs,"[{'bedroom_type': '2 Beds', 'price': '$2,595'}]",Lomita,"24209 Pennsylvania Ave, Lomita, CA 90717",12 Month Lease,https://www.apartments.com/24209-pennsylvania-ave-lomita-ca/7sr7t5z/,812,812 Sq Ft,CA,Houses,90717
,"$3,400",,,,Available Now,1 BA,"[{'bedroom_type': '2 Beds', 'price': '$3,400'}]",Burbank,"317 N Frederic St, Burbank, CA 91505",12 Month Lease,https://www.apartments.com/317-n-frederic-st-burbank-ca/h9dstd2/,975,975 Sq Ft,CA,Houses,91505
,,"$3,800",,,Available Now,1 BA,"[{'bedroom_type': '3 Beds', 'price': '$3,800'}]",Culver City,"12054 Marshall St, Culver City, CA 90230",12 Month Lease,https://www.apartments.com/12054-marshall-st-culver-city-ca/g922tgw/,"1,321","1,321 Sq Ft",CA,Houses,90230
"$2,750",,,,,Available Now,1 BA,"[{'bedroom_type': '1 Bed', 'price': '$2,750'}]",Culver City,"Culver City, CA 90232",2 Month Lease,https://www.apartments.com/10930-aletta-ave-culver-city-ca/zzytjyy/,615,615 Sq Ft,CA,Houses,90232
,"$1,500",,,,Available Now,1 BA,"[{'bedroom_type': '2 Beds', 'price': '$1,500'}]",Los Angeles,"7258 1/2 Fountain Ave, Los Angeles, CA 90046",6 Month Lease,https://www.apartments.com/7258-1-2-fountain-ave-los-angeles-ca/e38d71n/,980,980 Sq Ft,CA,Houses,90046
,,,"$9,995",,Available Now,2½ BAs,"[{'bedroom_type': '4 Beds', 'price': '$9,995'}]",Santa Monica,"727 15th St, Santa Monica, CA 90402",,https://www.apartments.com/727-15th-st-santa-monica-ca/wc2ry9h/,"2,883","2,883 Sq Ft",CA,Houses,90402
,,,"$9,750",,Available Now,3½ BAs,"[{'bedroom_type': '4 Beds', 'price': '$9,750'}]",Los Angeles,"14649 Addison St, Los Angeles, CA 91403",12 Month Lease,https://www.apartments.com/14649-addison-st-los-angeles-ca/3sz6v1g/,"3,270","3,270 Sq Ft",CA,Houses,91403
,"$4,000",,,,Available Now,1 BA,"[{'bedroom_type': '2 Beds', 'price': '$4,000'}]",Santa Monica,"1915 Arizona Ave, Santa Monica, CA 90404",12 Month Lease,https://www.apartments.com/1915-arizona-ave-santa-monica-ca/ygwxtxr/,"1,000","1,000 Sq Ft",CA,Houses,90404
,"$7,500",,,,Available Now,2 BAs,"[{'bedroom_type': '2 Beds', 'price': '$7,500'}]",Los Angeles,"6860 Camrose Dr, Los Angeles, CA 90068",1 Month Lease,https://www.apartments.com/6860-camrose-dr-los-angeles-ca/qmgltwy/,"1,250","1,250 Sq Ft",CA,Houses,90068
"$4,995",,,,,Available Now,1 BA,"[{'bedroom_type': '1 Bed', 'price': '$4,995'}]",Los Angeles,"7287 Pacific View Dr, Los Angeles, CA 90068",1 Month Lease,https://www.apartments.com/7287-pacific-view-dr-los-angeles-ca/q7gd0yw/,900,900 Sq Ft,CA,Houses,90068
,,"$3,500",,,Available Now,2 BAs,"[{'bedroom_type': '3 Beds', 'price': '$3,500'}]",Los Angeles,"Los Angeles, CA 91401",,https://www.apartments.com/13734-sylvan-st-los-angeles-ca/dv5vwyk/,"1,400","1,400 Sq Ft",CA,Houses,91401
,,"$4,250",,,Available Now,3 BAs,"[{'bedroom_type': '3 Beds', 'price': '$4,250'}]",Los Angeles,"17544 Lorne St, Los Angeles, CA 91325",12 Month Lease,https://www.apartments.com/17544-lorne-st-los-angeles-ca/nxxxgqn/,"1,650","1,650 Sq Ft",CA,Houses,91325
,"$3,000",,,,Available Now,2 BAs,"[{'bedroom_type': '2 Beds', 'price': '$3,000'}]",Pasadena,"Pasadena, CA 91104",,https://www.apartments.com/1233-allen-ave-pasadena-ca/q296g5x/,"1,050","1,050 Sq Ft",CA,Houses,91104
"$2,995",,,,,Apr 15,1 BA,"[{'bedroom_type': '1 Bed', 'price': '$2,995'}]",Los Angeles,"647 Santa Clara Ave, Los Angeles, CA 90291",12 Month Lease,https://www.apartments.com/647-santa-clara-ave-los-angeles-ca/gpfc82y/,450,450 Sq Ft,CA,Houses,90291
,,"$4,600",,,Available Now,2 BAs,"[{'bedroom_type': '3 Beds', 'price': '$4,600'}]",Manhattan Beach,"3316 Vista Dr, Manhattan Beach, CA 90266",12 Month Lease,https://www.apartments.com/3316-vista-dr-manhattan-beach-ca/1r6t8p5/,"1,900","1,900 Sq Ft",CA,Houses,90266
,,"$15,500",,,Available Now,2 BAs,"[{'bedroom_type': '3 Beds', 'price': '$15,500'}]",Los Angeles,"Los Angeles, CA 90068",,https://www.apartments.com/3380-deronda-dr-los-angeles-ca/9zgyhq7/,"3,500","3,500 Sq Ft",CA,Houses,90068
,,"$3,950",,,Available Now,2½ BAs,"[{'bedroom_type': '3 Beds', 'price': '$3,950'}]",Soquel,"Soquel, CA 95073",12 Month Lease,https://www.apartments.com/4466-w-walnut-st-soquel-ca/0etp862/,"1,500","1,500 Sq Ft",CA,Houses,95073
,,"$3,800",,,Apr 15,2 BAs,"[{'bedroom_type': '3 Beds', 'price': '$3,800'}]",Los Angeles,"1417 Nolden St, Los Angeles, CA 90042",6 Month Lease,https://www.apartments.com/1417-nolden-st-los-angeles-ca/0ws32q3/,"2,200","2,200 Sq Ft",CA,Houses,90042
,"$2,400",,,,Available Now,2 BAs,"[{'bedroom_type': '2 Beds', 'price': '$2,400'}]",Torrance,"1233 Arlington Ave, Torrance, CA 90501",12 Month Lease,https://www.apartments.com/1233-arlington-ave-torrance-ca/z268mty/,"1,100","1,100 Sq Ft",CA,Houses,90501
,,"$3,349",,,Available Now,2½ BAs,"[{'bedroom_type': '3 Beds', 'price': '$3,349'}]",San Jose,"San Jose, CA 95148",12 Month Lease,https://www.apartments.com/2279-lusardi-dr-san-jose-ca/h191y73/,"1,431","1,431 Sq Ft",CA,Houses,95148
,"$2,800",,,,Apr 17,1 BA,"[{'bedroom_type': '2 Beds', 'price': '$2,800'}]",Los Angeles,"10741 Westminster Ave, Los Angeles, CA 90034",12 Month Lease,https://www.apartments.com/10741-westminster-ave-los-angeles-ca/3h5pxde/,900,900 Sq Ft,CA,Houses,90034
,,"$3,750",,,May 1,1 BA,"[{'bedroom_type': '3 Beds', 'price': '$3,750'}]",Los Angeles,"Los Angeles, CA 91403",12 Month Lease,https://www.apartments.com/15233-valleyheart-dr-los-angeles-ca/7e90vlw/,"1,000","1,000 Sq Ft",CA,Houses,91403
,,,,"$4,200",Available Now,2 BAs,"[{'bedroom_type': '4+ Beds', 'price': '$4,200'}]",Cupertino,"Cupertino, CA 95014",12 Month Lease,https://www.apartments.com/10641-n-stelling-rd-cupertino-ca/0w8dxr2/,"1,502","1,502 Sq Ft",CA,Houses,95014
,,"$3,000",,,Available Now,2 BAs,"[{'bedroom_type': '3 Beds', 'price': '$3,000'}]",Los Angeles,"Los Angeles, CA 91303",12 Month Lease,https://www.apartments.com/6659-glade-ave-los-angeles-ca/km4vgm9/,"1,350","1,350 Sq Ft",CA,Houses,91303
"$2,975",,,,,Available Now,1 BA,"[{'bedroom_type': '1 Bed', 'price': '$2,975'}]",Hillsborough,"Hillsborough, CA 94010",12 Month Lease,https://www.apartments.com/235-el-cerrito-ave-hillsborough-ca/02ng832/,700,700 Sq Ft,CA,Houses,94010
,"$2,300",,,,Available Now,2 BAs,"[{'bedroom_type': '2 Beds', 'price': '$2,300'}]",Monrovia,"Monrovia, CA 91016",12 Month Lease,https://www.apartments.com/909-valley-view-ave-monrovia-ca/grrz25y/,910,910 Sq Ft,CA,Houses,91016
$825,,,,,Available Now,1 BA,"[{'bedroom_type': '1 Bed', 'price': '$825'}]",Los Angeles,"Los Angeles, CA 90041",,https://www.apartments.com/4341-mont-eagle-pl-los-angeles-ca/4s8kpmk/,169,169 Sq Ft,CA,Houses,90041
,,"$3,195",,,Apr 5,2 BAs,"[{'bedroom_type': '3 Beds', 'price': '$3,195'}]",San Jose,"San Jose, CA 95128",12 Month Lease,https://www.apartments.com/105-brooklyn-ave-san-jose-ca/lnrbtwf/,"1,153","1,153 Sq Ft",CA,Houses,95128
,"$2,500",,,,Available Now,1 BA,"[{'bedroom_type': '2 Beds', 'price': '$2,500'}]",San Diego,"San Diego, CA 92115",,https://www.apartments.com/4588-winona-ave-san-diego-ca/nmzd12n/,800,800 Sq Ft,CA,Houses,92115
"$1,600",,,,,Available Now,1 BA,"[{'bedroom_type': '1 Bed', 'price': '$1,600'}]",Los Angeles,"Los Angeles, CA 90062",1 Month Lease,https://www.apartments.com/1819-w-41st-pl-los-angeles-ca/ghw021y/,589,589 Sq Ft,CA,Houses,90062
,"$2,975",,,,Available Now,1 BA,"[{'bedroom_type': '2 Beds', 'price': '$2,975'}]",Redondo Beach,"Redondo Beach, CA 90278",,https://www.apartments.com/1710-marshallfield-ln-redondo-beach-ca/xdqlszp/,950,950 Sq Ft,CA,Houses,90278
,,"$3,100",,,Available Now,2½ BAs,"[{'bedroom_type': '3 Beds', 'price': '$3,100'}]",Santa Clarita,"Santa Clarita, CA 91351",,https://www.apartments.com/19408-old-friend-rd-santa-clarita-ca/bbhz0sb/,"1,601","1,601 Sq Ft",CA,Houses,91351
"$1,525",,,,,Available Now,1 BA,"[{'bedroom_type': '1 Bed', 'price': '$1,525'}]",Los Angeles,"Los Angeles, CA 90037",12 Month Lease,https://www.apartments.com/4306-s-budlong-ave-los-angeles-ca/gtpsn9z/,450,450 Sq Ft,CA,Houses,90037
,,"$7,000",,,Available Now,2 BAs,"[{'bedroom_type': '3 Beds', 'price': '$7,000'}]",Solana Beach,"Solana Beach, CA 92075",12 Month Lease,https://www.apartments.com/611-canyon-dr-solana-beach-ca/txnn6yb/,"1,300","1,300 Sq Ft",CA,Houses,92075
"$3,000",,,,,Apr 6,1 BA,"[{'bedroom_type': '1 Bed', 'price': '$3,000'}]",Santa Monica,"1236 Franklin St, Santa Monica, CA 90404",1 Month Lease,https://www.apartments.com/1236-franklin-st-santa-monica-ca/mdnfv9l/,700,700 Sq Ft,CA,Houses,90404
,,"$3,650",,,Available Now,1 BA,"[{'bedroom_type': '3 Beds', 'price': '$3,650'}]",San Bruno,"San Bruno, CA 94066",12 Month Lease,https://www.apartments.com/810-masson-ave-san-bruno-ca/5tk69nm/,"1,250","1,250 Sq Ft",CA,Houses,94066
,,"$4,500",,,Available Now,2 BAs,"[{'bedroom_type': '3 Beds', 'price': '$4,500'}]",Los Angeles,"Los Angeles, CA 90016",12 Month Lease,https://www.apartments.com/2035-s-curson-ave-los-angeles-ca/kmz2my8/,"1,352","1,352 Sq Ft",CA,Houses,90016
,,"$1,700",,,Available Now,2 BAs,"[{'bedroom_type': '3 Beds', 'price': '$1,700'}]",Hemet,"Hemet, CA 92544",12 Month Lease,https://www.apartments.com/41898-butler-ln-hemet-ca/hmwhbr3/,"1,400","1,400 Sq Ft",CA,Houses,92544
,,,"$3,800",,May 1,2½ BAs,"[{'bedroom_type': '4 Beds', 'price': '$3,800'}]",Long Beach,"Long Beach, CA 90815",12 Month Lease,https://www.apartments.com/3408-duchess-ln-long-beach-ca/bdm9v09/,"2,100","2,100 Sq Ft",CA,Houses,90815
,,,"$3,299",,Available Now,2 BAs,"[{'bedroom_type': '4 Beds', 'price': '$3,299'}]",West Hills,"24101 Kittridge St, West Hills, CA 91307",12 Month Lease,https://www.apartments.com/24101-kittridge-st-west-hills-ca/56wxykp/,"1,570","1,570 Sq Ft",CA,Houses,91307
,,,"$1,995",,Available Now,2 BAs,"[{'bedroom_type': '4 Beds', 'price': '$1,995'}]",Palm Springs,"Palm Springs, CA 92262",12 Month Lease,https://www.apartments.com/2740-e-san-marino-rd-palm-springs-ca/416r0dh/,"1,248","1,248 Sq Ft",CA,Houses,92262
,,,,"$5,700",Available Now,4 BAs,"[{'bedroom_type': '4+ Beds', 'price': '$5,700'}]",Sherman Oaks,"4000 Oakfield Dr, Sherman Oaks, CA 91423",12 Month Lease,https://www.apartments.com/4000-oakfield-dr-sherman-oaks-ca/zzbd2kw/,"3,100","3,100 Sq Ft",CA,Houses,91423
,,,"$2,750",,Available Now,2½ BAs,"[{'bedroom_type': '4 Beds', 'price': '$2,750'}]",Sacramento,"Sacramento, CA 95834",12 Month Lease,https://www.apartments.com/510-alboran-sea-cir-sacramento-ca/z401y6w/,"2,000","2,000 Sq Ft",CA,Houses,95834
,"$4,995",,,,Available Now,2 BAs,"[{'bedroom_type': '2 Beds', 'price': '$4,995'}]",Los Angeles,"4012 Cumberland Ave, Los Angeles, CA 90027",12 Month Lease,https://www.apartments.com/4012-cumberland-ave-los-angeles-ca/yl1rnws/,"1,500","1,500 Sq Ft",CA,Houses,90027
,,"$3,995",,,Available Now,2½ BAs,"[{'bedroom_type': '3 Beds', 'price': '$3,995'}]",Pismo Beach,"Pismo Beach, CA 93449",,https://www.apartments.com/1309-costa-brava-pismo-beach-ca/2fz6068/,"2,000","2,000 Sq Ft",CA,Houses,93449
,"$2,800",,,,Available Now,2 BAs,"[{'bedroom_type': '2 Beds', 'price': '$2,800'}]",Los Angeles,"Los Angeles, CA 91040",,https://www.apartments.com/10620-woodward-ave-los-angeles-ca/ckmkkyd/,781,781 Sq Ft,CA,Houses,91040
"$1,800",,,,,Available Now,1 BA,"[{'bedroom_type': '1 Bed', 'price': '$1,800'}]",Los Angeles,"Los Angeles, CA 90043",12 Month Lease,https://www.apartments.com/3850-w-59th-st-los-angeles-ca/xltch8q/,580,580 Sq Ft,CA,Houses,90043
,,"$4,275",,,Available Now,2 BAs,"[{'bedroom_type': '3 Beds', 'price': '$4,275'}]",Los Angeles,"11010 Exposition Blvd, Los Angeles, CA 90064",,https://www.apartments.com/11010-exposition-blvd-los-angeles-ca/skwtg27/,"1,191","1,191 Sq Ft",CA,Houses,90064
,"$3,100",,,,Available Now,1 BA,"[{'bedroom_type': '2 Beds', 'price': '$3,100'}]",Los Angeles,"7258 1/2 Fountain Ave, Los Angeles, CA 90046",6 Month Lease,https://www.apartments.com/7258-1-2-fountain-ave-los-angeles-ca/0ryegn0/,980,980 Sq Ft,CA,Houses,90046
,,"$2,500",,,May 15,1 BA,"[{'bedroom_type': '3 Beds', 'price': '$2,500'}]",Los Angeles,"Los Angeles, CA 91042",24 Month Lease,https://www.apartments.com/7710-valmont-st-los-angeles-ca/5qlr3kp/,"1,000","1,000 Sq Ft",CA,Houses,91042
,,"$1,050",,,Available Now,2½ BAs,"[{'bedroom_type': '3 Beds', 'price': '$1,050'}]",Los Angeles,"18050 Martha St, Los Angeles, CA 91316",6 Month Lease,https://www.apartments.com/18050-martha-st-los-angeles-ca/20339nb/,"1,200","1,200 Sq Ft",CA,Houses,91316
"$1,895",,,,,Available Now,1 BA,"[{'bedroom_type': '1 Bed', 'price': '$1,895'}]",Altadena,"Altadena, CA 91001",1 Month Lease,https://www.apartments.com/2856-santa-anita-ave-altadena-ca/tf1f9r9/,520,520 Sq Ft,CA,Houses,91001
"$2,295",,,,,May 1,1 BA,"[{'bedroom_type': '1 Bed', 'price': '$2,295'}]",Culver City,"Culver City, CA 90232",1 Month Lease,https://www.apartments.com/3534-helms-ave-culver-city-ca/ms06x9h/,500,500 Sq Ft,CA,Houses,90232
,"$2,200",,,,Available Now,2 BAs,"[{'bedroom_type': '2 Beds', 'price': '$2,200'}]",Temple City,"8862 Longden Ave, Temple City, CA 91780",12 Month Lease,https://www.apartments.com/8862-longden-ave-temple-city-ca/gqvz4ww/,"1,300","1,300 Sq Ft",CA,Houses,91780
,,"$3,150",,,Available Now,2 BAs,"[{'bedroom_type': '3 Beds', 'price': '$3,150'}]",Los Angeles,"Los Angeles, CA 91306",,https://www.apartments.com/20531-covello-st-los-angeles-ca/386fpjd/,"1,293","1,293 Sq Ft",CA,Houses,91306
,"$3,050",,,,Jun 1,1½ BAs,"[{'bedroom_type': '2 Beds', 'price': '$3,050'}]",Los Angeles,"201 N Avenue 66, Los Angeles, CA 90042",12 Month Lease,https://www.apartments.com/201-n-avenue-66-los-angeles-ca/vc1g31d/,"1,150","1,150 Sq Ft",CA,Houses,90042
,,"$4,000",,,Available Now,3 BAs,"[{'bedroom_type': '3 Beds', 'price': '$4,000'}]",Redondo Beach,"Redondo Beach, CA 90278",6 Month Lease,https://www.apartments.com/2100-aviation-way-redondo-beach-ca/2p5lslc/,"1,500","1,500 Sq Ft",CA,Houses,90278
"$2,700",,,,,Available Now,1 BA,"[{'bedroom_type': '1 Bed', 'price': '$2,700'}]",Los Angeles,"5122 Amestoy Ave, Los Angeles, CA 91316",,https://www.apartments.com/5122-amestoy-ave-los-angeles-ca/hg46fl2/,"1,500","1,500 Sq Ft",CA,Houses,91316
,,"$4,750",,,Apr 25,3 BAs,"[{'bedroom_type': '3 Beds', 'price': '$4,750'}]",Montecito,"Montecito, CA 93108",12 Month Lease,https://www.apartments.com/903-chelham-way-montecito-ca/4sd2fdh/,"1,600","1,600 Sq Ft",CA,Houses,93108
,,"$3,900",,,Available Now,1½ BAs,"[{'bedroom_type': '3 Beds', 'price': '$3,900'}]",Manhattan Beach,"3309 N Valley Dr, Manhattan Beach, CA 90266",12 Month Lease,https://www.apartments.com/3309-n-valley-dr-manhattan-beach-ca/mtjspgl/,"1,045","1,045 Sq Ft",CA,Houses,90266
"$3,199",,,,,Available Now,1 BA,"[{'bedroom_type': '1 Bed', 'price': '$3,199'}]",West Hollywood,"West Hollywood, CA 90046",12 Month Lease,https://www.apartments.com/936-n-harper-ave-west-hollywood-ca/b30hx4c/,890,890 Sq Ft,CA,Houses,90046
"$1,325",,,,,Available Now,1 BA,"[{'bedroom_type': '1 Bed', 'price': '$1,325'}]",Los Angeles,"1817 Bellevue Ave, Los Angeles, CA 90026",12 Month Lease,https://www.apartments.com/1817-bellevue-ave-los-angeles-ca/87ec561/,250,250 Sq Ft,CA,Houses,90026
,"$2,500",,,,Available Now,1 BA,"[{'bedroom_type': '2 Beds', 'price': '$2,500'}]",Los Angeles,"3416 W 59th St, Los Angeles, CA 90043",,https://www.apartments.com/3416-w-59th-st-los-angeles-ca/nwqvspp/,"1,100","1,100 Sq Ft",CA,Houses,90043
"$3,590",,,,,Available Now,1 BA,"[{'bedroom_type': '1 Bed', 'price': '$3,590'}]",Los Angeles,"4323 Laurelgrove Ave, Los Angeles, CA 91604",,https://www.apartments.com/4323-laurelgrove-ave-los-angeles-ca/3097syf/,700,700 Sq Ft,CA,Houses,91604
,,,"$3,695",,Available Now,3 BAs,"[{'bedroom_type': '4 Beds', 'price': '$3,695'}]",Los Angeles,"22207 Kittridge St, Los Angeles, CA 91303",12 Month Lease,https://www.apartments.com/22207-kittridge-st-los-angeles-ca/b3nsgy9/,"2,000","2,000 Sq Ft",CA,Houses,91303
"$2,800",,,,,Available Now,1 BA,"[{'bedroom_type': '1 Bed', 'price': '$2,800'}]",West Hollywood,"1241 N Formosa Ave, West Hollywood, CA 90046",12 Month Lease,https://www.apartments.com/1241-n-formosa-ave-west-hollywood-ca/bn1245c/,"1,000","1,000 Sq Ft",CA,Houses,90046
,,,"$5,500",,Available Now,3 BAs,"[{'bedroom_type': '4 Beds', 'price': '$5,500'}]",Camarillo,"Camarillo, CA 93012",12 Month Lease,https://www.apartments.com/3031-summit-cir-camarillo-ca/492qgbk/,"3,200","3,200 Sq Ft",CA,Houses,93012
,,"$5,500",,,Apr 6,2 BAs,"[{'bedroom_type': '3 Beds', 'price': '$5,500'}]",Los Angeles,"728 Angelus Pl, Los Angeles, CA 90291",12 Month Lease,https://www.apartments.com/728-angelus-pl-los-angeles-ca/4g68cph/,"1,200","1,200 Sq Ft",CA,Houses,90291
"$2,600",,,,,Available Now,1 BA,"[{'bedroom_type': '1 Bed', 'price': '$2,600'}]",Hermosa Beach,"1717 Palm Dr, Hermosa Beach, CA 90254",12 Month Lease,https://www.apartments.com/1717-palm-dr-hermosa-beach-ca/4he07dj/,700,700 Sq Ft,CA,Houses,90254
,$795,,,,Available Now,1 BA,"[{'bedroom_type': '2 Beds', 'price': '$795'}]",Daggett,"Daggett, CA 92327",12 Month Lease,https://www.apartments.com/35312-santa-fe-st-daggett-ca/wq2mblj/,540,540 Sq Ft,CA,Houses,92327
,,,"$3,650",,Apr 15,2½ BAs,"[{'bedroom_type': '4 Beds', 'price': '$3,650'}]",Chula Vista,"Chula Vista, CA 91915",12 Month Lease,https://www.apartments.com/2347-peacock-valley-rd-chula-vista-ca/9qhb796/,"1,940","1,940 Sq Ft",CA,Houses,91915
,,"$9,000",,,Apr 15,3 BAs,"[{'bedroom_type': '3 Beds', 'price': '$9,000'}]",Los Angeles,"6174 Mulholland Hwy, Los Angeles, CA 90068",,https://www.apartments.com/6174-mulholland-hwy-los-angeles-ca/y956g2t/,"2,400","2,400 Sq Ft",CA,Houses,90068
"$1,779",,,,,Available Now,1 BA,"[{'bedroom_type': '1 Bed', 'price': '$1,779'}]",Beverly Hills,"Beverly Hills, CA 90211",6 Month Lease,https://www.apartments.com/223-s-carson-rd-beverly-hills-ca/slq0817/,147,147 Sq Ft,CA,Houses,90211
,,"$3,000",,,Apr 8,2 BAs,"[{'bedroom_type': '3 Beds', 'price': '$3,000'}]",Los Angeles,"Los Angeles, CA 91335",12 Month Lease,https://www.apartments.com/6729-amigo-ave-los-angeles-ca/zk4mtbx/,"1,182","1,182 Sq Ft",CA,Houses,91335
,,,"$4,000",,Jun 1,2 BAs,"[{'bedroom_type': '4 Beds', 'price': '$4,000'}]",Torrance,"Torrance, CA 90503",,https://www.apartments.com/20415-tomlee-ave-torrance-ca/8xrvn91/,"1,566","1,566 Sq Ft",CA,Houses,90503
,,,"$3,650",,Available Now,1 BA,"[{'bedroom_type': '4 Beds', 'price': '$3,650'}]",Oakland,"Oakland, CA 94612",,https://www.apartments.com/607-23rd-st-oakland-ca/73g14bz/,"1,000","1,000 Sq Ft",CA,Houses,94612
,"$4,100",,,,Available Now,2 BAs,"[{'bedroom_type': '2 Beds', 'price': '$4,100'}]",Santa Monica,"Santa Monica, CA 90404",,https://www.apartments.com/2904-delaware-ave-santa-monica-ca/q35glxz/,"1,051","1,051 Sq Ft",CA,Houses,90404
,"$2,450",,,,Available Now,1 BA,"[{'bedroom_type': '2 Beds', 'price': '$2,450'}]",Los Angeles,"15878 Devonshire St, Los Angeles, CA 91344",12 Month Lease,https://www.apartments.com/15878-devonshire-st-los-angeles-ca/y5v0c5v/,"1,000","1,000 Sq Ft",CA,Houses,91344
"$1,375",,,,,Available Now,1 BA,"[{'bedroom_type': '1 Bed', 'price': '$1,375'}]",Los Angeles,"6601 N Louise Ave, Los Angeles, CA 91406",,https://www.apartments.com/6601-n-louise-ave-los-angeles-ca/3jcjc1f/,450,450 Sq Ft,CA,Houses,91406
"$1,900",,,,,May 1,1 BA,"[{'bedroom_type': '1 Bed', 'price': '$1,900'}]",Los Angeles,"16145 Rayen St, Los Angeles, CA 91343",12 Month Lease,https://www.apartments.com/16145-rayen-st-los-angeles-ca/gfq6f5y/,850,850 Sq Ft,CA,Houses,91343
,,"$3,450",,,Available Now,2½ BAs,"[{'bedroom_type': '3 Beds', 'price': '$3,450'}]",Cathedral City,"Cathedral City, CA 92234",6 Month Lease,https://www.apartments.com/28587-w-natoma-dr-cathedral-city-ca/bj2csdb/,"1,860","1,860 Sq Ft",CA,Houses,92234
,,,"$3,850",,May 4,2 BAs,"[{'bedroom_type': '4 Beds', 'price': '$3,850'}]",Agoura Hills,"Agoura Hills, CA 91301",12 Month Lease,https://www.apartments.com/6033-calmfield-ave-agoura-hills-ca/sgjwt26/,"1,925","1,925 Sq Ft",CA,Houses,91301
,,,,"$8,995",Available Now,3 BAs,"[{'bedroom_type': '4+ Beds', 'price': '$8,995'}]",Los Angeles,"Los Angeles, CA 90049",12 Month Lease,https://www.apartments.com/11787-bellagio-rd-los-angeles-ca/b92rmx8/,"3,500","3,500 Sq Ft",CA,Houses,90049
,,"$3,195",,,Apr 15,2 BAs,"[{'bedroom_type': '3 Beds', 'price': '$3,195'}]",San Diego,"San Diego, CA 92102",,https://www.apartments.com/855-23rd-st-san-diego-ca/pkk4j9r/,"1,400","1,400 Sq Ft",CA,Houses,92102
,"$3,195",,,,Available Now,1 BA,"[{'bedroom_type': '2 Beds', 'price': '$3,195'}]",San Diego,"San Diego, CA 92101",12 Month Lease,https://www.apartments.com/125-w-hawthorn-st-san-diego-ca/0g4k4z3/,850,850 Sq Ft,CA,Houses,92101
,"$4,300",,,,Available Now,1 BA,"[{'bedroom_type': '2 Beds', 'price': '$4,300'}]",Los Angeles,"3653 Roseview Ave, Los Angeles, CA 90065",12 Month Lease,https://www.apartments.com/3653-roseview-ave-los-angeles-ca/9cd6tc5/,"1,000","1,000 Sq Ft",CA,Houses,90065
,,"$8,000",,,Available Now,2 BAs,"[{'bedroom_type': '3 Beds', 'price': '$8,000'}]",Los Angeles,"Los Angeles, CA 90066",1 Month Lease,https://www.apartments.com/3462-beethoven-st-los-angeles-ca/cv017sg/,"2,060","2,060 Sq Ft",CA,Houses,90066
,,"$3,900",,,Available Now,2 BAs,"[{'bedroom_type': '3 Beds', 'price': '$3,900'}]",San Francisco,"San Francisco, CA 94116",12 Month Lease,https://www.apartments.com/2235-taraval-st-san-francisco-ca/1f5h077/,"1,600","1,600 Sq Ft",CA,Houses,94116
,,"$4,500",,,Available Now,3 BAs,"[{'bedroom_type': '3 Beds', 'price': '$4,500'}]",Campbell,"Campbell, CA 95008",12 Month Lease,https://www.apartments.com/1057-shamrock-dr-campbell-ca/wrsb2bl/,"1,800","1,800 Sq Ft",CA,Houses,95008
,"$2,100",,,,Available Now,1 BA,"[{'bedroom_type': '2 Beds', 'price': '$2,100'}]",Hawthorne,"3322 W 133rd St, Hawthorne, CA 90250",12 Month Lease,https://www.apartments.com/3322-w-133rd-st-hawthorne-ca/mcj8l8j/,"1,000","1,000 Sq Ft",CA,Houses,90250
,,"$6,500",,,Available Now,2 BAs,"[{'bedroom_type': '3 Beds', 'price': '$6,500'}]",Los Angeles,"Los Angeles, CA 90066",12 Month Lease,https://www.apartments.com/3712-s-barrington-ave-los-angeles-ca/qxg20hz/,"1,600","1,600 Sq Ft",CA,Houses,90066
,,,"$6,250",,Available Now,3 BAs,"[{'bedroom_type': '4 Beds', 'price': '$6,250'}]",Los Angeles,"2239 N Beachwood Dr, Los Angeles, CA 90068",12 Month Lease,https://www.apartments.com/2239-n-beachwood-dr-los-angeles-ca/t1kwjfb/,"2,100","2,100 Sq Ft",CA,Houses,90068
,"$2,200",,,,Available Now,1 BA,"[{'bedroom_type': '2 Beds', 'price': '$2,200'}]",Los Angeles,"Los Angeles, CA 90731",,https://www.apartments.com/536-w-39th-st-los-angeles-ca/1qnrzk6/,"1,000","1,000 Sq Ft",CA,Houses,90731
"$2,200",,,,,Available Now,1 BA,"[{'bedroom_type': '1 Bed', 'price': '$2,200'}]",Los Angeles,"2205 Hyperion Ave, Los Angeles, CA 90027",12 Month Lease,https://www.apartments.com/2205-hyperion-ave-los-angeles-ca/945d2v6/,500,500 Sq Ft,CA,Houses,90027
,"$2,500",,,,Available Now,2 BAs,"[{'bedroom_type': '2 Beds', 'price': '$2,500'}]",San Ramon,"San Ramon, CA 94583",,https://www.apartments.com/115-neptune-pl-san-ramon-ca/jnjw5l4/,"1,000","1,000 Sq Ft",CA,Houses,94583
,"$2,650",,,,Available Now,1 BA,"[{'bedroom_type': '2 Beds', 'price': '$2,650'}]",Burbank,"Burbank, CA 91505",12 Month Lease,https://www.apartments.com/504-n-hollywood-way-burbank-ca/whyzq4j/,"1,048","1,048 Sq Ft",CA,Houses,91505
,,"$3,650",,,Available Now,2 BAs,"[{'bedroom_type': '3 Beds', 'price': '$3,650'}]",Burbank,"Burbank, CA 91505",12 Month Lease,https://www.apartments.com/506-n-hollywood-way-burbank-ca/wmfzl4k/,"1,500","1,500 Sq Ft",CA,Houses,91505
,"$3,850",,,,Apr 4,1 BA,"[{'bedroom_type': '2 Beds', 'price': '$3,850'}]",Los Angeles,"Los Angeles, CA 90049",,https://www.apartments.com/12240-darlington-ave-los-angeles-ca/b56b3tc/,950,950 Sq Ft,CA,Houses,90049
,"$2,599",,,,Jul 1,1 BA,"[{'bedroom_type': '2 Beds', 'price': '$2,599'}]",San Diego,"San Diego, CA 92102",12 Month Lease,https://www.apartments.com/3268-cedar-st-san-diego-ca/zzpy1kz/,750,750 Sq Ft,CA,Houses,92102
,,,,"$3,300",Available Now,2 BAs,"[{'bedroom_type': '4+ Beds', 'price': '$3,300'}]",Los Angeles,"Los Angeles, CA 91342",,https://www.apartments.com/15519-el-cajon-st-los-angeles-ca/75xvvjx/,"3,500","3,500 Sq Ft",CA,Houses,91342
,,"$4,000",,,Available Now,2 BAs,"[{'bedroom_type': '3 Beds', 'price': '$4,000'}]",Los Angeles,"1921 S Bedford St, Los Angeles, CA 90034",12 Month Lease,https://www.apartments.com/1921-s-bedford-st-los-angeles-ca/5wt22zn/,"1,700","1,700 Sq Ft",CA,Houses,90034
,,"$5,700",,,May 1,2½ BAs,"[{'bedroom_type': '3 Beds', 'price': '$5,700'}]",Los Angeles,"Los Angeles, CA 91403",12 Month Lease,https://www.apartments.com/14673-round-valley-dr-los-angeles-ca/vxxrvje/,"2,500","2,500 Sq Ft",CA,Houses,91403
,,"$5,500",,,Available Now,3½ BAs,"[{'bedroom_type': '3 Beds', 'price': '$5,500'}]",Los Angeles,"Los Angeles, CA 90046",,https://www.apartments.com/7198-formosa-fusion-ct-los-angeles-ca/dvyx9wh/,"1,573","1,573 Sq Ft",CA,Houses,90046
,"$4,300",,,,Available Now,2 BAs,"[{'bedroom_type': '2 Beds', 'price': '$4,300'}]",West Hollywood,"1007 Havenhurst Dr, West Hollywood, CA 90046",12 Month Lease,https://www.apartments.com/1007-havenhurst-dr-west-hollywood-ca/elqz7jn/,"1,100","1,100 Sq Ft",CA,Houses,90046
"$1,250",,,,,Apr 21,1 BA,"[{'bedroom_type': '1 Bed', 'price': '$1,250'}]",Bell Gardens,"Bell Gardens, CA 90201",12 Month Lease,https://www.apartments.com/6631-foster-bridge-blvd-bell-gardens-ca/fv5n5cs/,550,550 Sq Ft,CA,Houses,90201
,,"$6,000",,,May 1,2 BAs,"[{'bedroom_type': '3 Beds', 'price': '$6,000'}]",Santa Monica,"Santa Monica, CA 90403",6 Month Lease,https://www.apartments.com/820-yale-st-santa-monica-ca/m89f52l/,"1,600","1,600 Sq Ft",CA,Houses,90403
,,,,"$15,000",Available Now,6 BAs,"[{'bedroom_type': '4+ Beds', 'price': '$15,000'}]",Los Angeles,"16980 Escalon Dr, Los Angeles, CA 91436",12 Month Lease,https://www.apartments.com/16980-escalon-dr-los-angeles-ca/ll735dd/,"7,500","7,500 Sq Ft",CA,Houses,91436
,,"$3,150",,,Available Now,2 BAs,"[{'bedroom_type': '3 Beds', 'price': '$3,150'}]",Hawthorne,"4841 W 118th Pl, Hawthorne, CA 90250",6 Month Lease,https://www.apartments.com/4841-w-118th-pl-hawthorne-ca/wtyqf4h/,"1,400","1,400 Sq Ft",CA,Houses,90250
,,"$2,900",,,Available Now,1 BA,"[{'bedroom_type': '3 Beds', 'price': '$2,900'}]",San Diego,"San Diego, CA 92116",12 Month Lease,https://www.apartments.com/4547-hawley-blvd-san-diego-ca/1jhjfs4/,875,875 Sq Ft,CA,Houses,92116
,"$3,895",,,,May 1,2 BAs,"[{'bedroom_type': '2 Beds', 'price': '$3,895'}]",Beverly Hills,"Beverly Hills, CA 90212",12 Month Lease,https://www.apartments.com/440-s-canon-dr-beverly-hills-ca/hn33j30/,"1,750","1,750 Sq Ft",CA,Houses,90212
,"$4,095",,,,Available Now,2 BAs,"[{'bedroom_type': '2 Beds', 'price': '$4,095'}]",Beverly Hills,"Beverly Hills, CA 90212",12 Month Lease,https://www.apartments.com/438-s-canon-dr-beverly-hills-ca/ce6clwg/,"1,750","1,750 Sq Ft",CA,Houses,90212
,,,"$12,500",,Available Now,6 BAs,"[{'bedroom_type': '4 Beds', 'price': '$12,500'}]",Los Angeles,"6030 Linforth Dr, Los Angeles, CA 90068",12 Month Lease,https://www.apartments.com/6030-linforth-dr-los-angeles-ca/8b0ser1/,"5,000","5,000 Sq Ft",CA,Houses,90068
,,"$1,900",,,Available Now,2 BAs,"[{'bedroom_type': '3 Beds', 'price': '$1,900'}]",Tehachapi,"Tehachapi, CA 93561",12 Month Lease,https://www.apartments.com/23171-woodford-tehachapi-rd-tehachapi-ca/xjpj5jp/,"1,800","1,800 Sq Ft",CA,Houses,93561
"$2,600",,,,,Apr 4,1 BA,"[{'bedroom_type': '1 Bed', 'price': '$2,600'}]",Los Angeles,"1232-1/4 N Cahuenga Blvd, Los Angeles, CA 90038",,https://www.apartments.com/1232-1-4-n-cahuenga-blvd-los-angeles-ca/2btm598/,600,600 Sq Ft,CA,Houses,90038
"$2,425",,,,,Available Now,1 BA,"[{'bedroom_type': '1 Bed', 'price': '$2,425'}]",Los Angeles,"1445 Hauser Blvd, Los Angeles, CA 90019",12 Month Lease,https://www.apartments.com/1445-hauser-blvd-los-angeles-ca/nt5bqpq/,636,636 Sq Ft,CA,Houses,90019
"$1,600",,,,,Available Now,1 BA,"[{'bedroom_type': '1 Bed', 'price': '$1,600'}]",San Diego,"San Diego, CA 92105",12 Month Lease,https://www.apartments.com/4363-42nd-st-san-diego-ca/4xzhkzl/,600,600 Sq Ft,CA,Houses,92105
,,"$3,600",,,Available Now,2 BAs,"[{'bedroom_type': '3 Beds', 'price': '$3,600'}]",San Diego,"San Diego, CA 92114",12 Month Lease,https://www.apartments.com/6479-plaza-cuernavaca-san-diego-ca/em05ywn/,"1,312","1,312 Sq Ft",CA,Houses,92114
,,"$5,600",,,Available Now,2½ BAs,"[{'bedroom_type': '3 Beds', 'price': '$5,600'}]",Los Angeles,"Los Angeles, CA 91403",,https://www.apartments.com/5127-vesper-ave-los-angeles-ca/be9v4hb/,"2,192","2,192 Sq Ft",CA,Houses,91403
,,,"$3,750",,Available Now,3 BAs,"[{'bedroom_type': '4 Beds', 'price': '$3,750'}]",Los Angeles,"6512 McLennan Ave, Los Angeles, CA 91406",12 Month Lease,https://www.apartments.com/6512-mclennan-ave-los-angeles-ca/6tnjw4s/,"1,850","1,850 Sq Ft",CA,Houses,91406
,,"$2,650",,,Available Now,1 BA,"[{'bedroom_type': '3 Beds', 'price': '$2,650'}]",Lawndale,"Lawndale, CA 90260",12 Month Lease,https://www.apartments.com/15639-larch-ave-lawndale-ca/xtryfdn/,"1,200","1,200 Sq Ft",CA,Houses,90260
,"$4,400",,,,Available Now,1½ BAs,"[{'bedroom_type': '2 Beds', 'price': '$4,400'}]",Los Angeles,"Los Angeles, CA 90026",12 Month Lease,https://www.apartments.com/2136-elsinore-st-los-angeles-ca/e2fn4zm/,"1,400","1,400 Sq Ft",CA,Houses,90026
,,"$2,799",,,Available Now,2 BAs,"[{'bedroom_type': '3 Beds', 'price': '$2,799'}]",Los Angeles,"Los Angeles, CA 90011",12 Month Lease,https://www.apartments.com/1588-e-45th-st-los-angeles-ca/sbjstw7/,"2,004","2,004 Sq Ft",CA,Houses,90011
,,"$2,850",,,Apr 6,2 BAs,"[{'bedroom_type': '3 Beds', 'price': '$2,850'}]",Covina,"Covina, CA 91722",12 Month Lease,https://www.apartments.com/416-n-houser-dr-covina-ca/ehqhs0n/,"1,800","1,800 Sq Ft",CA,Houses,91722
"$2,750",,,,,Available Now,1 BA,"[{'bedroom_type': '1 Bed', 'price': '$2,750'}]",Oakland,"Oakland, CA 94609",3 Month Lease,https://www.apartments.com/358-49th-st-oakland-ca/06txyw3/,670,670 Sq Ft,CA,Houses,94609
,,"$5,695",,,Available Now,3 BAs,"[{'bedroom_type': '3 Beds', 'price': '$5,695'}]",Santa Monica,"Santa Monica, CA 90404",,https://www.apartments.com/1809-michigan-ave-santa-monica-ca/y8616kr/,"2,400","2,400 Sq Ft",CA,Houses,90404
,,"$5,200",,,Available Now,2 BAs,"[{'bedroom_type': '3 Beds', 'price': '$5,200'}]",Manhattan Beach,"1905 Palm Ave, Manhattan Beach, CA 90266",,https://www.apartments.com/1905-palm-ave-manhattan-beach-ca/zhw9ggx/,"1,250","1,250 Sq Ft",CA,Houses,90266
,,"$2,950",,,Available Now,2 BAs,"[{'bedroom_type': '3 Beds', 'price': '$2,950'}]",West Hills,"7253 Asman Ave, West Hills, CA 91307",12 Month Lease,https://www.apartments.com/7253-asman-ave-west-hills-ca/glk8wzx/,"1,300","1,300 Sq Ft",CA,Houses,91307
,"$3,199",,,,Available Now,1 BA,"[{'bedroom_type': '2 Beds', 'price': '$3,199'}]",Venice,"1512 Penmar Ave, Venice, CA 90291",11 Month Lease,https://www.apartments.com/1512-penmar-ave-venice-ca/drxdwrk/,918,918 Sq Ft,CA,Houses,90291
,,,,"$4,500",Available Now,3 BAs,"[{'bedroom_type': '4+ Beds', 'price': '$4,500'}]",Los Angeles,"15963 Cantlay St, Los Angeles, CA 91406",12 Month Lease,https://www.apartments.com/15963-cantlay-st-los-angeles-ca/r4e3850/,"3,000","3,000 Sq Ft",CA,Houses,91406
,,"$3,800",,,Available Now,2 BAs,"[{'bedroom_type': '3 Beds', 'price': '$3,800'}]",Costa Mesa,"425 E 20th St, Costa Mesa, CA 92627",,https://www.apartments.com/425-e-20th-st-costa-mesa-ca/k7v5k7c/,"1,800","1,800 Sq Ft",CA,Houses,92627
,,"$2,750",,,Available Now,2 BAs,"[{'bedroom_type': '3 Beds', 'price': '$2,750'}]",Los Angeles,"16748 San Fernando Mission Blvd, Los Angeles, CA 91344",12 Month Lease,https://www.apartments.com/16748-san-fernando-mission-blvd-los-angeles-ca/vmxnhnd/,"1,290","1,290 Sq Ft",CA,Houses,91344
,,"$2,975",,,Available Now,3 BAs,"[{'bedroom_type': '3 Beds', 'price': '$2,975'}]",Carson,"2677 E Jefferson St, Carson, CA 90810",12 Month Lease,https://www.apartments.com/2677-e-jefferson-st-carson-ca/gek2ygz/,"1,400","1,400 Sq Ft",CA,Houses,90810
,,,"$2,150",,Available Now,2 BAs,"[{'bedroom_type': '4 Beds', 'price': '$2,150'}]",Apple Valley,"Apple Valley, CA 92307",12 Month Lease,https://www.apartments.com/21065-rancherias-rd-apple-valley-ca/k0jcz38/,"2,022","2,022 Sq Ft",CA,Houses,92307
,,"$5,750",,,Available Now,3 BAs,"[{'bedroom_type': '3 Beds', 'price': '$5,750'}]",Carlsbad,"Carlsbad, CA 92008",12 Month Lease,https://www.apartments.com/2363-jefferson-st-carlsbad-ca/4r4hszj/,"2,050","2,050 Sq Ft",CA,Houses,92008
,"$3,800",,,,Available Now,2 BAs,"[{'bedroom_type': '2 Beds', 'price': '$3,800'}]",Los Angeles,"1398 N Serrano Ave, Los Angeles, CA 90027",6 Month Lease,https://www.apartments.com/1398-n-serrano-ave-los-angeles-ca/xhxsb2n/,"1,000","1,000 Sq Ft",CA,Houses,90027
,,"$1,875",,,Available Now,2 BAs,"[{'bedroom_type': '3 Beds', 'price': '$1,875'}]",Hesperia,"Hesperia, CA 92344",12 Month Lease,https://www.apartments.com/9219-canyon-view-ave-hesperia-ca/nzrd9bn/,"2,000","2,000 Sq Ft",CA,Houses,92344
,,,"$8,500",,Available Now,4 BAs,"[{'bedroom_type': '4 Beds', 'price': '$8,500'}]",Los Angeles,"2934 Tiffany Cir, Los Angeles, CA 90077",12 Month Lease,https://www.apartments.com/2934-tiffany-cir-los-angeles-ca/fz1jkqr/,"3,077","3,077 Sq Ft",CA,Houses,90077
,,"$2,800",,,Available Now,2 BAs,"[{'bedroom_type': '3 Beds', 'price': '$2,800'}]",Alhambra,"117 N Raymond Ave, Alhambra, CA 91801",12 Month Lease,https://www.apartments.com/117-n-raymond-ave-alhambra-ca/skdrr75/,"1,000","1,000 Sq Ft",CA,Houses,91801
,"$4,200",,,,Available Now,2 BAs,"[{'bedroom_type': '2 Beds', 'price': '$4,200'}]",Los Angeles,"1203 N Orange Dr, Los Angeles, CA 90038",1 Month Lease,https://www.apartments.com/1203-n-orange-dr-los-angeles-ca/jrq6sh7/,"1,100","1,100 Sq Ft",CA,Houses,90038
,,"$4,500",,,Available Now,2 BAs,"[{'bedroom_type': '3 Beds', 'price': '$4,500'}]",Los Angeles,"1430 S Orange Dr, Los Angeles, CA 90019",1 Month Lease,https://www.apartments.com/1430-s-orange-dr-los-angeles-ca/9w4yxt4/,"1,350","1,350 Sq Ft",CA,Houses,90019
,"$4,300",,,,Available Now,2 BAs,"[{'bedroom_type': '2 Beds', 'price': '$4,300'}]",Los Angeles,"1201 N Orange Dr, Los Angeles, CA 90038",1 Month Lease,https://www.apartments.com/1201-n-orange-dr-los-angeles-ca/e9htr1q/,"1,100","1,100 Sq Ft",CA,Houses,90038
,"$3,900",,,,Available Now,1 BA,"[{'bedroom_type': '2 Beds', 'price': '$3,900'}]",Los Angeles,"1432 S Orange Dr, Los Angeles, CA 90019",1 Month Lease,https://www.apartments.com/1432-s-orange-dr-los-angeles-ca/kx0z4gb/,"1,100","1,100 Sq Ft",CA,Houses,90019
,,,"$3,300",,Available Now,2 BAs,"[{'bedroom_type': '4 Beds', 'price': '$3,300'}]",Altadena,"Altadena, CA 91001",12 Month Lease,https://www.apartments.com/750-w-harriet-st-altadena-ca/9cfy3v4/,"1,650","1,650 Sq Ft",CA,Houses,91001
"$1,650",,,,,Available Now,1 BA,"[{'bedroom_type': '1 Bed', 'price': '$1,650'}]",Los Angeles,"829 Cooper Ave, Los Angeles, CA 90042",6 Month Lease,https://www.apartments.com/829-cooper-ave-los-angeles-ca/f47vj1s/,"3,000","3,000 Sq Ft",CA,Houses,90042
,,"$3,500",,,Available Now,2 BAs,"[{'bedroom_type': '3 Beds', 'price': '$3,500'}]",Torrance,"Torrance, CA 90503",,https://www.apartments.com/4631-narrot-st-torrance-ca/xc1bymp/,"1,098","1,098 Sq Ft",CA,Houses,90503
,,,"$3,750",,Available Now,3 BAs,"[{'bedroom_type': '4 Beds', 'price': '$3,750'}]",Los Angeles,"9617 Keokuk Ave, Los Angeles, CA 91311",,https://www.apartments.com/9617-keokuk-ave-los-angeles-ca/l8k9fff/,"2,300","2,300 Sq Ft",CA,Houses,91311
,,"$6,000",,,Available Now,3 BAs,"[{'bedroom_type': '3 Beds', 'price': '$6,000'}]",Los Angeles,"1171 W Paseo Del Mar, Los Angeles, CA 90731",6 Month Lease,https://www.apartments.com/1171-w-paseo-del-mar-los-angeles-ca/63f1pps/,"1,950","1,950 Sq Ft",CA,Houses,90731
,,"$4,300",,,Available Now,2 BAs,"[{'bedroom_type': '3 Beds', 'price': '$4,300'}]",Los Angeles,"Los Angeles, CA 91367",12 Month Lease,https://www.apartments.com/20553-califa-st-los-angeles-ca/13eqwr7/,"1,744","1,744 Sq Ft",CA,Houses,91367
"$2,200",,,,,Available Now,1 BA,"[{'bedroom_type': '1 Bed', 'price': '$2,200'}]",Redondo Beach,"1721 Van Horne Ln, Redondo Beach, CA 90278",12 Month Lease,https://www.apartments.com/1721-van-horne-ln-redondo-beach-ca/35b7dwf/,"1,000","1,000 Sq Ft",CA,Houses,90278
,,,"$15,500",,Available Now,3½ BAs,"[{'bedroom_type': '4 Beds', 'price': '$15,500'}]",Los Angeles,"Los Angeles, CA 90068",2 Month Lease,https://www.apartments.com/6613-whitley-terrace-los-angeles-ca/extpg1n/,"3,000","3,000 Sq Ft",CA,Houses,90068
,,"$6,400",,,Available Now,2 BAs,"[{'bedroom_type': '3 Beds', 'price': '$6,400'}]",Los Angeles,"6955 Trolleyway S, Los Angeles, CA 90293",12 Month Lease,https://www.apartments.com/6955-trolleyway-s-los-angeles-ca/6w0qtbt/,"1,050","1,050 Sq Ft",CA,Houses,90293
,"$2,800",,,,Available Now,1 BA,"[{'bedroom_type': '2 Beds', 'price': '$2,800'}]",Los Angeles,"1302 S Redondo Blvd, Los Angeles, CA 90019",,https://www.apartments.com/1302-s-redondo-blvd-los-angeles-ca/s0qv4b4/,"1,400","1,400 Sq Ft",CA,Houses,90019
,,"$3,200",,,Available Now,2 BAs,"[{'bedroom_type': '3 Beds', 'price': '$3,200'}]",Los Angeles,"6443 Woodlake Ave, Los Angeles, CA 91307",12 Month Lease,https://www.apartments.com/6443-woodlake-ave-los-angeles-ca/gfzgl5w/,"1,477","1,477 Sq Ft",CA,Houses,91307
,,"$6,000",,,Available Now,2 BAs,"[{'bedroom_type': '3 Beds', 'price': '$6,000'}]",Los Angeles,"6446 Riggs Pl, Los Angeles, CA 90045",12 Month Lease,https://www.apartments.com/6446-riggs-pl-los-angeles-ca/7zdlxxz/,"1,500","1,500 Sq Ft",CA,Houses,90045
"$2,250",,,,,Available Now,1 BA,"[{'bedroom_type': '1 Bed', 'price': '$2,250'}]",Los Angeles,"929 Oneonta Dr, Los Angeles, CA 90065",12 Month Lease,https://www.apartments.com/929-oneonta-dr-los-angeles-ca/bhmk3s9/,562,562 Sq Ft,CA,Houses,90065
,"$2,500",,,,Available Now,1 BA,"[{'bedroom_type': '2 Beds', 'price': '$2,500'}]",Los Angeles,"Los Angeles, CA 90016",,https://www.apartments.com/2935-s-sycamore-ave-los-angeles-ca/gqzyfrx/,750,750 Sq Ft,CA,Houses,90016
"$1,500",,,,,Available Now,1 BA,"[{'bedroom_type': '1 Bed', 'price': '$1,500'}]",Los Angeles,"7415 Topeka Dr, Los Angeles, CA 91335",,https://www.apartments.com/7415-topeka-dr-los-angeles-ca/hvl3280/,350,350 Sq Ft,CA,Houses,91335
,,,"$13,500",,Available Now,3½ BAs,"[{'bedroom_type': '4 Beds', 'price': '$13,500'}]",West Hollywood,"1423 Devlin Dr, West Hollywood, CA 90069",,https://www.apartments.com/1423-devlin-dr-west-hollywood-ca/0qyhqj2/,"3,500","3,500 Sq Ft",CA,Houses,90069
,"$4,750",,,,Apr 15,2 BAs,"[{'bedroom_type': '2 Beds', 'price': '$4,750'}]",Culver City,"5835 Tellefson Rd, Culver City, CA 90230",,https://www.apartments.com/5835-tellefson-rd-culver-city-ca/ye476jt/,"1,500","1,500 Sq Ft",CA,Houses,90230
,"$2,997",,,,Available Now,2 BAs,"[{'bedroom_type': '2 Beds', 'price': '$2,997'}]",Beverly Hills,"Beverly Hills, CA 90211",12 Month Lease,https://www.apartments.com/223-s-carson-rd-beverly-hills-ca/8gywxc3/,600,600 Sq Ft,CA,Houses,90211
,,,,"$3,500",Available Now,3 BAs,"[{'bedroom_type': '4+ Beds', 'price': '$3,500'}]",Los Angeles,"19269 Kenya St, Los Angeles, CA 91326",12 Month Lease,https://www.apartments.com/19269-kenya-st-los-angeles-ca/gekbwmz/,"2,600","2,600 Sq Ft",CA,Houses,91326
,,,"$3,500",,Available Now,2 BAs,"[{'bedroom_type': '4 Beds', 'price': '$3,500'}]",San Diego,"San Diego, CA 92117",,https://www.apartments.com/4758-mt-st-helens-way-san-diego-ca/ljc569f/,"1,336","1,336 Sq Ft",CA,Houses,92117
"$1,800",,,,,Available Now,1 BA,"[{'bedroom_type': '1 Bed', 'price': '$1,800'}]",Beverly Hills,"Beverly Hills, CA 90212",3 Month Lease,https://www.apartments.com/333-s-maple-dr-beverly-hills-ca/zr7ys7w/,400,400 Sq Ft,CA,Houses,90212
,"$5,800",,,,Available Now,1 BA,"[{'bedroom_type': '2 Beds', 'price': '$5,800'}]",Los Angeles,"708 Marr St, Los Angeles, CA 90291",,https://www.apartments.com/708-marr-st-los-angeles-ca/dsncdtl/,900,900 Sq Ft,CA,Houses,90291
,,"$2,995",,,May 1,2 BAs,"[{'bedroom_type': '3 Beds', 'price': '$2,995'}]",Rancho Cucamonga,"Rancho Cucamonga, CA 91737",12 Month Lease,https://www.apartments.com/9598-lemon-ave-rancho-cucamonga-ca/tlxcr1b/,"1,600","1,600 Sq Ft",CA,Houses,91737
,,,"$3,700",,Available Now,2½ BAs,"[{'bedroom_type': '4 Beds', 'price': '$3,700'}]",Dublin,"Dublin, CA 94568",,https://www.apartments.com/3581-rocking-horse-ct-dublin-ca/d15hyvh/,"2,000","2,000 Sq Ft",CA,Houses,94568
,,"$3,100",,,Apr 4,1½ BAs,"[{'bedroom_type': '3 Beds', 'price': '$3,100'}]",Lomita,"Lomita, CA 90717",12 Month Lease,https://www.apartments.com/1888-260th-st-lomita-ca/hk80k51/,"1,365","1,365 Sq Ft",CA,Houses,90717
,,"$3,295",,,May 1,2 BAs,"[{'bedroom_type': '3 Beds', 'price': '$3,295'}]",Gardena,"Gardena, CA 90249",12 Month Lease,https://www.apartments.com/3158-w-152nd-pl-gardena-ca/w87c3wk/,"1,168","1,168 Sq Ft",CA,Houses,90249
,,"$3,700",,,Available Now,2 BAs,"[{'bedroom_type': '3 Beds', 'price': '$3,700'}]",Los Angeles,"2218 Oros St, Los Angeles, CA 90031",,https://www.apartments.com/2218-oros-st-los-angeles-ca/cmx772e/,"1,300","1,300 Sq Ft",CA,Houses,90031
,"$2,875",,,,Available Now,2 BAs,"[{'bedroom_type': '2 Beds', 'price': '$2,875'}]",Los Angeles,"5611 Cedros Ave, Los Angeles, CA 91411",,https://www.apartments.com/5611-cedros-ave-los-angeles-ca/0xsrd43/,"1,100","1,100 Sq Ft",CA,Houses,91411
,"$3,950",,,,Apr 10,2 BAs,"[{'bedroom_type': '2 Beds', 'price': '$3,950'}]",Los Angeles,"1089 S Mansfield Ave, Los Angeles, CA 90019",12 Month Lease,https://www.apartments.com/1089-s-mansfield-ave-los-angeles-ca/fyh7b1r/,"1,400","1,400 Sq Ft",CA,Houses,90019
,,"$13,585",,,Available Now,2½ BAs,"[{'bedroom_type': '3 Beds', 'price': '$13,585'}]",Los Angeles,"Los Angeles, CA 90046",,https://www.apartments.com/2540-thames-st-los-angeles-ca/d6flxxj/,"2,250","2,250 Sq Ft",CA,Houses,90046
"$3,600",,,,,Apr 22,1 BA,"[{'bedroom_type': '1 Bed', 'price': '$3,600'}]",Los Angeles,"12621 Woodgreen St, Los Angeles, CA 90066",,https://www.apartments.com/12621-woodgreen-st-los-angeles-ca/kvpr488/,625,625 Sq Ft,CA,Houses,90066
,,"$4,500",,,Available Now,2½ BAs,"[{'bedroom_type': '3 Beds', 'price': '$4,500'}]",Los Angeles,"Los Angeles, CA 90064",1 Month Lease,https://www.apartments.com/2537-barry-ave-los-angeles-ca/lxr6ymg/,"1,800","1,800 Sq Ft",CA,Houses,90064
,,"$5,000",,,Available Now,2 BAs,"[{'bedroom_type': '3 Beds', 'price': '$5,000'}]",Los Angeles,"12512 Brooklake St, Los Angeles, CA 90066",12 Month Lease,https://www.apartments.com/12512-brooklake-st-los-angeles-ca/qrjnxgz/,"1,800","1,800 Sq Ft",CA,Houses,90066
,"$2,200",,,,Available Now,1 BA,"[{'bedroom_type': '2 Beds', 'price': '$2,200'}]",Los Angeles,"13516 Dyer St, Los Angeles, CA 91342",12 Month Lease,https://www.apartments.com/13516-dyer-st-los-angeles-ca/rmkpxf3/,750,750 Sq Ft,CA,Houses,91342
"$1,500",,,,,May 2,1 BA,"[{'bedroom_type': '1 Bed', 'price': '$1,500'}]",Oceanside,"Oceanside, CA 92054",,https://www.apartments.com/2815-todd-st-oceanside-ca/mdgr1lk/,450,450 Sq Ft,CA,Houses,92054
,,"$2,900",,,May 1,1 BA,"[{'bedroom_type': '3 Beds', 'price': '$2,900'}]",Long Beach,"Long Beach, CA 90808",,https://www.apartments.com/3506-faust-ave-long-beach-ca/9f3jp55/,"1,200","1,200 Sq Ft",CA,Houses,90808
,"$4,900",,,,May 1,1½ BAs,"[{'bedroom_type': '2 Beds', 'price': '$4,900'}]",Santa Monica,"Santa Monica, CA 90404",,https://www.apartments.com/1808-9th-st-santa-monica-ca/f6h8m0t/,930,930 Sq Ft,CA,Houses,90404
,"$3,900",,,,Apr 15,1 BA,"[{'bedroom_type': '2 Beds', 'price': '$3,900'}]",Los Angeles,"Los Angeles, CA 90004",,https://www.apartments.com/411-n-windsor-blvd-los-angeles-ca/928vfl7/,"1,120","1,120 Sq Ft",CA,Houses,90004
$900,,,,,Available Now,1 BA,"[{'bedroom_type': '1 Bed', 'price': '$900'}]",Los Angeles,"15131 Oro Grande St, Los Angeles, CA 91342",12 Month Lease,https://www.apartments.com/15131-oro-grande-st-los-angeles-ca/jxx95g5/,"1,200","1,200 Sq Ft",CA,Houses,91342
,"$4,800",,,,May 1,1 BA,"[{'bedroom_type': '2 Beds', 'price': '$4,800'}]",Santa Monica,"639 Grant St, Santa Monica, CA 90405",12 Month Lease,https://www.apartments.com/639-grant-st-santa-monica-ca/lte9jxe/,"1,000","1,000 Sq Ft",CA,Houses,90405
,,,,"$4,800",Available Now,3 BAs,"[{'bedroom_type': '4+ Beds', 'price': '$4,800'}]",Benicia,"Benicia, CA 94510",1 Month Lease,https://www.apartments.com/50-la-cruz-ave-benicia-ca/m7kh2gj/,"2,500","2,500 Sq Ft",CA,Houses,94510
,,"$2,950",,,Available Now,2 BAs,"[{'bedroom_type': '3 Beds', 'price': '$2,950'}]",Los Angeles,"1237 W 84th St, Los Angeles, CA 90044",12 Month Lease,https://www.apartments.com/1237-w-84th-st-los-angeles-ca/zpgyrfy/,"1,300","1,300 Sq Ft",CA,Houses,90044
,"$2,000",,,,Available Now,1 BA,"[{'bedroom_type': '2 Beds', 'price': '$2,000'}]",Inglewood,"1033 E 66th St, Inglewood, CA 90302",,https://www.apartments.com/1033-e-66th-st-inglewood-ca/jp0sdy7/,792,792 Sq Ft,CA,Houses,90302
,,"$2,950",,,Available Now,2 BAs,"[{'bedroom_type': '3 Beds', 'price': '$2,950'}]",Los Angeles,"5334 Blackwelder St, Los Angeles, CA 90016",12 Month Lease,https://www.apartments.com/5334-blackwelder-st-los-angeles-ca/qjljlgy/,968,968 Sq Ft,CA,Houses,90016
,,"$2,100",,,Apr 5,2 BAs,"[{'bedroom_type': '3 Beds', 'price': '$2,100'}]",Long Beach,"403 W 8th St, Long Beach, CA 90813",,https://www.apartments.com/403-w-8th-st-long-beach-ca/zts928z/,"1,300","1,300 Sq Ft",CA,Houses,90813
,,,"$3,895",,May 1,2 BAs,"[{'bedroom_type': '4 Beds', 'price': '$3,895'}]",Anaheim,"Anaheim, CA 92802",1 Month Lease,https://www.apartments.com/2068-s-janette-ln-anaheim-ca/htbzmf3/,"1,530","1,530 Sq Ft",CA,Houses,92802
,,"$4,975",,,Available Now,2 BAs,"[{'bedroom_type': '3 Beds', 'price': '$4,975'}]",Los Angeles,"11746 Exposition Blvd, Los Angeles, CA 90064",12 Month Lease,https://www.apartments.com/11746-exposition-blvd-los-angeles-ca/lr54hsg/,"1,400","1,400 Sq Ft",CA,Houses,90064
,"$3,500",,,,Available Now,1 BA,"[{'bedroom_type': '2 Beds', 'price': '$3,500'}]",Los Angeles,"2205 Hyperion Ave, Los Angeles, CA 90027",12 Month Lease,https://www.apartments.com/2205-hyperion-ave-los-angeles-ca/9e0hg77/,900,900 Sq Ft,CA,Houses,90027
,"$4,585",,,,Available Now,2 BAs,"[{'bedroom_type': '2 Beds', 'price': '$4,585'}]",Los Angeles,"1845 Pandora Ave, Los Angeles, CA 90025",12 Month Lease,https://www.apartments.com/1845-pandora-ave-los-angeles-ca/l5qbv5f/,"1,520","1,520 Sq Ft",CA,Houses,90025
,"$2,200",,,,Available Now,1 BA,"[{'bedroom_type': '2 Beds', 'price': '$2,200'}]",Glendale,"649 Hawthorne St, Glendale, CA 91204",,https://www.apartments.com/649-hawthorne-st-glendale-ca/g7l4xsw/,"1,000","1,000 Sq Ft",CA,Houses,91204
,,,"$14,000",,Apr 15,4½ BAs,"[{'bedroom_type': '4 Beds', 'price': '$14,000'}]",Hermosa Beach,"242 33rd St, Hermosa Beach, CA 90254",12 Month Lease,https://www.apartments.com/242-33rd-st-hermosa-beach-ca/7g7kjmx/,"3,900","3,900 Sq Ft",CA,Houses,90254
"$2,499",,,,,Apr 17,1 BA,"[{'bedroom_type': '1 Bed', 'price': '$2,499'}]",Berkeley,"Berkeley, CA 94703",12 Month Lease,https://www.apartments.com/2504-grant-st-berkeley-ca/5wmr8ym/,500,500 Sq Ft,CA,Houses,94703
"$1,450",,,,,Available Now,1 BA,"[{'bedroom_type': '1 Bed', 'price': '$1,450'}]",Los Angeles,"1942 W 43rd St, Los Angeles, CA 90062",12 Month Lease,https://www.apartments.com/1942-w-43rd-st-los-angeles-ca/qc6xzmw/,500,500 Sq Ft,CA,Houses,90062
,"$2,800",,,,Apr 15,1 BA,"[{'bedroom_type': '2 Beds', 'price': '$2,800'}]",Los Angeles,"Los Angeles, CA 91601",12 Month Lease,https://www.apartments.com/5449-colfax-ave-los-angeles-ca/10q3yv4/,"1,000","1,000 Sq Ft",CA,Houses,91601
,"$5,000",,,,Available Now,2 BAs,"[{'bedroom_type': '2 Beds', 'price': '$5,000'}]",Manhattan Beach,"Manhattan Beach, CA 90266",,https://www.apartments.com/224-seaview-st-manhattan-beach-ca/1gphms5/,"1,200","1,200 Sq Ft",CA,Houses,90266
,,,,"$6,999",Available Now,3 BAs,"[{'bedroom_type': '4+ Beds', 'price': '$6,999'}]",Canyon Lake,"29642 Vacation Dr, Canyon Lake, CA 92587",1 Month Lease,https://www.apartments.com/29642-vacation-dr-canyon-lake-ca/1ezbsm5/,"2,400","2,400 Sq Ft",CA,Houses,92587
,,"$3,350",,,Available Now,2 BAs,"[{'bedroom_type': '3 Beds', 'price': '$3,350'}]",Pasadena,"Pasadena, CA 91106",6 Month Lease,https://www.apartments.com/91-allen-ave-pasadena-ca/ee1le6m/,"1,600","1,600 Sq Ft",CA,Houses,91106
,,,"$6,990",,Available Now,3 BAs,"[{'bedroom_type': '4 Beds', 'price': '$6,990'}]",Los Angeles,"Los Angeles, CA 91042",1 Month Lease,https://www.apartments.com/11137-provence-ln-los-angeles-ca/wpkj9sh/,"3,551","3,551 Sq Ft",CA,Houses,91042
,"$4,795",,,,Available Now,2 BAs,"[{'bedroom_type': '2 Beds', 'price': '$4,795'}]",Rancho Palos Verdes,"Rancho Palos Verdes, CA 90275",12 Month Lease,https://www.apartments.com/29202-whites-point-dr-rancho-palos-verdes-ca/f3340cv/,"2,217","2,217 Sq Ft",CA,Houses,90275
"$2,750",,,,,Available Now,1 BA,"[{'bedroom_type': '1 Bed', 'price': '$2,750'}]",Santa Barbara,"Santa Barbara, CA 93105",1 Month Lease,https://www.apartments.com/2301-chapala-st-santa-barbara-ca/2sj0pfb/,400,400 Sq Ft,CA,Houses,93105
"$3,895",,,,,Available Now,1 BA,"[{'bedroom_type': '1 Bed', 'price': '$3,895'}]",Los Angeles,"Los Angeles, CA 90036",12 Month Lease,https://www.apartments.com/465-n-stanley-ave-los-angeles-ca/dq2q50h/,810,810 Sq Ft,CA,Houses,90036
,"$2,700",,,,Available Now,1 BA,"[{'bedroom_type': '2 Beds', 'price': '$2,700'}]",Los Angeles,"Los Angeles, CA 90041",,https://www.apartments.com/1801-yosemite-dr-los-angeles-ca/d6w8bph/,"1,132","1,132 Sq Ft",CA,Houses,90041
"$2,300",,,,,Available Now,1 BA,"[{'bedroom_type': '1 Bed', 'price': '$2,300'}]",Los Angeles,"Los Angeles, CA 90038",,https://www.apartments.com/827-n-mccadden-pl-los-angeles-ca/bgsmvh8/,800,800 Sq Ft,CA,Houses,90038
,,"$2,300",,,May 1,2 BAs,"[{'bedroom_type': '3 Beds', 'price': '$2,300'}]",Fallbrook,"Fallbrook, CA 92028",12 Month Lease,https://www.apartments.com/214-almond-st-fallbrook-ca/ff2e9ct/,"1,375","1,375 Sq Ft",CA,Houses,92028
"$2,145",,,,,May 1,1 BA,"[{'bedroom_type': '1 Bed', 'price': '$2,145'}]",Los Angeles,"2832 S Sycamore Ave, Los Angeles, CA 90016",,https://www.apartments.com/2832-s-sycamore-ave-los-angeles-ca/cwj6jje/,"1,200","1,200 Sq Ft",CA,Houses,90016
"$1,700",,,,,Apr 11,1 BA,"[{'bedroom_type': '1 Bed', 'price': '$1,700'}]",Los Angeles,"Los Angeles, CA 91345",12 Month Lease,https://www.apartments.com/14643-chatsworth-st-los-angeles-ca/vym2gtg/,700,700 Sq Ft,CA,Houses,91345
,"$2,650",,,,Available Now,2 BAs,"[{'bedroom_type': '2 Beds', 'price': '$2,650'}]",Glendale,"Glendale, CA 91202",,https://www.apartments.com/700-w-glenoaks-blvd-glendale-ca/5dfzc9p/,"1,200","1,200 Sq Ft",CA,Houses,91202
,,,"$5,750",,Available Now,2 BAs,"[{'bedroom_type': '4 Beds', 'price': '$5,750'}]",Los Angeles,"1735 Taft Ave, Los Angeles, CA 90028",,https://www.apartments.com/1735-taft-ave-los-angeles-ca/bskfrfb/,"3,045","3,045 Sq Ft",CA,Houses,90028
,,"$24,999",,,Available Now,5 BAs,"[{'bedroom_type': '3 Beds', 'price': '$24,999'}]",Los Angeles,"Los Angeles, CA 90067",12 Month Lease,https://www.apartments.com/10288-century-woods-dr-los-angeles-ca/dk3mqvk/,"5,046","5,046 Sq Ft",CA,Houses,90067
,"$4,950",,,,Available Now,1 BA,"[{'bedroom_type': '2 Beds', 'price': '$4,950'}]",Los Angeles,"Los Angeles, CA 90025",12 Month Lease,https://www.apartments.com/2074-kerwood-ave-los-angeles-ca/pfdzr1s/,"1,236","1,236 Sq Ft",CA,Houses,90025
"$1,700",,,,,Available Now,1 BA,"[{'bedroom_type': '1 Bed', 'price': '$1,700'}]",Los Angeles,"Los Angeles, CA 90034",,https://www.apartments.com/2922-castle-heights-ave-los-angeles-ca/l9bc74f/,500,500 Sq Ft,CA,Houses,90034
,"$3,900",,,,Available Now,1½ BAs,"[{'bedroom_type': '2 Beds', 'price': '$3,900'}]",Los Angeles,"1610 Westerly Terrace, Los Angeles, CA 90026",12 Month Lease,https://www.apartments.com/1610-westerly-terrace-los-angeles-ca/4zs4gph/,"1,300","1,300 Sq Ft",CA,Houses,90026
,,"$4,495",,,Available Now,3 BAs,"[{'bedroom_type': '3 Beds', 'price': '$4,495'}]",Tarzana,"18122 Erwin St, Tarzana, CA 91335",,https://www.apartments.com/18122-erwin-st-tarzana-ca/xdvqksn/,"2,800","2,800 Sq Ft",CA,Houses,91335
,,"$10,000",,,Available Now,3 BAs,"[{'bedroom_type': '3 Beds', 'price': '$10,000'}]",Marina del Rey,"Marina del Rey, CA 90292",,https://www.apartments.com/828-dickson-st-marina-del-rey-ca/f5nrn1v/,"3,000","3,000 Sq Ft",CA,Houses,90292
,"$6,500",,,,Available Now,1 BA,"[{'bedroom_type': '2 Beds', 'price': '$6,500'}]",Los Angeles,"9135 Gibson St, Los Angeles, CA 90034",12 Month Lease,https://www.apartments.com/9135-gibson-st-los-angeles-ca/df39r1j/,"1,339","1,339 Sq Ft",CA,Houses,90034
,,"$3,950",,,Available Now,2 BAs,"[{'bedroom_type': '3 Beds', 'price': '$3,950'}]",Los Angeles,"809 Warren Ave, Los Angeles, CA 90291",1 Month Lease,https://www.apartments.com/809-warren-ave-los-angeles-ca/m136j5k/,"1,600","1,600 Sq Ft",CA,Houses,90291
,,"$3,475",,,Jun 1,2 BAs,"[{'bedroom_type': '3 Beds', 'price': '$3,475'}]",Hawthorne,"Hawthorne, CA 90250",12 Month Lease,https://www.apartments.com/11655-s-wilton-pl-hawthorne-ca/8wdzjc1/,"1,557","1,557 Sq Ft",CA,Houses,90250
,,,"$3,100",,Available Now,3 BAs,"[{'bedroom_type': '4 Beds', 'price': '$3,100'}]",Vallejo,"Vallejo, CA 94591",12 Month Lease,https://www.apartments.com/6585-deerfield-dr-vallejo-ca/338fxtd/,"2,400","2,400 Sq Ft",CA,Houses,94591
,,"$3,499",,,Available Now,2 BAs,"[{'bedroom_type': '3 Beds', 'price': '$3,499'}]",Reseda,"18817 Covello St, Reseda, CA 91335",12 Month Lease,https://www.apartments.com/18817-covello-st-reseda-ca/7re6wpz/,"1,701","1,701 Sq Ft",CA,Houses,91335
,,"$5,500",,,Available Now,1 BA,"[{'bedroom_type': '3 Beds', 'price': '$5,500'}]",Los Angeles,"Los Angeles, CA 90048",12 Month Lease,https://www.apartments.com/515-n-sweetzer-ave-los-angeles-ca/w7qkwth/,"1,700","1,700 Sq Ft",CA,Houses,90048
,,,"$17,300",,Available Now,6 BAs,"[{'bedroom_type': '4 Beds', 'price': '$17,300'}]",Los Angeles,"Los Angeles, CA 90048",12 Month Lease,https://www.apartments.com/6546-colgate-ave-los-angeles-ca/qqm43ny/,"3,420","3,420 Sq Ft",CA,Houses,90048
,"$3,500",,,,Available Now,2 BAs,"[{'bedroom_type': '2 Beds', 'price': '$3,500'}]",Los Angeles,"1619 Silverwood Terrace, Los Angeles, CA 90026",,https://www.apartments.com/1619-silverwood-terrace-los-angeles-ca/brch6f8/,"1,200","1,200 Sq Ft",CA,Houses,90026
,,"$3,500",,,Available Now,1 BA,"[{'bedroom_type': '3 Beds', 'price': '$3,500'}]",Los Angeles,"Los Angeles, CA 91356",12 Month Lease,https://www.apartments.com/5033-nestle-ave-los-angeles-ca/q9pjv4w/,"1,200","1,200 Sq Ft",CA,Houses,91356
,"$3,550",,,,Available Now,1 BA,"[{'bedroom_type': '2 Beds', 'price': '$3,550'}]",Hermosa Beach,"1237 2nd St, Hermosa Beach, CA 90254",12 Month Lease,https://www.apartments.com/1237-2nd-st-hermosa-beach-ca/5vdkkjq/,890,890 Sq Ft,CA,Houses,90254
"$1,695",,,,,Available Now,1 BA,"[{'bedroom_type': '1 Bed', 'price': '$1,695'}]",Glendale,"Glendale, CA 91205",12 Month Lease,https://www.apartments.com/1443-e-maple-st-glendale-ca/7k81x4y/,800,800 Sq Ft,CA,Houses,91205
,"$3,100",,,,Available Now,2 BAs,"[{'bedroom_type': '2 Beds', 'price': '$3,100'}]",Altadena,"202 E Las Flores Dr, Altadena, CA 91001",12 Month Lease,https://www.apartments.com/202-e-las-flores-dr-altadena-ca/99790f7/,"1,543","1,543 Sq Ft",CA,Houses,91001
,,"$7,550",,,Available Now,2½ BAs,"[{'bedroom_type': '3 Beds', 'price': '$7,550'}]",Culver City,"Culver City, CA 90230",12 Month Lease,https://www.apartments.com/11864-bray-st-culver-city-ca/xx3nktn/,"2,000","2,000 Sq Ft",CA,Houses,90230
