Listing_type,Price,Full_address,Street,City,State,Zip_code,Bed,Bath,Square_Feet,Lot,Lot_conversion_to_sqft,House_type,Year_build,Parking,HOA,Zestimate,Rent_zestimate,Zillow_price/sqft,House_website
Multi-family home for sale,"$729,000","6728 Cantil St, Carlsbad, CA 92009",6728 Cantil St,Carlsbad,CA,92009,3,3,"1,736",null,null,Multiple Occupancy,1984,"Garage, Covered",null,"$729,006","$3,000/mo",$420,https://www.zillow.com/homedetails/6728-Cantil-St-Carlsbad-CA-92009/16656360_zpid/
For sale by owner,"$999,000","16048 Saddle Summit Rd, Ramona, CA 92065",16048 Saddle Summit Rd,Ramona,CA,92065,4,3,"2,496",null,null,Multiple Occupancy,1988,"Garage, Carport, Off-street, Covered",null,"$799,412","$3,450/mo",$400,https://www.zillow.com/homedetails/16048-Saddle-Summit-Rd-Ramona-CA-92065/16748797_zpid/
Multi-family home for sale,"$945,000","1225 Colorado Blvd, Los Angeles, CA 90041",1225 Colorado Blvd,LosAngeles,CA,90041,3,2,"1,410",null,null,Multiple Occupancy,1948,Covered,null,"$946,893","$2,500/mo",$670,https://www.zillow.com/homedetails/1225-Colorado-Blvd-Los-Angeles-CA-90041/20853550_zpid/
Multi-family home for sale,"$865,000","906 W 17th St #2, Los Angeles, CA 90015",906 W 17th St #2,LosAngeles,CA,90015,5,3,"2,060",null,null,Multiple Occupancy,1902,"Carport, Garage - Attached, Covered",null,"$866,178",null,$420,https://www.zillow.com/homedetails/906-W-17th-St-2-Los-Angeles-CA-90015/2077288396_zpid/
Multi-family home for sale,"$1,179,000","135 Ash Ave, Cayucos, CA 93430",135 Ash Ave,Cayucos,CA,93430,4,2,"7,500",null,null,Multiple Occupancy,1949,Covered,null,"$1,179,004",null,$157,https://www.zillow.com/homedetails/135-Ash-Ave-Cayucos-CA-93430/2076823643_zpid/
Multi-family home for sale,"$489,000","122 N 11th St, Santa Paula, CA 93060",122 N 11th St,SantaPaula,CA,93060,--,--,--,null,null,Multiple Occupancy,1985,0 spaces,null,"$495,581","$2,200/mo",null,https://www.zillow.com/homedetails/122-N-11th-St-Santa-Paula-CA-93060/300034964_zpid/
Multi-family home for sale,"$999,000","2117 Scott Rd, Burbank, CA 91504",2117 Scott Rd,Burbank,CA,91504,3,3,"1,775",null,null,Multiple Occupancy,1941,Covered,null,"$1,033,300","$2,700/mo",$563,https://www.zillow.com/homedetails/2117-Scott-Rd-Burbank-CA-91504/20061009_zpid/
Multi-family home for sale,"$2,049,000","640 Harrison St, Santa Clara, CA 95050",640 Harrison St,SantaClara,CA,95050,--,--,"3,041",null,null,Multiple Occupancy,1900,None,null,"$2,115,351","$3,200/mo",$674,https://www.zillow.com/homedetails/640-Harrison-St-Santa-Clara-CA-95050/153220181_zpid/
Multi-family home for sale,"$5,975,000","504 Hazel Dr, Corona Del Mar, CA 92625",504 Hazel Dr,CoronaDelMar,CA,92625,4,4,"3,479",null,null,Multiple Occupancy,2020,"Garage, Garage - Attached, Covered",null,"$5,496,689","$24,500/mo","$1,717",https://www.zillow.com/homedetails/504-Hazel-Dr-Corona-Del-Mar-CA-92625/25497950_zpid/
Multi-family home for sale,"$980,000","128 E Emerson Ave, Monterey Park, CA 91755",128 E Emerson Ave,MontereyPark,CA,91755,5,4,"2,539",null,null,Multiple Occupancy,1959,Covered,null,"$1,007,523","$2,295/mo",$386,https://www.zillow.com/homedetails/128-E-Emerson-Ave-Monterey-Park-CA-91755/20660901_zpid/
Contingent,"$500,000","10702 S Grevillea Ave, Inglewood, CA 90304",10702 S Grevillea Ave,Inglewood,CA,90304,3,2,"1,571",null,null,Multiple Occupancy,1921,Covered,null,"$512,001",null,$318,https://www.zillow.com/homedetails/10702-S-Grevillea-Ave-Inglewood-CA-90304/20346286_zpid/
Multi-family home for sale,"$1,800,000","847 Bard St, Hermosa Beach, CA 90254",847 Bard St,HermosaBeach,CA,90254,4,2,"2,148",null,null,Multiple Occupancy,1958,"Garage - Attached, Covered",null,"$1,823,462","$3,600/mo",$838,https://www.zillow.com/homedetails/847-Bard-St-Hermosa-Beach-CA-90254/20427543_zpid/
Contingent,"$425,000","8308 Hooper Ave, Los Angeles, CA 90001",8308 Hooper Ave,LosAngeles,CA,90001,8,4,"2,616",null,null,Multiple Occupancy,1971,0 spaces,null,"$433,905",null,$162,https://www.zillow.com/homedetails/8308-Hooper-Ave-Los-Angeles-CA-90001/20944255_zpid/
Multi-family home for sale,"$1,699,000","1702 S Hoover St, Los Angeles, CA 90006",1702 S Hoover St,LosAngeles,CA,90006,--,3,"2,415",null,null,Multiple Occupancy,2002,Covered,null,"$1,581,588","$2,700/mo",$704,https://www.zillow.com/homedetails/1702-S-Hoover-St-Los-Angeles-CA-90006/135544095_zpid/
Multi-family home for sale,"$749,000","692 Main St, Placerville, CA 95667",692 Main St,Placerville,CA,95667,3,--,"4,074",null,null,Multiple Occupancy,1886,Covered,null,"$720,514","$1,525/mo",$184,https://www.zillow.com/homedetails/692-Main-St-Placerville-CA-95667/2105501037_zpid/
Multi-family home for sale,"$775,000","2131 S Broden St, Anaheim, CA 92802",2131 S Broden St,Anaheim,CA,92802,6,6,"2,976",null,null,Multiple Occupancy,1964,"Garage, Garage - Attached, Covered",$710/mo,"$775,103","$2,500/mo",$260,https://www.zillow.com/homedetails/2131-S-Broden-St-Anaheim-CA-92802/25657760_zpid/
Multi-family home for sale,"$1,548,000","4363 Temecula St #65, San Diego, CA 92107",4363 Temecula St #65,SanDiego,CA,92107,--,--,--,null,null,Multiple Occupancy,No Data,0 spaces,null,null,null,null,https://www.zillow.com/homedetails/4363-Temecula-St-65-San-Diego-CA-92107/2076748282_zpid/
Multi-family home for sale,"$299,990","1522 West Dr, Bakersfield, CA 93305",1522 West Dr,Bakersfield,CA,93305,--,--,"2,516",null,null,Multiple Occupancy,1937,0 spaces,null,"$299,990","$1,000/mo",$119,https://www.zillow.com/homedetails/1522-West-Dr-Bakersfield-CA-93305/2144667357_zpid/
Multi-family home for sale,"$575,000","19670 Road 232, Strathmore, CA 93267",19670 Road 232,Strathmore,CA,93267,14,--,"4,609",null,null,Multiple Occupancy,1945,0 spaces,null,"$556,767",null,$125,https://www.zillow.com/homedetails/19670-Road-232-Strathmore-CA-93267/2077514262_zpid/
Multi-family home for sale,"$449,800","445 W 88th St, Los Angeles, CA 90003",445 W 88th St,LosAngeles,CA,90003,2,2,"1,080",null,null,Multiple Occupancy,1925,"Garage - Detached, Covered",null,"$443,921","$2,350/mo",$416,https://www.zillow.com/homedetails/445-W-88th-St-Los-Angeles-CA-90003/20950709_zpid/
Multi-family home for sale,"$365,000","2513 Charles St, Hughson, CA 95326",2513 Charles St,Hughson,CA,95326,3,--,525,null,null,Multiple Occupancy,1938,On-street,null,"$365,005","$1,100/mo",$695,https://www.zillow.com/homedetails/2513-Charles-St-Hughson-CA-95326/2095901191_zpid/
Multi-family home for sale,"$1,748,000","4375 Temecula St #77, San Diego, CA 92107",4375 Temecula St #77,SanDiego,CA,92107,--,--,--,null,null,Multiple Occupancy,No Data,0 spaces,null,null,null,null,https://www.zillow.com/homedetails/4375-Temecula-St-77-San-Diego-CA-92107/2076748283_zpid/
Multi-family home for sale,"$445,000","1947 N E St, San Bernardino, CA 92405",1947 N E St,SanBernardino,CA,92405,7,3,"2,976",null,null,Multiple Occupancy,1923,"Garage, Garage - Attached, Covered",null,"$448,111","$1,750/mo",$150,https://www.zillow.com/homedetails/1947-N-E-St-San-Bernardino-CA-92405/299164649_zpid/
Multi-family home for sale,"$900,000","1302 Avenue 392, Kingsburg, CA 93631",1302 Avenue 392,Kingsburg,CA,93631,12,9,"4,190",null,null,Multiple Occupancy,No Data,0 spaces,null,"$874,999",null,$215,https://www.zillow.com/homedetails/1302-Avenue-392-Kingsburg-CA-93631/2077042321_zpid/
Multi-family home for sale,"$975,000","1410 Brown St, Martinez, CA 94553",1410 Brown St,Martinez,CA,94553,--,--,--,null,null,Multiple Occupancy,1962,0 spaces,null,null,null,null,https://www.zillow.com/homedetails/1410-Brown-St-Martinez-CA-94553/2076751950_zpid/
Multi-family home for sale,"$695,000","11377 Lakeview Ave, Felton, CA 95018",11377 Lakeview Ave,Felton,CA,95018,--,--,"1,775",null,null,Multiple Occupancy,1971,"Off-street, On-street",null,"$703,503","$2,500/mo",$392,https://www.zillow.com/homedetails/11377-Lakeview-Ave-Felton-CA-95018/16154224_zpid/
Multi-family home for sale,"$100,000","(undisclosed Address), Edwards, CA 93523",(undisclosed Address),Edwards,CA,93523,4,2,"1,981",null,null,Multiple Occupancy,1962,Covered,null,"$100,000",null,$50,https://www.zillow.com/homedetails/Edwards-CA-93523/2077515237_zpid/
Multi-family home for sale,"$399,900","4053 N F St, San Bernardino, CA 92407",4053 N F St,SanBernardino,CA,92407,4,2,"2,200",null,null,Multiple Occupancy,1952,0 spaces,null,"$408,877",null,$182,https://www.zillow.com/homedetails/4053-N-F-St-San-Bernardino-CA-92407/2076832457_zpid/
Multi-family home for sale,"$539,000","2947 Concord Blvd, Concord, CA 94519",2947 Concord Blvd,Concord,CA,94519,--,--,"1,200",null,null,Multiple Occupancy,1942,"Garage, Garage - Attached, Covered",null,"$539,005","$2,595/mo",$449,https://www.zillow.com/homedetails/2947-Concord-Blvd-Concord-CA-94519/18345976_zpid/
Multi-family home for sale,"$1,395,000","9290 Wren Ave, Gilroy, CA 95020",9290 Wren Ave,Gilroy,CA,95020,--,--,"3,228",null,null,Multiple Occupancy,2001,Garage - Attached,null,"$1,433,759","$2,665/mo",$432,https://www.zillow.com/homedetails/9290-Wren-Ave-Gilroy-CA-95020/153553892_zpid/
Multi-family home for sale,"$1,800,000","27760 Palos Verdes Dr E, Rancho Palos Verdes, CA 90275",27760 Palos Verdes Dr E,RanchoPalosVerdes,CA,90275,6,6,"4,360",null,null,Multiple Occupancy,1976,Covered,null,"$1,800,004","$5,500/mo",$413,https://www.zillow.com/homedetails/27760-Palos-Verdes-Dr-E-Rancho-Palos-Verdes-CA-90275/21348928_zpid/
Multi-family home for sale,"$425,000","3038 Orchard Ln, Placerville, CA 95667",3038 Orchard Ln,Placerville,CA,95667,4,--,"2,070",null,null,Multiple Occupancy,No Data,0 spaces,null,"$414,579","$2,200/mo",$205,https://www.zillow.com/homedetails/3038-Orchard-Ln-Placerville-CA-95667/83901288_zpid/
Multi-family home for sale,"$397,500","706 W Newgrove St, Lancaster, CA 93534",706 W Newgrove St,Lancaster,CA,93534,4,3,"1,700",null,null,Multiple Occupancy,1950,"Garage, Covered",null,"$405,958","$2,100/mo",$234,https://www.zillow.com/homedetails/706-W-Newgrove-St-Lancaster-CA-93534/20293436_zpid/
Contingent,"$450,000","19738 Crescent Ave, Monte Rio, CA 95462",19738 Crescent Ave,MonteRio,CA,95462,2,2,"1,296",null,null,Multiple Occupancy,1961,0 spaces,null,"$450,031",null,$347,https://www.zillow.com/homedetails/19738-Crescent-Ave-Monte-Rio-CA-95462/2077529840_zpid/
Multi-family home for sale,"$239,000","532 N Gardena St, San Bernardino, CA 92411",532 N Gardena St,SanBernardino,CA,92411,5,3,"1,734",null,null,Multiple Occupancy,1928,"Garage, Garage - Attached, Covered",null,"$243,097","$1,495/mo",$138,https://www.zillow.com/homedetails/532-N-Gardena-St-San-Bernardino-CA-92411/17222175_zpid/
Contingent,"$825,000","2440 Gehrig St APT A, West Covina, CA 91792",2440 Gehrig St APT A,WestCovina,CA,91792,6,4,"2,346",null,null,Multiple Occupancy,1979,Covered,$138/mo,"$827,067",null,$352,https://www.zillow.com/homedetails/2440-Gehrig-St-APT-A-West-Covina-CA-91792/2077515247_zpid/
Multi-family home for sale,"$549,000","4249 Floral Dr, Los Angeles, CA 90063",4249 Floral Dr,LosAngeles,CA,90063,4,2,"1,548",null,null,Multiple Occupancy,1925,Covered,null,"$549,000","$2,500/mo",$355,https://www.zillow.com/homedetails/4249-Floral-Dr-Los-Angeles-CA-90063/135571855_zpid/
Multi-family home for sale,"$435,000","149 W 20th St, Merced, CA 95340",149 W 20th St,Merced,CA,95340,2,5,"1,293",null,null,Multiple Occupancy,1926,0 spaces,null,"$427,264","$1,000/mo",$336,https://www.zillow.com/homedetails/149-W-20th-St-Merced-CA-95340/299947176_zpid/
Multi-family home for sale,"$629,900","2993 Marysville Blvd, Sacramento, CA 95815",2993 Marysville Blvd,Sacramento,CA,95815,--,--,--,null,null,Multiple Occupancy,2020,0 spaces,null,"$629,976",null,null,https://www.zillow.com/homedetails/2993-Marysville-Blvd-Sacramento-CA-95815/96021708_zpid/
Multi-family home for sale,"$315,000","35940 Highway 96, Klamath River, CA 96050",35940 Highway 96,KlamathRiver,CA,96050,--,4,"7,500",null,null,Multiple Occupancy,No Data,0 spaces,null,"$306,876",null,$42,https://www.zillow.com/homedetails/35940-Highway-96-Klamath-River-CA-96050/2076968983_zpid/
Multi-family home for sale,"$1,749,000","296 California St, Auburn, CA 95603",296 California St,Auburn,CA,95603,15,--,"1,800",null,null,Multiple Occupancy,1915,Carport,null,"$1,668,653","$1,495/mo",$972,https://www.zillow.com/homedetails/296-California-St-Auburn-CA-95603/188059142_zpid/
Contingent,"$558,000","12342 224th St, Hawaiian Gardens, CA 90716",12342 224th St,HawaiianGardens,CA,90716,3,3,"1,168",null,null,Multiple Occupancy,1949,Covered,null,"$577,956",null,$478,https://www.zillow.com/homedetails/12342-224th-St-Hawaiian-Gardens-CA-90716/21138770_zpid/
Multi-family home for sale,"$728,000","4937 Peck Rd UNIT G, El Monte, CA 91732",4937 Peck Rd UNIT G,ElMonte,CA,91732,4,3,"2,279",null,null,Multiple Occupancy,2004,"Garage - Attached, Covered",$148/mo,"$728,005","$2,900/mo",$319,https://www.zillow.com/homedetails/4937-Peck-Rd-UNIT-G-El-Monte-CA-91732/63791308_zpid/
Multi-family home for sale,"$650,000","7310 Dinwiddie St, Downey, CA 90241",7310 Dinwiddie St,Downey,CA,90241,2,2,"1,300",null,null,Multiple Occupancy,1939,0 spaces,null,"$659,546","$2,300/mo",$500,https://www.zillow.com/homedetails/7310-Dinwiddie-St-Downey-CA-90241/21039892_zpid/
For sale by owner,"$1,180,000","8322 Doris Ave, San Gabriel, CA 91775",8322 Doris Ave,SanGabriel,CA,91775,4,2,"2,380",null,null,Multiple Occupancy,1957,"Carport, Garage - Attached, Garage - Detached",null,"$1,194,466","$2,750/mo",$496,https://www.zillow.com/homedetails/8322-Doris-Ave-San-Gabriel-CA-91775/20727472_zpid/
Multi-family home for sale,"$849,900","5009 Stratford Rd, Los Angeles, CA 90042",5009 Stratford Rd,LosAngeles,CA,90042,2,2,"1,120",null,null,Multiple Occupancy,1924,"Garage - Detached, On-street, Covered",null,"$866,349","$2,400/mo",$759,https://www.zillow.com/homedetails/5009-Stratford-Rd-Los-Angeles-CA-90042/20766260_zpid/
For sale by owner,"$300,000","5546 Debby Ave, Oroville, CA 95966",5546 Debby Ave,Oroville,CA,95966,4,2,"1,818",null,null,Multiple Occupancy,1961,"Garage - Attached, Garage - Detached, Off-street, Covered",null,"$293,216","$1,550/mo",$165,https://www.zillow.com/homedetails/5546-Debby-Ave-Oroville-CA-95966/18236804_zpid/
Multi-family home for sale,"$799,000","873 20th St, Oakland, CA 94607",873 20th St,Oakland,CA,94607,3,1,904,null,null,Multiple Occupancy,1893,Off-street,null,"$839,883","$3,000/mo",$884,https://www.zillow.com/homedetails/873-20th-St-Oakland-CA-94607/24738513_zpid/
Multi-family home for sale,"$559,000","1725 Marin St LOT 1727, Vallejo, CA 94590",1725 Marin St LOT 1727,Vallejo,CA,94590,4,2,"1,572",null,null,Multiple Occupancy,1906,0 spaces,null,"$575,496",null,$356,https://www.zillow.com/homedetails/1725-Marin-St-LOT-1727-Vallejo-CA-94590/2076938529_zpid/
Multi-family home for sale,"$995,000","476 E Chuckwalla Rd, Palm Springs, CA 92262",476 E Chuckwalla Rd,PalmSprings,CA,92262,4,6,"3,605",null,null,Multiple Occupancy,1959,Off-street,null,"$869,029",null,$276,https://www.zillow.com/homedetails/476-E-Chuckwalla-Rd-Palm-Springs-CA-92262/2079796419_zpid/
Multi-family home for sale,"$425,000","16593 Paine St, Fontana, CA 92336",16593 Paine St,Fontana,CA,92336,3,2,"1,548",null,null,Multiple Occupancy,1954,"Garage, Garage - Attached, Covered",null,"$440,757","$1,750/mo",$275,https://www.zillow.com/homedetails/16593-Paine-St-Fontana-CA-92336/17277976_zpid/
Multi-family home for sale,"$825,000","310 Edith St, Petaluma, CA 94952",310 Edith St,Petaluma,CA,94952,5,2,"1,738",null,null,Multiple Occupancy,1920,"Garage - Attached, Covered",null,"$833,487","$2,500/mo",$475,https://www.zillow.com/homedetails/310-Edith-St-Petaluma-CA-94952/15751897_zpid/
Multi-family home for sale,"$165,000","318 E 8th St #778, Holtville, CA 92250",318 E 8th St #778,Holtville,CA,92250,4,--,"1,216",null,null,Multiple Occupancy,1930,0 spaces,null,"$162,368",null,$136,https://www.zillow.com/homedetails/318-E-8th-St-778-Holtville-CA-92250/18855759_zpid/
Multi-family home for sale,"$550,000","2 S Ham Ln, Lodi, CA 95242",2 S Ham Ln,Lodi,CA,95242,4,--,"2,489",null,null,Multiple Occupancy,1954,"Garage - Attached, Covered",null,"$567,966","$1,795/mo",$221,https://www.zillow.com/homedetails/2-S-Ham-Ln-Lodi-CA-95242/15264023_zpid/
Multi-family home for sale,"$1,500,000","603 Beacon St, Avalon, CA 90704",603 Beacon St,Avalon,CA,90704,2,2,"3,111",null,null,Multiple Occupancy,1947,0 spaces,null,"$1,494,030","$2,600/mo",$482,https://www.zillow.com/homedetails/603-Beacon-St-Avalon-CA-90704/21316286_zpid/
Multi-family home for sale,"$720,000","10640 Arlington Ave, Riverside, CA 92505",10640 Arlington Ave,Riverside,CA,92505,13,3,"3,355",null,null,Multiple Occupancy,1932,0 spaces,null,"$720,003",null,$215,https://www.zillow.com/homedetails/10640-Arlington-Ave-Riverside-CA-92505/2077169111_zpid/
Multi-family home for sale,"$170,000","316 Maxine Ave, Barstow, CA 92311",316 Maxine Ave,Barstow,CA,92311,4,2,"1,400",null,null,Multiple Occupancy,2004,"Garage, Garage - Attached, Covered",null,"$170,000","$1,100/mo",$121,https://www.zillow.com/homedetails/316-Maxine-Ave-Barstow-CA-92311/17272239_zpid/
Multi-family home for sale,"$1,950,000","250-252 18th Ave, San Francisco, CA 94121",250-252 18th Ave,SanFrancisco,CA,94121,4,4,"3,440",null,null,Multiple Occupancy,1915,0 spaces,null,"$2,033,132",null,$567,https://www.zillow.com/homedetails/250-252-18th-Ave-San-Francisco-CA-94121/2076823722_zpid/
Multi-family home for sale,"$229,500","1205 N Conyer St, Visalia, CA 93291",1205 N Conyer St,Visalia,CA,93291,4,--,"1,600",null,null,Multiple Occupancy,1946,"Garage, Garage - Attached, Covered",null,"$229,609","$1,400/mo",$143,https://www.zillow.com/homedetails/1205-N-Conyer-St-Visalia-CA-93291/16236647_zpid/
Multi-family home for sale,"$735,000","1650 Watertrough Rd, Sebastopol, CA 95472",1650 Watertrough Rd,Sebastopol,CA,95472,4,2,"1,986",null,null,Multiple Occupancy,1926,On-street,null,null,null,$370,https://www.zillow.com/homedetails/1650-Watertrough-Rd-Sebastopol-CA-95472/15813608_zpid/
Multi-family home for sale,"$940,000","9829 Rio Hondo Pkwy, El Monte, CA 91733",9829 Rio Hondo Pkwy,ElMonte,CA,91733,9,4,"2,916",null,null,Multiple Occupancy,1932,Covered,null,"$957,735","$2,400/mo",$322,https://www.zillow.com/homedetails/9829-Rio-Hondo-Pkwy-El-Monte-CA-91733/21614944_zpid/
Multi-family home for sale,"$240,000","327 Jeffrey St, Bakersfield, CA 93305",327 Jeffrey St,Bakersfield,CA,93305,4,2,"1,859",null,null,Multiple Occupancy,1978,"Garage - Attached, Covered",null,"$240,004","$1,095/mo",$129,https://www.zillow.com/homedetails/327-Jeffrey-St-Bakersfield-CA-93305/18928328_zpid/
Multi-family home for sale,"$1,200,000","875 Estates St, Livermore, CA 94550",875 Estates St,Livermore,CA,94550,--,--,"1,100",null,null,Multiple Occupancy,1951,"Garage, Off-street",null,"$1,207,679","$3,295/mo","$1,091",https://www.zillow.com/homedetails/875-Estates-St-Livermore-CA-94550/24939220_zpid/
Multi-family home for sale,"$1,550,000","7132 Dinwiddie St, Downey, CA 90241",7132 Dinwiddie St,Downey,CA,90241,12,8,"3,925",null,null,Multiple Occupancy,1954,Covered,null,"$1,550,001","$2,500/mo",$395,https://www.zillow.com/homedetails/7132-Dinwiddie-St-Downey-CA-90241/21039908_zpid/
Multi-family home for sale,"$449,999","5834 Sperry Dr, Citrus Heights, CA 95621",5834 Sperry Dr,CitrusHeights,CA,95621,4,--,"2,041",null,null,Multiple Occupancy,1977,"Garage, Garage - Attached, Covered",null,"$453,867","$1,750/mo",$220,https://www.zillow.com/homedetails/5834-Sperry-Dr-Citrus-Heights-CA-95621/26047792_zpid/
Multi-family home for sale,"$499,888","1349 E 59th Pl, Los Angeles, CA 90001",1349 E 59th Pl,LosAngeles,CA,90001,3,3,"1,620",null,null,Multiple Occupancy,1955,0 spaces,null,"$500,444","$2,250/mo",$309,https://www.zillow.com/homedetails/1349-E-59th-Pl-Los-Angeles-CA-90001/20931082_zpid/
Multi-family home for sale,"$698,000","315 E 109th St, Los Angeles, CA 90061",315 E 109th St,LosAngeles,CA,90061,8,4,"2,824",null,null,Multiple Occupancy,2007,"Carport, Covered",null,"$698,005","$2,495/mo",$247,https://www.zillow.com/homedetails/315-E-109th-St-Los-Angeles-CA-90061/20971063_zpid/
Multi-family home for sale,"$499,000","176 Landis Cir, Auburn, CA 95603",176 Landis Cir,Auburn,CA,95603,4,--,"1,800",null,null,Multiple Occupancy,1979,0 spaces,null,"$516,999","$2,395/mo",$277,https://www.zillow.com/homedetails/176-Landis-Cir-Auburn-CA-95603/17647359_zpid/
Multi-family home for sale,"$350,000","1353 Fairview Ave, Colton, CA 92324",1353 Fairview Ave,Colton,CA,92324,3,2,"1,350",null,null,Multiple Occupancy,1946,"Garage, Garage - Attached",null,"$357,647","$1,600/mo",$259,https://www.zillow.com/homedetails/1353-Fairview-Ave-Colton-CA-92324/17252870_zpid/
Multi-family home for sale,"$2,899,000","2808 S Redondo Blvd, Los Angeles, CA 90016",2808 S Redondo Blvd,LosAngeles,CA,90016,16,18,"7,058",null,null,Multiple Occupancy,2020,"Garage - Attached, Covered",null,"$2,855,609","$2,560/mo",$411,https://www.zillow.com/homedetails/2808-S-Redondo-Blvd-Los-Angeles-CA-90016/20589094_zpid/
Multi-family home for sale,"$625,000","3825 Hammel St, Los Angeles, CA 90063",3825 Hammel St,LosAngeles,CA,90063,6,3,2,null,null,Multiple Occupancy,1947,Covered,null,"$625,004","$2,400/mo","$312,500",https://www.zillow.com/homedetails/3825-Hammel-St-Los-Angeles-CA-90063/20647974_zpid/
Multi-family home for sale,"$600,000","167 Bel Air Ct, Turlock, CA 95380",167 Bel Air Ct,Turlock,CA,95380,6,--,"2,740",null,null,Multiple Occupancy,1965,"Garage, Garage - Attached",null,"$600,002","$1,600/mo",$219,https://www.zillow.com/homedetails/167-Bel-Air-Ct-Turlock-CA-95380/300254604_zpid/
Multi-family home for sale,"$635,000","2021 N Douty St, Hanford, CA 93230",2021 N Douty St,Hanford,CA,93230,7,5,"4,416",null,null,Multiple Occupancy,1960,"Carport, Covered",null,"$635,001",null,$144,https://www.zillow.com/homedetails/2021-N-Douty-St-Hanford-CA-93230/2076798672_zpid/
Multi-family home for sale,"$1,499,000","1821 E Amado Rd, Palm Springs, CA 92262",1821 E Amado Rd,PalmSprings,CA,92262,6,5,"3,303",null,null,Multiple Occupancy,1955,0 spaces,null,"$1,489,915",null,$454,https://www.zillow.com/homedetails/1821-E-Amado-Rd-Palm-Springs-CA-92262/2077177489_zpid/
Multi-family home for sale,"$575,000","2005 10th St, Los Osos, CA 93402",2005 10th St,LosOsos,CA,93402,2,2,"1,568",null,null,Multiple Occupancy,1938,0 spaces,null,"$578,988","$2,400/mo",$367,https://www.zillow.com/homedetails/2005-10th-St-Los-Osos-CA-93402/2090849760_zpid/
Multi-family home for sale,"$419,500","5521 Ridgeway Ave, Stockton, CA 95207",5521 Ridgeway Ave,Stockton,CA,95207,4,--,"1,726",null,null,Multiple Occupancy,1966,"Garage - Attached, Covered",$40/mo,"$426,158","$1,650/mo",$243,https://www.zillow.com/homedetails/5521-Ridgeway-Ave-Stockton-CA-95207/15304060_zpid/
Multi-family home for sale,"$190,000","1809 Niles St, Bakersfield, CA 93305",1809 Niles St,Bakersfield,CA,93305,4,2,"1,426",null,null,Multiple Occupancy,1938,"Garage - Attached, Covered",null,"$189,490","$1,375/mo",$133,https://www.zillow.com/homedetails/1809-Niles-St-Bakersfield-CA-93305/18936436_zpid/
Multi-family home for sale,"$899,000","1230 Mesa St, Concord, CA 94518",1230 Mesa St,Concord,CA,94518,5,4,"2,800",null,null,Multiple Occupancy,1947,"Garage, Garage - Attached, Covered",null,"$899,007",null,$321,https://www.zillow.com/homedetails/1230-Mesa-St-Concord-CA-94518/18340105_zpid/
Multi-family home for sale,"$949,900","25055 Muir St, Hayward, CA 94544",25055 Muir St,Hayward,CA,94544,--,--,"1,944",null,null,Multiple Occupancy,1932,"Garage - Detached, Parking Structure",null,"$1,008,515","$2,675/mo",$489,https://www.zillow.com/homedetails/25055-Muir-St-Hayward-CA-94544/299070344_zpid/
Multi-family home for sale,"$564,900","144 N Soldano Ave, Azusa, CA 91702",144 N Soldano Ave,Azusa,CA,91702,3,2,"1,200",null,null,Multiple Occupancy,1922,0 spaces,null,"$588,017","$2,300/mo",$471,https://www.zillow.com/homedetails/144-N-Soldano-Ave-Azusa-CA-91702/21626783_zpid/
Multi-family home for sale,"$699,999","3333 City Terrace Dr, Los Angeles, CA 90063",3333 City Terrace Dr,LosAngeles,CA,90063,3,3,"2,002",null,null,Multiple Occupancy,1926,0 spaces,null,"$700,151","$2,400/mo",$350,https://www.zillow.com/homedetails/3333-City-Terrace-Dr-Los-Angeles-CA-90063/20647526_zpid/
Multi-family home for sale,"$1,200,000","437 E Avenue Q7, Palmdale, CA 93550",437 E Avenue Q7,Palmdale,CA,93550,10,10,"5,694",null,null,Multiple Occupancy,1983,"Garage - Detached, Covered",null,"$1,200,007","$2,200/mo",$211,https://www.zillow.com/homedetails/437-E-Avenue-Q7-Palmdale-CA-93550/2094012021_zpid/
Multi-family home for sale,"$635,000","4125 Apostolo Cir, Sacramento, CA 95824",4125 Apostolo Cir,Sacramento,CA,95824,8,--,"3,738",null,null,Multiple Occupancy,1968,"Garage, Garage - Attached, Covered",$350/mo,"$635,005","$1,395/mo",$170,https://www.zillow.com/homedetails/4125-Apostolo-Cir-Sacramento-CA-95824/25820373_zpid/
Multi-family home for sale,"$849,000","20565 Stanton Ave, Castro Valley, CA 94546",20565 Stanton Ave,CastroValley,CA,94546,--,--,"1,796",null,null,Multiple Occupancy,1961,"Garage, Garage - Attached",null,"$921,826","$2,650/mo",$473,https://www.zillow.com/homedetails/20565-Stanton-Ave-Castro-Valley-CA-94546/24905024_zpid/
Multi-family home for sale,"$2,399,000","8757 Dorrington Ave, West Hollywood, CA 90048",8757 Dorrington Ave,WestHollywood,CA,90048,3,3,"3,198",null,null,Multiple Occupancy,1938,"Garage - Detached, Covered",null,"$2,400,091","$4,150/mo",$750,https://www.zillow.com/homedetails/8757-Dorrington-Ave-West-Hollywood-CA-90048/20516319_zpid/
Multi-family home for sale,"$775,000","11322 S Grevillea Ave, Inglewood, CA 90304",11322 S Grevillea Ave,Inglewood,CA,90304,3,3,"1,672",null,null,Multiple Occupancy,1911,"On-street, Covered",null,"$776,386","$2,350/mo",$464,https://www.zillow.com/homedetails/11322-S-Grevillea-Ave-Inglewood-CA-90304/20346890_zpid/
Multi-family home for sale,"$748,888","2338 Rheem Ave #2340, Richmond, CA 94804",2338 Rheem Ave #2340,Richmond,CA,94804,5,2,"1,508",null,null,Multiple Occupancy,1943,"Garage, Carport, Covered",null,"$766,064",null,$497,https://www.zillow.com/homedetails/2338-Rheem-Ave-2340-Richmond-CA-94804/18542057_zpid/
Multi-family home for sale,"$599,000","116 W 70th St, Los Angeles, CA 90003",116 W 70th St,LosAngeles,CA,90003,3,3,"1,591",null,null,Multiple Occupancy,1924,Covered,null,"$599,317","$2,350/mo",$376,https://www.zillow.com/homedetails/116-W-70th-St-Los-Angeles-CA-90003/20933779_zpid/
Multi-family home for sale,"$879,000","2750 Alsace Ave, Los Angeles, CA 90016",2750 Alsace Ave,LosAngeles,CA,90016,3,3,"1,979",null,null,Multiple Occupancy,1922,Covered,null,"$879,005","$2,595/mo",$444,https://www.zillow.com/homedetails/2750-Alsace-Ave-Los-Angeles-CA-90016/20588998_zpid/
Multi-family home for sale,"$699,000","338-40 W 6th Ave, Escondido, CA 92025",338-40 W 6th Ave,Escondido,CA,92025,6,3,"2,138",null,null,Multiple Occupancy,1962,0 spaces,null,"$705,991","$2,195/mo",$327,https://www.zillow.com/homedetails/338-40-W-6th-Ave-Escondido-CA-92025/295342432_zpid/
Multi-family home for sale,"$975,000","147-149 Caledonia St, San Francisco, CA 94103",147-149 Caledonia St,SanFrancisco,CA,94103,4,2,"1,824",null,null,Multiple Occupancy,1908,0 spaces,null,"$975,005",null,$535,https://www.zillow.com/homedetails/147-149-Caledonia-St-San-Francisco-CA-94103/2077024623_zpid/
For sale by owner,"$510,000","4021 New York Ave, Fair Oaks, CA 95628",4021 New York Ave,FairOaks,CA,95628,2,2,"1,475",null,null,Multiple Occupancy,1939,"Garage, Garage - Detached, Off-street, Covered",null,"$539,059","$1,807/mo",$346,https://www.zillow.com/homedetails/4021-New-York-Ave-Fair-Oaks-CA-95628/26045191_zpid/
Multi-family home for sale,"$780,000","1616 25th Ave, Oakland, CA 94601",1616 25th Ave,Oakland,CA,94601,6,3.5,"2,556",null,null,Multiple Occupancy,1906,Covered,null,"$826,467","$2,895/mo",$305,https://www.zillow.com/homedetails/1616-25th-Ave-Oakland-CA-94601/299066694_zpid/
Multi-family home for sale,"$1,150,000","11737 W Larch Rd, Tracy, CA 95304",11737 W Larch Rd,Tracy,CA,95304,13,5,"4,988",null,null,Multiple Occupancy,1970,"Off-street, Covered",null,"$1,195,487","$2,100/mo",$231,https://www.zillow.com/homedetails/11737-W-Larch-Rd-Tracy-CA-95304/15352188_zpid/
Multi-family home for sale,"$445,000","16074 Walnut St, Hesperia, CA 92345",16074 Walnut St,Hesperia,CA,92345,--,--,"5,000",null,null,Multiple Occupancy,1988,0 spaces,null,"$448,983",null,$89,https://www.zillow.com/homedetails/16074-Walnut-St-Hesperia-CA-92345/2077185759_zpid/
Multi-family home for sale,"$495,000","3501 El Dorado Rd, Placerville, CA 95667",3501 El Dorado Rd,Placerville,CA,95667,4,--,"1,988",null,null,null,null,null,null,null,null,null,https://www.zillow.com/homedetails/3501-El-Dorado-Rd-Placerville-CA-95667/195437504_zpid/
Contingent,"$675,000","10520 Haas Ave, Los Angeles, CA 90047",10520 Haas Ave,LosAngeles,CA,90047,4,2,"1,678",null,null,Multiple Occupancy,1947,"Garage - Detached, Covered",null,"$683,622",null,$402,https://www.zillow.com/homedetails/10520-Haas-Ave-Los-Angeles-CA-90047/20963755_zpid/
For sale by owner,"$1,200,000","5954 Laird Ave, Oakland, CA 94605",5954 Laird Ave,Oakland,CA,94605,6,3,"3,775",null,null,Multiple Occupancy,1951,"Garage - Attached, On-street, Covered",null,"$940,296","$3,000/mo",$318,https://www.zillow.com/homedetails/5954-Laird-Ave-Oakland-CA-94605/24785647_zpid/
Multi-family home for sale,"$350,000","266 N Calaveras St, Fresno, CA 93701",266 N Calaveras St,Fresno,CA,93701,8,4,"3,120",null,null,Multiple Occupancy,1972,"Garage, Carport",null,"$350,001","$1,000/mo",$112,https://www.zillow.com/homedetails/266-N-Calaveras-St-Fresno-CA-93701/82858661_zpid/
Multi-family home for sale,"$385,000","806 Lincoln Ave, Bakersfield, CA 93308",806 Lincoln Ave,Bakersfield,CA,93308,--,--,"2,820",null,null,Multiple Occupancy,1982,0 spaces,null,"$385,001","$1,095/mo",$137,https://www.zillow.com/homedetails/806-Lincoln-Ave-Bakersfield-CA-93308/18921100_zpid/
Multi-family home for sale,"$1,700,000","77 Glen Dr, Sausalito, CA 94965",77 Glen Dr,Sausalito,CA,94965,3,2,"1,804",null,null,Multiple Occupancy,1925,"Garage, On-street, Covered",null,"$1,700,001","$3,800/mo",$942,https://www.zillow.com/homedetails/77-Glen-Dr-Sausalito-CA-94965/80746614_zpid/
Multi-family home for sale,"$425,000","16585 Paine St, Fontana, CA 92336",16585 Paine St,Fontana,CA,92336,3,2,"1,548",null,null,Multiple Occupancy,1954,"Garage, Garage - Attached, Covered",null,"$440,937","$1,750/mo",$275,https://www.zillow.com/homedetails/16585-Paine-St-Fontana-CA-92336/17277977_zpid/
Contingent,"$499,500","1216-1218 N Mulberry St, Compton, CA 90222",1216-1218 N Mulberry St,Compton,CA,90222,4,2,"1,446",null,null,Multiple Occupancy,1929,Covered,null,"$514,587",null,$345,https://www.zillow.com/homedetails/1216-1218-N-Mulberry-St-Compton-CA-90222/2078544678_zpid/
Multi-family home for sale,"$185,000","6062 Ocotillo Ave, Twentynine Palms, CA 92277",6062 Ocotillo Ave,TwentyninePalms,CA,92277,2,1,"8,125",null,null,Multiple Occupancy,1972,"Garage, Garage - Attached, Covered",null,"$185,000",$900/mo,$23,https://www.zillow.com/homedetails/6062-Ocotillo-Ave-Twentynine-Palms-CA-92277/17505688_zpid/
Multi-family home for sale,"$1,077,000","11910 Garfield Ave, South Gate, CA 90280",11910 Garfield Ave,SouthGate,CA,90280,6,5,"2,931",null,null,Multiple Occupancy,1942,"Off-street, Covered",null,"$1,055,442","$2,300/mo",$367,https://www.zillow.com/homedetails/11910-Garfield-Ave-South-Gate-CA-90280/250340931_zpid/
Multi-family home for sale,"$799,000","3771 Miller Way, Sacramento, CA 95817",3771 Miller Way,Sacramento,CA,95817,4,2,"1,683",null,null,Multiple Occupancy,1953,"Garage, Garage - Attached, Covered",null,"$799,007","$1,699/mo",$475,https://www.zillow.com/homedetails/3771-Miller-Way-Sacramento-CA-95817/25799050_zpid/
Multi-family home for sale,"$390,000","13150 Miracle Hill Rd, Desert Hot Springs, CA 92240",13150 Miracle Hill Rd,DesertHotSprings,CA,92240,5,4,"2,340",null,null,Multiple Occupancy,1990,Covered,null,"$390,002",null,$167,https://www.zillow.com/homedetails/13150-Miracle-Hill-Rd-Desert-Hot-Springs-CA-92240/2076881437_zpid/
Multi-family home for sale,"$305,950","543 Lindsay Ave, Sacramento, CA 95838",543 Lindsay Ave,Sacramento,CA,95838,4,--,"1,470",null,null,Multiple Occupancy,1946,0 spaces,null,"$313,892","$1,900/mo",$208,https://www.zillow.com/homedetails/543-Lindsay-Ave-Sacramento-CA-95838/26056137_zpid/
Multi-family home for sale,"$365,000","18850 Lynwood St, Bloomington, CA 92316",18850 Lynwood St,Bloomington,CA,92316,4,2,"1,344",null,null,Multiple Occupancy,1960,"Garage, Garage - Attached",null,"$365,002","$1,500/mo",$272,https://www.zillow.com/homedetails/18850-Lynwood-St-Bloomington-CA-92316/17340647_zpid/
Multi-family home for sale,"$242,000","1745 Pleasant St, Redding, CA 96001",1745 Pleasant St,Redding,CA,96001,--,--,418,null,null,Multiple Occupancy,1980,0 spaces,null,"$236,739","$1,095/mo",$579,https://www.zillow.com/homedetails/1745-Pleasant-St-Redding-CA-96001/15230499_zpid/
Multi-family home for sale,"$468,888","3815 Hammel St, Los Angeles, CA 90063",3815 Hammel St,LosAngeles,CA,90063,--,--,"1,328",null,null,Multiple Occupancy,1922,0 spaces,null,"$479,224","$2,500/mo",$353,https://www.zillow.com/homedetails/3815-Hammel-St-Los-Angeles-CA-90063/135574818_zpid/
Multi-family home for sale,"$2,999,999","402 Brooks Ave, Venice, CA 90291",402 Brooks Ave,Venice,CA,90291,3,--,"1,908",null,null,Multiple Occupancy,1912,"Off-street, On-street, Covered",null,"$3,000,009","$6,950/mo","$1,572",https://www.zillow.com/homedetails/402-Brooks-Ave-Venice-CA-90291/20450848_zpid/
Multi-family home for sale,"$1,150,000","3500 W Jefferson Blvd, West Sacramento, CA 95691",3500 W Jefferson Blvd,WestSacramento,CA,95691,15,--,--,null,null,Multiple Occupancy,1927,Covered,null,"$1,150,004",null,null,https://www.zillow.com/homedetails/3500-W-Jefferson-Blvd-West-Sacramento-CA-95691/2077061370_zpid/
Multi-family home for sale,"$1,279,000","1769 3rd St, Napa, CA 94559",1769 3rd St,Napa,CA,94559,--,--,"2,350",null,null,Multiple Occupancy,No Data,"Garage - Attached, Covered",null,null,"$3,150/mo",$544,https://www.zillow.com/homedetails/1769-3rd-St-Napa-CA-94559/129649232_zpid/
Multi-family home for sale,"$655,000","78-80 Raemere St, Camarillo, CA 93010",78-80 Raemere St,Camarillo,CA,93010,4,--,--,null,null,Multiple Occupancy,1953,Covered,null,"$670,244",null,null,https://www.zillow.com/homedetails/78-80-Raemere-St-Camarillo-CA-93010/2077110175_zpid/
Multi-family home for sale,"$999,000","820 Athens Ave, Oakland, CA 94607",820 Athens Ave,Oakland,CA,94607,6,5,"2,472",null,null,Multiple Occupancy,1903,On-street,null,"$1,023,465","$2,615/mo",$404,https://www.zillow.com/homedetails/820-Athens-Ave-Oakland-CA-94607/24738389_zpid/
New construction,"$4,195,000","4135 Van Buren Pl, Culver City, CA 90232",4135 Van Buren Pl,CulverCity,CA,90232,7,9,"4,820",null,null,Multiple Occupancy,2020,"Garage, Garage - Attached, Covered",null,"$4,085,565","$4,500/mo",$870,https://www.zillow.com/homedetails/4135-Van-Buren-Pl-Culver-City-CA-90232/20432004_zpid/
Multi-family home for sale,"$229,000","7124 Palo Alto Ave #2, Yucca Valley, CA 92284",7124 Palo Alto Ave #2,YuccaValley,CA,92284,4,2,"1,680",null,null,Multiple Occupancy,1972,Covered,null,"$229,143",null,$136,https://www.zillow.com/homedetails/7124-Palo-Alto-Ave-2-Yucca-Valley-CA-92284/2077600971_zpid/
Multi-family home for sale,"$725,000","421-425 S 38th St, San Diego, CA 92113",421-425 S 38th St,SanDiego,CA,92113,6,3,"1,631",null,null,Multiple Occupancy,1950,0 spaces,null,"$717,943",null,$445,https://www.zillow.com/homedetails/421-425-S-38th-St-San-Diego-CA-92113/2078967534_zpid/
Multi-family home for sale,"$850,000","4317 Milburn Dr, Los Angeles, CA 90063",4317 Milburn Dr,LosAngeles,CA,90063,5,4,"1,534",null,null,Multiple Occupancy,1928,Covered,null,"$854,906","$2,250/mo",$554,https://www.zillow.com/homedetails/4317-Milburn-Dr-Los-Angeles-CA-90063/20645849_zpid/
Multi-family home for sale,"$850,000","4317 Milburn Dr, Los Angeles, CA 90063",4317 Milburn Dr,LosAngeles,CA,90063,5,4,"1,534",null,null,Multiple Occupancy,1928,Covered,null,"$854,906","$2,250/mo",$554,https://www.zillow.com/homedetails/4317-Milburn-Dr-Los-Angeles-CA-90063/20645849_zpid/
Multi-family home for sale,"$500,000","414 W Center St #2, Pomona, CA 91768",414 W Center St #2,Pomona,CA,91768,3,2,"1,417",null,null,Multiple Occupancy,1885,"Carport, Covered",null,"$518,426",null,$353,https://www.zillow.com/homedetails/414-W-Center-St-2-Pomona-CA-91768/2077301949_zpid/
Multi-family home for sale,"$3,790,000","113 Monterey Blvd, Hermosa Beach, CA 90254",113 Monterey Blvd,HermosaBeach,CA,90254,7,7,"3,288",null,null,Multiple Occupancy,1969,Covered,null,"$3,699,761","$3,300/mo","$1,153",https://www.zillow.com/homedetails/113-Monterey-Blvd-Hermosa-Beach-CA-90254/20428261_zpid/
Multi-family home for sale,"$385,000","804 Lincoln Ave, Bakersfield, CA 93308",804 Lincoln Ave,Bakersfield,CA,93308,--,--,"2,820",null,null,Multiple Occupancy,1982,0 spaces,null,"$385,001","$1,000/mo",$137,https://www.zillow.com/homedetails/804-Lincoln-Ave-Bakersfield-CA-93308/18921099_zpid/
Multi-family home for sale,"$875,000","3640 E 52nd St, Maywood, CA 90270",3640 E 52nd St,Maywood,CA,90270,7,3,"2,810",null,null,Multiple Occupancy,1946,Covered,null,"$875,008","$2,400/mo",$311,https://www.zillow.com/homedetails/3640-E-52nd-St-Maywood-CA-90270/21068325_zpid/
Contingent,"$550,000","747 N Caswell Ave, Pomona, CA 91767",747 N Caswell Ave,Pomona,CA,91767,4,3,"1,559",null,null,Multiple Occupancy,1930,Covered,null,"$563,888",null,$353,https://www.zillow.com/homedetails/747-N-Caswell-Ave-Pomona-CA-91767/21512332_zpid/
Multi-family home for sale,"$14,495,000","201 Bath St, Santa Barbara, CA 93101",201 Bath St,SantaBarbara,CA,93101,14,12,--,null,null,Multiple Occupancy,0,0 spaces,null,null,null,null,https://www.zillow.com/homedetails/201-Bath-St-Santa-Barbara-CA-93101/2076741419_zpid/
Multi-family home for sale,"$749,000","8512-8514 Cantaloupe Ave, Panorama City, CA 91402",8512-8514 Cantaloupe Ave,PanoramaCity,CA,91402,4,3,"1,774",null,null,Multiple Occupancy,1949,Covered,null,"$761,247",null,$422,https://www.zillow.com/homedetails/8512-8514-Cantaloupe-Ave-Panorama-City-CA-91402/2077192158_zpid/
Multi-family home for sale,"$250,000","3837 Kern St, Sacramento, CA 95838",3837 Kern St,Sacramento,CA,95838,2,--,761,null,null,Multiple Occupancy,1946,"Garage, Garage - Attached, Covered",null,"$257,842","$1,550/mo",$329,https://www.zillow.com/homedetails/3837-Kern-St-Sacramento-CA-95838/26059335_zpid/
Multi-family home for sale,"$285,000","15990 Yucca St, Hesperia, CA 92345",15990 Yucca St,Hesperia,CA,92345,--,--,"1,182",null,null,Multiple Occupancy,1952,"Garage, Garage - Attached, Covered",null,"$287,878","$1,295/mo",$241,https://www.zillow.com/homedetails/15990-Yucca-St-Hesperia-CA-92345/17449249_zpid/
New construction,"$1,999,000","729 S Kern Ave, Los Angeles, CA 90022",729 S Kern Ave,LosAngeles,CA,90022,16,8,"6,034",null,null,Multiple Occupancy,2020,Covered,null,"$1,953,909",null,$331,https://www.zillow.com/homedetails/729-S-Kern-Ave-Los-Angeles-CA-90022/2077155316_zpid/
Multi-family home for sale,"$345,000","3261 35th Ave, Sacramento, CA 95824",3261 35th Ave,Sacramento,CA,95824,3,--,738,null,null,Multiple Occupancy,1954,"Garage, Garage - Detached, Covered",null,"$349,399","$1,495/mo",$467,https://www.zillow.com/homedetails/3261-35th-Ave-Sacramento-CA-95824/25818427_zpid/
New construction,"$525,990+","Autumn Plan, Sage at Harvest at Limoneira",Autumn Plan,SageatHarvestatLimoneira,null,null,3,3,"1,671",null,null,Multiple Occupancy,2021,Covered,null,null,null,$315,https://www.zillow.com/community/sage-at-harvest-at-limoneira/2081100539_zpid/
Multi-family home for sale,"$318,888","286 Avenida Carmel UNIT B, Laguna Woods, CA 92637",286 Avenida Carmel UNIT B,LagunaWoods,CA,92637,2,1,"1,100",null,null,Multiple Occupancy,1965,"Carport, Garage - Detached, Covered",$557/mo,"$311,879","$2,170/mo",$290,https://www.zillow.com/homedetails/286-Avenida-Carmel-UNIT-B-Laguna-Woods-CA-92637/2098138070_zpid/
For sale by owner,"$1,800,000","1285 Chapel Dr, Santa Clara, CA 95050",1285 Chapel Dr,SantaClara,CA,95050,4,3,"2,165",null,null,Multiple Occupancy,1951,"Garage, Off-street, Covered",null,"$1,525,681","$3,600/mo",$831,https://www.zillow.com/homedetails/1285-Chapel-Dr-Santa-Clara-CA-95050/19579604_zpid/
Multi-family home for sale,"$695,000","1500 Allison Ave, Los Angeles, CA 90026",1500 Allison Ave,LosAngeles,CA,90026,2,2,"1,034",null,null,Multiple Occupancy,1900,"None, Covered",null,"$696,299","$2,585/mo",$672,https://www.zillow.com/homedetails/1500-Allison-Ave-Los-Angeles-CA-90026/20739933_zpid/
Multi-family home for sale,"$299,900","3232 Nashville Ct, Merced, CA 95348",3232 Nashville Ct,Merced,CA,95348,5,--,"2,287",null,null,Multiple Occupancy,1980,"Garage - Attached, Covered",null,"$299,902","$1,275/mo",$131,https://www.zillow.com/homedetails/3232-Nashville-Ct-Merced-CA-95348/299948203_zpid/
Contingent,"$789,900","125-127 Holt St, Ventura, CA 93001",125-127 Holt St,Ventura,CA,93001,5,--,--,null,null,Multiple Occupancy,1930,0 spaces,null,"$789,900",null,null,https://www.zillow.com/homedetails/125-127-Holt-St-Ventura-CA-93001/2076948837_zpid/
Multi-family home for sale,"$760,000","529 N Monroe, Stockton, CA 95203",529 N Monroe,Stockton,CA,95203,2,--,"6,020",null,null,Multiple Occupancy,1908,0 spaces,null,"$769,620","$1,450/mo",$126,https://www.zillow.com/homedetails/529-N-Monroe-Stockton-CA-95203/2089996806_zpid/
Multi-family home for sale,"$850,000","1909 Landis St, Burbank, CA 91504",1909 Landis St,Burbank,CA,91504,4,2,"1,656",null,null,Multiple Occupancy,1948,Covered,null,"$864,990","$2,700/mo",$513,https://www.zillow.com/homedetails/1909-Landis-St-Burbank-CA-91504/20057956_zpid/
Multi-family home for sale,"$370,000","7450 Karlsberg Cir, Stockton, CA 95207",7450 Karlsberg Cir,Stockton,CA,95207,4,--,"2,062",null,null,Multiple Occupancy,1980,"Garage - Attached, Covered",null,"$372,669","$1,650/mo",$179,https://www.zillow.com/homedetails/7450-Karlsberg-Cir-Stockton-CA-95207/117685945_zpid/
Multi-family home for sale,"$799,999","4218 W 132nd St, Hawthorne, CA 90250",4218 W 132nd St,Hawthorne,CA,90250,3,3,"1,416",null,null,Multiple Occupancy,1948,Covered,null,"$817,403","$2,495/mo",$565,https://www.zillow.com/homedetails/4218-W-132nd-St-Hawthorne-CA-90250/20350172_zpid/
Multi-family home for sale,"$725,000","4932 Etiwanda Ave, Mira Loma, CA 91752",4932 Etiwanda Ave,MiraLoma,CA,91752,7,4,"2,000",null,null,Multiple Occupancy,1949,0 spaces,null,"$729,875",null,$363,https://www.zillow.com/homedetails/4932-Etiwanda-Ave-Mira-Loma-CA-91752/2076788165_zpid/
Multi-family home for sale,"$499,000","806 E 5th St, Beaumont, CA 92223",806 E 5th St,Beaumont,CA,92223,6,3,"2,192",null,null,Multiple Occupancy,1959,"Garage - Attached, Covered",null,"$500,489","$1,795/mo",$228,https://www.zillow.com/homedetails/806-E-5th-St-Beaumont-CA-92223/17961129_zpid/
Multi-family home for sale,"$585,000","555 Bayles Ave, Red Bluff, CA 96080",555 Bayles Ave,RedBluff,CA,96080,--,--,"1,105",null,null,Multiple Occupancy,1914,"Garage - Detached, Covered",null,"$576,088","$2,222/mo",$529,https://www.zillow.com/homedetails/555-Bayles-Ave-Red-Bluff-CA-96080/52929221_zpid/
Multi-family home for sale,"$1,100,000","10849 Carmenita Rd, Whittier, CA 90605",10849 Carmenita Rd,Whittier,CA,90605,10,6,"2,583",null,null,Multiple Occupancy,1924,Covered,null,"$1,114,252","$2,500/mo",$426,https://www.zillow.com/homedetails/10849-Carmenita-Rd-Whittier-CA-90605/21370228_zpid/
Multi-family home for sale,"$975,000","1339 N Occidental Blvd, Los Angeles, CA 90026",1339 N Occidental Blvd,LosAngeles,CA,90026,2,2,"1,440",null,null,Multiple Occupancy,1909,"Garage - Detached, Off-street, Covered",null,"$992,279","$2,650/mo",$677,https://www.zillow.com/homedetails/1339-N-Occidental-Blvd-Los-Angeles-CA-90026/20745094_zpid/
Multi-family home for sale,"$610,000","7253 Milton Ave, Whittier, CA 90602",7253 Milton Ave,Whittier,CA,90602,--,--,2,null,null,Multiple Occupancy,1919,0 spaces,null,"$620,608","$2,250/mo","$305,000",https://www.zillow.com/homedetails/7253-Milton-Ave-Whittier-CA-90602/21427725_zpid/
Multi-family home for sale,"$179,000","920 Robinson St, Oroville, CA 95965",920 Robinson St,Oroville,CA,95965,2,2,"1,416",null,null,Multiple Occupancy,1950,0 spaces,null,"$179,000","$1,525/mo",$126,https://www.zillow.com/homedetails/920-Robinson-St-Oroville-CA-95965/18225424_zpid/
Multi-family home for sale,"$2,600,000","825 Idaho Ave, Santa Monica, CA 90403",825 Idaho Ave,SantaMonica,CA,90403,8,4,"3,948",null,null,Multiple Occupancy,1937,Covered,null,"$2,544,265","$4,100/mo",$659,https://www.zillow.com/homedetails/825-Idaho-Ave-Santa-Monica-CA-90403/20479197_zpid/
Contingent,"$725,000","930 Martin Dr, Escondido, CA 92026",930 Martin Dr,Escondido,CA,92026,4,2,"2,378",null,null,Multiple Occupancy,1982,"Garage - Detached, Off-street, Covered",null,"$732,743",null,$305,https://www.zillow.com/homedetails/930-Martin-Dr-Escondido-CA-92026/16692030_zpid/
Multi-family home for sale,"$1,750,000","657 Huntley Dr, West Hollywood, CA 90069",657 Huntley Dr,WestHollywood,CA,90069,4,4,"3,630",null,null,Multiple Occupancy,1952,Covered,null,"$1,772,894","$4,500/mo",$482,https://www.zillow.com/homedetails/657-Huntley-Dr-West-Hollywood-CA-90069/20517084_zpid/
Multi-family home for sale,"$550,000","1327 E Kingsley Ave, Pomona, CA 91767",1327 E Kingsley Ave,Pomona,CA,91767,4,2,"1,568",null,null,Multiple Occupancy,1953,"Carport, Covered",null,"$570,070","$2,000/mo",$351,https://www.zillow.com/homedetails/1327-E-Kingsley-Ave-Pomona-CA-91767/21506366_zpid/
Multi-family home for sale,"$939,900","530 S West St, Anaheim, CA 92805",530 S West St,Anaheim,CA,92805,3,3,"1,932",null,null,Multiple Occupancy,1936,"Garage, Garage - Attached, Covered",null,"$935,523","$2,600/mo",$486,https://www.zillow.com/homedetails/530-S-West-St-Anaheim-CA-92805/25128312_zpid/
Multi-family home for sale,"$395,000","3303 E Grant Ave, Fresno, CA 93702",3303 E Grant Ave,Fresno,CA,93702,8,4,"3,388",null,null,Multiple Occupancy,1950,"Garage, Carport, Covered",null,"$395,070","$1,000/mo",$117,https://www.zillow.com/homedetails/3303-E-Grant-Ave-Fresno-CA-93702/82783700_zpid/
Contingent,"$699,000","670 S Gerhart Ave #672, Los Angeles, CA 90022",670 S Gerhart Ave #672,LosAngeles,CA,90022,3,2,"1,730",null,null,Multiple Occupancy,1955,Covered,null,"$714,207",null,$404,https://www.zillow.com/homedetails/670-S-Gerhart-Ave-672-Los-Angeles-CA-90022/2076980389_zpid/
New construction,"$1,433,000","1619 W Pomona St, Santa Ana, CA 92704",1619 W Pomona St,SantaAna,CA,92704,5,6,"3,897",null,null,Multiple Occupancy,2019,"Garage - Attached, Covered",null,"$1,433,007",null,$368,https://www.zillow.com/homedetails/1619-W-Pomona-St-Santa-Ana-CA-92704/299642043_zpid/
Multi-family home for sale,"$298,500","1041 5th St, Crescent City, CA 95531",1041 5th St,CrescentCity,CA,95531,--,--,"1,615",null,null,Multiple Occupancy,1852,Covered,null,"$298,364","$1,750/mo",$185,https://www.zillow.com/homedetails/1041-5th-St-Crescent-City-CA-95531/82851741_zpid/
Multi-family home for sale,"$1,199,000","3138 1st Ave, Sacramento, CA 95817",3138 1st Ave,Sacramento,CA,95817,9,5,"3,698",null,null,Multiple Occupancy,1903,"Garage, On-street, Covered",null,"$1,199,000","$2,000/mo",$324,https://www.zillow.com/homedetails/3138-1st-Ave-Sacramento-CA-95817/25791288_zpid/
Multi-family home for sale,"$7,995,000","3820 The Strand, Manhattan Beach, CA 90266",3820 The Strand,ManhattanBeach,CA,90266,7,6,"3,679",null,null,Multiple Occupancy,1938,Covered,null,"$7,687,499","$4,500/mo","$2,173",https://www.zillow.com/homedetails/3820-The-Strand-Manhattan-Beach-CA-90266/20396763_zpid/
Multi-family home for sale,"$699,000","1551 W Vernon Ave, Los Angeles, CA 90062",1551 W Vernon Ave,LosAngeles,CA,90062,2,2,"1,624",null,null,Multiple Occupancy,1919,"Garage - Attached, Covered",null,"$699,005","$2,250/mo",$430,https://www.zillow.com/homedetails/1551-W-Vernon-Ave-Los-Angeles-CA-90062/20573699_zpid/
Multi-family home for sale,"$559,900","8230 Compton Ave, Los Angeles, CA 90001",8230 Compton Ave,LosAngeles,CA,90001,3,3,"1,192",null,null,Multiple Occupancy,1923,Covered,null,"$560,647","$2,350/mo",$470,https://www.zillow.com/homedetails/8230-Compton-Ave-Los-Angeles-CA-90001/20943842_zpid/
Multi-family home for sale,"$1,800,000","2027 Delaware St, Berkeley, CA 94709",2027 Delaware St,Berkeley,CA,94709,3,5,"2,801",null,null,Multiple Occupancy,1909,"Garage - Detached, Covered",null,"$1,981,217","$2,370/mo",$643,https://www.zillow.com/homedetails/2027-Delaware-St-Berkeley-CA-94709/299074039_zpid/
Multi-family home for sale,"$740,000","1124 Goodyear St, San Diego, CA 92113",1124 Goodyear St,SanDiego,CA,92113,5,3,"1,769",null,null,Multiple Occupancy,1952,"Carport, Covered",null,"$744,077","$2,395/mo",$418,https://www.zillow.com/homedetails/1124-Goodyear-St-San-Diego-CA-92113/17091621_zpid/
Multi-family home for sale,"$1,595,000","134 13th St #ABC, Seal Beach, CA 90740",134 13th St #ABC,SealBeach,CA,90740,4,3,"1,950",null,null,Multiple Occupancy,1952,Covered,null,"$1,569,288","$3,500/mo",$818,https://www.zillow.com/homedetails/134-13th-St-ABC-Seal-Beach-CA-90740/2091478838_zpid/
Multi-family home for sale,"$979,500","260 W Santa Anita Ave, Burbank, CA 91502",260 W Santa Anita Ave,Burbank,CA,91502,4,2,"1,772",null,null,Multiple Occupancy,1939,0 spaces,null,"$1,005,649","$3,200/mo",$553,https://www.zillow.com/homedetails/260-W-Santa-Anita-Ave-Burbank-CA-91502/20052519_zpid/
Multi-family home for sale,"$2,795,000","1934 N Normandie Ave, Los Angeles, CA 90027",1934 N Normandie Ave,LosAngeles,CA,90027,10,6,"4,478",null,null,Multiple Occupancy,1924,"Garage - Detached, Covered",null,"$2,767,951","$3,800/mo",$624,https://www.zillow.com/homedetails/1934-N-Normandie-Ave-Los-Angeles-CA-90027/20809767_zpid/
Multi-family home for sale,"$825,000","16061 Devonshire St, Granada Hills, CA 91344",16061 Devonshire St,GranadaHills,CA,91344,5,3,"2,323",null,null,Multiple Occupancy,1953,"Garage, Carport, Covered",null,"$830,506","$3,150/mo",$355,https://www.zillow.com/homedetails/16061-Devonshire-St-Granada-Hills-CA-91344/20141529_zpid/
Multi-family home for sale,"$185,000","4545 E Balch Ave, Fresno, CA 93702",4545 E Balch Ave,Fresno,CA,93702,4,3,"1,036",null,null,Multiple Occupancy,1925,"Garage, Garage - Attached",null,"$185,001","$1,225/mo",$179,https://www.zillow.com/homedetails/4545-E-Balch-Ave-Fresno-CA-93702/18758167_zpid/
Multi-family home for sale,"$878,000","118 N San Marino Ave, San Gabriel, CA 91775",118 N San Marino Ave,SanGabriel,CA,91775,4,2,"1,776",null,null,Multiple Occupancy,1948,"Garage - Detached, Covered",null,"$905,755","$2,295/mo",$494,https://www.zillow.com/homedetails/118-N-San-Marino-Ave-San-Gabriel-CA-91775/20721259_zpid/
Multi-family home for sale,"$899,998","108 S Melinda Cir, Anaheim, CA 92806",108 S Melinda Cir,Anaheim,CA,92806,4,3,"2,168",null,null,Multiple Occupancy,1974,"Garage, Carport, Garage - Attached, Covered",null,"$900,003","$3,450/mo",$415,https://www.zillow.com/homedetails/108-S-Melinda-Cir-Anaheim-CA-92806/25344258_zpid/
Multi-family home for sale,"$798,000","6348 Pickering Ave, Whittier, CA 90601",6348 Pickering Ave,Whittier,CA,90601,6,3,"2,040",null,null,Multiple Occupancy,1920,"Garage - Attached, Covered",null,"$798,002","$2,250/mo",$391,https://www.zillow.com/homedetails/6348-Pickering-Ave-Whittier-CA-90601/21425892_zpid/
Multi-family home for sale,"$349,900","18530 Hatteras St UNIT 127, Los Angeles, CA 91356",18530 Hatteras St UNIT 127,LosAngeles,CA,91356,2,2,894,null,null,Multiple Occupancy,1978,"Off-street, Covered",$400/mo,"$353,347","$2,150/mo",$391,https://www.zillow.com/homedetails/18530-Hatteras-St-UNIT-127-Los-Angeles-CA-91356/19934420_zpid/
Multi-family home for sale,"$950,000","225-29 S 36th St, San Diego, CA 92113",225-29 S 36th St,SanDiego,CA,92113,6,3,"2,146",null,null,Multiple Occupancy,1918,0 spaces,null,"$950,008","$2,300/mo",$443,https://www.zillow.com/homedetails/225-29-S-36th-St-San-Diego-CA-92113/295362166_zpid/
Contingent,"$400,000","2810 Secretariat Dr, Atwater, CA 95301",2810 Secretariat Dr,Atwater,CA,95301,1,1,"2,254",null,null,Multiple Occupancy,1981,0 spaces,null,"$400,001",null,$177,https://www.zillow.com/homedetails/2810-Secretariat-Dr-Atwater-CA-95301/2077011353_zpid/
Multi-family home for sale,"$1,595,000","206 Colton St, Newport Beach, CA 92663",206 Colton St,NewportBeach,CA,92663,4,4,"1,850",null,null,Multiple Occupancy,1974,"Garage - Attached, Covered",null,"$1,553,885",null,$862,https://www.zillow.com/homedetails/206-Colton-St-Newport-Beach-CA-92663/2076778914_zpid/
Multi-family home for sale,"$779,000","321 S La Salle St, Redlands, CA 92374",321 S La Salle St,Redlands,CA,92374,6,4,"10,000",null,null,Multiple Occupancy,1979,"Garage, Garage - Attached, Covered",null,"$771,742","$2,650/mo",$78,https://www.zillow.com/homedetails/321-S-La-Salle-St-Redlands-CA-92374/17268693_zpid/
Multi-family home for sale,"$1,748,000","4375-77 Temecula St, San Diego, CA 92107",4375-77 Temecula St,SanDiego,CA,92107,4,2,--,null,null,Multiple Occupancy,No Data,0 spaces,$458/mo,null,null,null,https://www.zillow.com/homedetails/4375-77-Temecula-St-San-Diego-CA-92107/295353685_zpid/
Multi-family home for sale,"$325,000","322 Locust St, Modesto, CA 95351",322 Locust St,Modesto,CA,95351,3,--,"1,360",null,null,Multiple Occupancy,1920,Garage - Detached,null,"$333,904","$1,100/mo",$239,https://www.zillow.com/homedetails/322-Locust-St-Modesto-CA-95351/300257049_zpid/
Multi-family home for sale,"$1,899,000","2428 Manchester Ave, Cardiff By The Sea, CA 92007",2428 Manchester Ave,CardiffByTheSea,CA,92007,6,4,"2,500",null,null,Multiple Occupancy,1973,Covered,null,"$1,858,997",null,$760,https://www.zillow.com/homedetails/2428-Manchester-Ave-Cardiff-By-The-Sea-CA-92007/2077452193_zpid/
Multi-family home for sale,"$997,500","702 45th St, Oakland, CA 94609",702 45th St,Oakland,CA,94609,4,3,"1,648",null,null,Multiple Occupancy,1906,0 spaces,null,"$1,185,703","$2,595/mo",$605,https://www.zillow.com/homedetails/702-45th-St-Oakland-CA-94609/24751614_zpid/
Multi-family home for sale,"$639,900","636-638 Emory St, Imperial Beach, CA 91932",636-638 Emory St,ImperialBeach,CA,91932,4,2,"1,400",null,null,Multiple Occupancy,1957,Covered,null,"$640,048",null,$457,https://www.zillow.com/homedetails/636-638-Emory-St-Imperial-Beach-CA-91932/2077071968_zpid/
Multi-family home for sale,"$6,495,000","745 & 747 Moreno Ave, Los Angeles, CA 90049",745 & 747 Moreno Ave,LosAngeles,CA,90049,8,10,"6,126",null,null,Multiple Occupancy,2020,"Garage - Attached, Covered",null,"$6,295,153",null,"$1,060",https://www.zillow.com/homedetails/745-747-Moreno-Ave-Los-Angeles-CA-90049/2077241457_zpid/
Contingent,"$829,900","816 W 110th St, Los Angeles, CA 90044",816 W 110th St,LosAngeles,CA,90044,6,5,"2,522",null,null,Multiple Occupancy,2020,Covered,null,"$829,901",null,$329,https://www.zillow.com/homedetails/816-W-110th-St-Los-Angeles-CA-90044/20972187_zpid/
Multi-family home for sale,"$2,900,000","348 30th St, Hermosa Beach, CA 90254",348 30th St,HermosaBeach,CA,90254,4,3,"1,557",null,null,Multiple Occupancy,1924,0 spaces,null,"$2,861,318","$7,500/mo","$1,863",https://www.zillow.com/homedetails/348-30th-St-Hermosa-Beach-CA-90254/2121110656_zpid/
Multi-family home for sale,"$1,299,000","8118 Alameda St, Downey, CA 90242",8118 Alameda St,Downey,CA,90242,7,4,"4,264",null,null,Multiple Occupancy,1988,"Garage, Covered",null,"$1,292,203","$2,500/mo",$305,https://www.zillow.com/homedetails/8118-Alameda-St-Downey-CA-90242/21052907_zpid/
Multi-family home for sale,"$1,399,000","217 Pomona Ave, Long Beach, CA 90803",217 Pomona Ave,LongBeach,CA,90803,4,2,"2,299",null,null,Multiple Occupancy,1929,Covered,$292/mo,"$1,399,007","$2,995/mo",$609,https://www.zillow.com/homedetails/217-Pomona-Ave-Long-Beach-CA-90803/21220157_zpid/
Multi-family home for sale,"$1,999,000","2444-2446 Fulton St, San Francisco, CA 94118",2444-2446 Fulton St,SanFrancisco,CA,94118,7,3,"3,400",null,null,Multiple Occupancy,1900,Garage - Attached,null,"$2,135,826",null,$588,https://www.zillow.com/homedetails/2444-2446-Fulton-St-San-Francisco-CA-94118/2078886470_zpid/
Contingent,"$579,000","6525 Orange Ave, Long Beach, CA 90805",6525 Orange Ave,LongBeach,CA,90805,4,3,"1,460",null,null,Multiple Occupancy,1950,"Carport, Covered",null,"$585,000",null,$397,https://www.zillow.com/homedetails/6525-Orange-Ave-Long-Beach-CA-90805/82874040_zpid/
Multi-family home for sale,"$10,000,000","4415 Woods Ln, Mckinleyville, CA 95519",4415 Woods Ln,Mckinleyville,CA,95519,8,8,"3,300",null,null,Multiple Occupancy,1950,"Off-street, Covered",null,null,"$1,900/mo","$3,030",https://www.zillow.com/homedetails/4415-Woods-Ln-Mckinleyville-CA-95519/18843624_zpid/
Multi-family home for sale,"$759,900","106-108 18th St, National City, CA 91950",106-108 18th St,NationalCity,CA,91950,2,1,2,null,null,Multiple Occupancy,1998,Covered,null,"$759,906",null,"$379,950",https://www.zillow.com/homedetails/106-108-18th-St-National-City-CA-91950/2076798829_zpid/
Multi-family home for sale,"$549,000","135 Summit St #25, Jackson, CA 95642",135 Summit St #25,Jackson,CA,95642,3,--,"2,750",null,null,Multiple Occupancy,1890,Covered,null,"$539,137",null,$200,https://www.zillow.com/homedetails/135-Summit-St-25-Jackson-CA-95642/2077574813_zpid/
Multi-family home for sale,"$625,000","12118 S Broadway, Los Angeles, CA 90061",12118 S Broadway,LosAngeles,CA,90061,4,2,"1,627",null,null,Multiple Occupancy,1948,0 spaces,null,"$638,896","$2,250/mo",$384,https://www.zillow.com/homedetails/12118-S-Broadway-Los-Angeles-CA-90061/20990670_zpid/
Multi-family home for sale,"$759,000","727 S Saint Louis St, Los Angeles, CA 90023",727 S Saint Louis St,LosAngeles,CA,90023,4,3,"1,660",null,null,Multiple Occupancy,1924,Covered,null,"$767,774","$2,250/mo",$457,https://www.zillow.com/homedetails/727-S-Saint-Louis-St-Los-Angeles-CA-90023/20632520_zpid/
Multi-family home for sale,"$424,900","6038 Remington Ave, Carmichael, CA 95608",6038 Remington Ave,Carmichael,CA,95608,4,--,880,null,null,Multiple Occupancy,1963,Off-street,null,"$431,781","$1,425/mo",$483,https://www.zillow.com/homedetails/6038-Remington-Ave-Carmichael-CA-95608/26023329_zpid/
Multi-family home for sale,"$599,998","1644 S Mcclelland St, Santa Maria, CA 93454",1644 S Mcclelland St,SantaMaria,CA,93454,5,3,"1,698",null,null,Multiple Occupancy,1937,Covered,null,"$600,001","$2,100/mo",$353,https://www.zillow.com/homedetails/1644-S-Mcclelland-St-Santa-Maria-CA-93454/15954477_zpid/
Contingent,"$888,880","210 Fox St, Kings Beach, CA 96143",210 Fox St,KingsBeach,CA,96143,10,10,"4,069",null,null,Multiple Occupancy,No Data,0 spaces,null,"$902,046",null,$218,https://www.zillow.com/homedetails/210-Fox-St-Kings-Beach-CA-96143/188120392_zpid/
Multi-family home for sale,"$207,000","320 Pioneer St, Barstow, CA 92311",320 Pioneer St,Barstow,CA,92311,5,2,"1,710",null,null,Multiple Occupancy,1938,"Garage, Garage - Attached, Covered",null,"$207,001","$1,400/mo",$121,https://www.zillow.com/homedetails/320-Pioneer-St-Barstow-CA-92311/17271758_zpid/
Multi-family home for sale,"$595,000","2234 N Bristol St, Santa Ana, CA 92706",2234 N Bristol St,SantaAna,CA,92706,4,2,"1,884",null,null,Multiple Occupancy,1956,"Garage - Attached, Covered",null,"$606,980","$2,595/mo",$316,https://www.zillow.com/homedetails/2234-N-Bristol-St-Santa-Ana-CA-92706/25089758_zpid/
Multi-family home for sale,"$775,000","10845 Carmenita Rd, Whittier, CA 90605",10845 Carmenita Rd,Whittier,CA,90605,6,2,"1,984",null,null,Multiple Occupancy,1915,"Carport, Covered",null,"$783,533","$2,300/mo",$391,https://www.zillow.com/homedetails/10845-Carmenita-Rd-Whittier-CA-90605/21370229_zpid/
